output,parameter,increment,steps,fd,oti,rel_error,plateau_spread,weighted_fd,float32_floor_rel,weighted_error
tip_RF2,g0,1,0.02/0.01,0.0,-4.091805010488445e-10,4.091805010488445e+290,0.0,1.0257367060950472e-300,5.810910774783906e+294,4.197114593441628e-10
tip_RF2,g0,2,0.01/0.005,-0.001688416187579815,-0.001705870807728756,0.010337865910869113,0.0061778682959945696,0.000865972981821688,0.013765936357507233,8.952312568508106e-06
tip_RF2,g0,3,0.01/0.005,-0.6068779872013972,-0.6058851544521676,0.0016359676412189376,0.001517047137253494,0.21303560547459904,5.595744865521786e-05,0.000348519356983928
tip_RF2,g0,4,0.02/0.01,-1.892399787902832,-1.891945035754178,0.00024030448088241418,0.00012919768299434118,0.558324057435355,1.067563612594141e-05,0.00013416777278616617
tip_RF2,g0,5,0.01/0.005,-2.5757078941051774,-2.575509285578013,7.710832723652268e-05,5.945475715493483e-05,0.7022252505458223,1.6975933214894056e-05,5.414741441283639e-05
tip_RF2,g0,6,0.01/0.005,-2.8923094272613525,-2.891182453656197,0.0003896448957131277,1.9736100593628146e-05,0.7533727537337285,1.582341396871309e-05,0.0002935478480616905
tip_RF2,g0,7,0.01/0.005,-3.0387300711411696,-3.03694958820051,0.0005859299440805325,1.9614985003589543e-05,0.7663368167247923,1.555573045025603e-05,0.0004490196881704108
tip_RF2,g0,8,0.01/0.005,-3.1105500001173754,-3.1091162099890615,0.0004609442472423854,6.043428964935361e-06,0.764210679833403,1.5599008584487295e-05,0.0003522585165503995
tip_RF2,g0,9,0.02/0.01,-3.1567892202964196,-3.1562685442520877,0.00016493848907752978,4.57511189954695e-06,0.7583355272590462,7.859930417717298e-06,0.00012507871607991895
tip_RF2,g0,10,0.01/0.005,-3.1819669099954457,-3.181663986134992,9.520019190091903e-05,4.250725973510264e-06,0.7492333934378353,1.5910835074207377e-05,7.13271628338587e-05
tip_RF2,g0,11,0.01/0.005,-3.19449443083543,-3.1944707741942158,7.405441370017099e-06,2.152910002323061e-06,0.7385294333698287,1.6141440566131852e-05,5.469136418852216e-06
tip_RF2,g0,12,0.01/0.005,-3.2029115236722503,-3.20299764118371,2.6887258927767023e-05,2.4335525629962284e-06,0.7279863863780395,1.6375208627716907e-05,1.9573558466435796e-05
tip_RF2,g0,13,0.01/0.005,-3.206970141484187,-3.207058489774812,2.7548834796373783e-05,3.002348694450398e-06,0.7173903438083349,1.661707473199979e-05,1.9763268066089607e-05
tip_RF2,g0,14,0.01/0.005,-3.2067858255826507,-3.2070139602010777,7.114120831113402e-05,4.575270491527751e-06,0.7066329814113929,1.6870043245459425e-05,5.02707241301056e-05
tip_RF2,g0,15,0.01/0.005,-3.2063933519216685,-3.2066385812067595,7.648134778722408e-05,4.7188252240448085e-06,0.6965163779073521,1.7115073432865926e-05,5.327051133822979e-05
tip_RF2,g0,16,0.01/0.005,-3.205707440009484,-3.2059481228398714,7.507947462194867e-05,5.148910790776509e-06,0.6869565108032377,1.7353251286809027e-05,5.157633391923409e-05
tip_RF2,g0,17,0.01/0.005,-3.2024906231806827,-3.2027951214942787,9.508171901955473e-05,2.577041367569713e-06,0.6773937468984262,1.7598227042485002e-05,6.440776190819954e-05
tip_RF2,g0,18,0.01/0.005,-3.1978542988116923,-3.198132323880294,8.694113071535256e-05,3.297660295768019e-06,0.6680163070163847,1.7845266395249443e-05,5.8078093068298594e-05
tip_RF2,g0,19,0.01/0.005,-3.193161120781532,-3.19341181426282,7.85094994601769e-05,3.446094325791163e-06,0.6590733564915535,1.8087408385823437e-05,5.1743519325690594e-05
tip_RF2,g0,20,0.01/0.005,-3.187975516686073,-3.1882148850237555,7.508474780618847e-05,2.8764164913332875e-06,0.6504273437608703,1.8327841025485632e-05,4.8837173072534e-05
tip_RF2,g0,21,0.01/0.005,-3.1812805395859938,-3.1816585145832703,0.00011881221809055899,1.008864459668556e-06,0.6418475459708196,1.8572835605450906e-05,7.625933061277512e-05
tip_RF2,g0,22,0.01/0.005,-3.174296709207388,-3.174674463125509,0.00011900397244699893,2.455489912103715e-06,0.6335438013759138,1.8816266419446553e-05,7.539422908290621e-05
tip_RF2,g0,23,0.01/0.005,-3.167262444129357,-3.16765076828197,0.00012260561272180794,8.685682520608928e-07,0.6255506956428871,1.9056695225679223e-05,7.669602632784938e-05
tip_RF2,g0,24,0.01/0.005,-3.160211673149696,-3.1605296923386104,0.0001006322429654014,5.803374139542405e-07,0.6178413332456592,1.929448276381059e-05,6.21747591612447e-05
tip_RF2,g0,25,0.01/0.005,-3.152328271132249,-3.152623123183005,9.353469099525684e-05,2.4726021140822237e-06,0.6102402438880494,1.9534812845389884e-05,5.707863264493887e-05
tip_region_U,g0,1,0.02/0.01,0.0,-2.2652044245200024e-14,2.5883721744971662e+286,0.0,1.300000029057265e-297,4.5849725725479225e+291,3.364883902057333e-11
tip_region_U,g0,2,0.02/0.01,1.0746029707101675e-07,1.0563469657738574e-07,0.05726201350628024,0.06666666666666668,6.984919465741206e-05,0.08533333142598469,3.9997055278755265e-06
tip_region_U,g0,3,0.02/0.01,3.2882850903731123e-05,3.288046307313959e-05,0.00025821089514176815,0.0015250544662310003,0.014249235710112057,0.00041830064424502303,3.6793079077940824e-06
tip_region_U,g0,4,0.02/0.01,9.203616243142348e-05,9.201094155709325e-05,0.00033393125559366693,0.00023351755273618325,0.02991175345879242,0.00019926830721409987,9.988469389502762e-06
tip_region_U,g0,5,0.01/0.005,0.00012239011434408335,0.0001224044229417804,0.0002797538777432703,0.0003512058066027628,0.03182142925528543,0.00037461953262511304,8.902168229499244e-06
tip_region_U,g0,6,0.01/0.005,0.0001353999743094811,0.0001352855792692727,0.0010464040327730969,0.00021164021164033484,0.029336661756113058,0.0004063491972665938,3.0698001169696985e-05
tip_region_U,g0,7,0.02/0.01,0.00013925421696442823,0.0001389742332503499,0.0020667557463792583,0.00020578248791039864,0.025861497326146288,0.00023047638744075967,5.344939820878466e-05
tip_region_U,g0,8,0.02/0.01,0.00013827991027098434,0.00013791926741914083,0.0026404306082136193,0.00020723241114912637,0.022470485921289456,0.0002652574803418859,5.933175880800588e-05
tip_region_U,g0,9,0.02/0.01,0.00013474088448744553,0.00013436774360732335,0.0027693218843085634,0.00021267545725225633,0.019462571430369027,0.00030625267061260296,5.389812498703957e-05
tip_region_U,g0,10,0.02/0.01,0.00012912429296053373,0.00012876630009938856,0.0029754937347077318,0.000332889480692394,0.01678615783473614,0.0003550821180297066,4.9947107467072494e-05
tip_region_U,g0,11,0.02/0.01,0.00012193161707658034,0.00012160633350681598,0.002975990840740298,0.0003525264394829441,0.014410100278042123,0.0004136310200853717,4.288432644160258e-05
tip_region_U,g0,12,0.02/0.01,0.00011362135410308838,0.00011326220282543779,0.0032380942422534018,0.00037831021437576977,0.012308980302961722,0.00048423706357746674,3.985763824703089e-05
tip_region_U,g0,13,0.02/0.01,0.00010433678443615253,0.000103986521554371,0.0034468072101431373,0.000274649821477646,0.010433678826320313,0.0005712716077193228,3.596287940687864e-05
tip_region_U,g0,14,0.02/0.01,9.419253239264854e-05,9.389399048997258e-05,0.0034900524640678427,0.0006084575600851786,0.008746449399222436,0.0006814724701967579,3.052556727760096e-05
tip_region_U,g0,15,0.02/0.01,8.347515876476582e-05,8.31843697306358e-05,0.003549774032136336,0.0006865774116032331,0.0072345134721393005,0.0008238929266623521,2.5680888058540572e-05
tip_region_U,g0,16,0.01/0.005,7.221331963172325e-05,7.193507294924627e-05,0.00479128918999686,0.0015873015873016669,0.005867332351222612,0.002031745986332969,2.8112086068531762e-05
tip_region_U,g0,17,0.01/0.005,6.040701499352088e-05,6.0162450063383044e-05,0.005958470079286794,0.0018975332068311022,0.00461935992150419,0.0025806451884347525,2.7524317877739308e-05
tip_region_U,g0,18,0.01/0.005,4.802758877093975e-05,4.78867449294521e-05,0.006262788315526279,0.002386634844868784,0.0034686590511801884,0.00343675431317532,2.1723477376275752e-05
tip_region_U,g0,19,0.01/0.005,3.541891391460712e-05,3.5137779478681266e-05,0.008622987386625279,0.003236245954692623,0.0024233994035143523,0.0049190937894061934,2.0896942489259486e-05
tip_region_U,g0,20,0.01/0.005,2.223711747389573e-05,2.195761454587694e-05,0.012889184824354772,0.005154639175257762,0.0014454126142648962,0.008247422803308547,1.8630190332714056e-05
tip_region_U,g0,21,0.01/0.005,1.6505901630108172e-05,1.671726384196969e-05,0.015705232727287344,0.006944444444444484,0.0010217939423371875,0.01166666630241606,1.6047511663737957e-05
tip_region_U,g0,22,0.01/0.005,3.0289475734417254e-05,3.0476547711742955e-05,0.00852179492669988,0.0037842951750236596,0.0017898326667321414,0.006660359471951776,1.5252586938999679e-05
tip_region_U,g0,23,0.01/0.005,4.433095455169678e-05,4.4503559559810126e-05,0.006101057555395513,0.0025856496444732267,0.002505662603120083,0.004757595432136008,1.528719175603777e-05
tip_region_U,g0,24,0.01/0.005,5.86016820027278e-05,5.878463923475896e-05,0.004672094190538287,0.001955990220048911,0.0031742578460979476,0.003755501138551894,1.4830431642024797e-05
tip_region_U,g0,25,0.01/0.005,7.310165808751032e-05,7.329182595214678e-05,0.00332016322072929,0.0015680125441003387,0.0038012862205505367,0.0031360250882007056,1.262089070093694e-05
e1_ip1_S11,g0,1,0.02/0.01,0.0,-7.971517371009611e-09,7.971517371009611e+291,0.0,9.723716802089537e-301,6.129821136150545e+294,7.751277739863477e-09
e1_ip1_S11,g0,2,0.01/0.005,-0.03298245943509615,-0.03287505546094371,0.0032563967633704775,0.005782918149466193,0.016048535110703838,0.0007428048026095082,5.226039779133345e-05
e1_ip1_S11,g0,3,0.02/0.01,-2.5521351740910454,-2.557241460019717,0.002000789762434934,0.0009801836191482142,0.9877380946972965,6.034458435427373e-06,0.001976256267837338
e1_ip1_S11,g0,4,0.02/0.01,-2.609575711763822,-2.603409279860494,0.0023630017230502932,0.001807581158426248,1.016827953227126,5.861822010913669e-06,0.0024027662055214017
e1_ip1_S11,g0,5,0.01/0.005,-2.3988577035757213,-2.3957460741376018,0.00129712964361384,0.0007828746177369033,0.931359117834872,1.2799497773523359e-05,0.0012080935205936478
e1_ip1_S11,g0,6,0.01/0.005,-2.155303955078125,-2.1531428785303293,0.0010026783195493199,0.00019060585432257337,0.823551256170748,1.447502977593242e-05,0.000825756989600017
e1_ip1_S11,g0,7,0.01/0.005,-2.027247502253606,-2.028132264154983,0.0004364350679399798,1.4474712676852258e-05,0.7561754897173771,1.576476508056828e-05,0.000330021501229351
e1_ip1_S11,g0,8,0.01/0.005,-1.9786541278545673,-1.979928691941423,0.0006441570908795784,5.190567996438164e-05,0.7191648856412646,1.6576072042850752e-05,0.00046325516059742163
e1_ip1_S11,g0,9,0.01/0.005,-1.9687652587890625,-1.968691086610109,3.767446556785955e-05,5.961873816944135e-05,0.6979617079687768,1.7079631760559858e-05,2.6295334334554123e-05
e1_ip1_S11,g0,10,0.01/0.005,-1.9643930288461537,-1.9640103660985044,0.0001947994836217058,7.468929254295148e-05,0.6804978865063624,1.7517951475616623e-05,0.00013256063689710156
e1_ip1_S11,g0,11,0.01/0.005,-1.9557952880859375,-1.9558012922386665,3.069929028654143e-06,6.001410331431379e-05,0.6629726431651282,1.7981026936746395e-05,2.0352789624561916e-06
e1_ip1_S11,g0,12,0.01/0.005,-1.9519805908203125,-1.9522718114257094,0.00014919236736595615,6.0131387080806485e-05,0.648282753842689,1.8388471518665195e-05,9.671883876831218e-05
e1_ip1_S11,g0,13,0.01/0.005,-1.9529195932241585,-1.9530813402464295,8.282318577385624e-05,7.512809339917575e-05,0.6362577531754332,1.8736005802024715e-05,5.269689409130527e-05
e1_ip1_S11,g0,14,0.01/0.005,-1.9531543438251202,-1.9533283840351316,8.910724877512402e-05,7.511906371603357e-05,0.624959097999269,1.907473463982129e-05,5.568838581969797e-05
e1_ip1_S11,g0,15,0.01/0.005,-1.952362060546875,-1.9525281418088076,8.506683534206043e-05,6.0119638079813756e-05,0.6141655180409621,1.9409961329484882e-05,5.224511699596177e-05
e1_ip1_S11,g0,16,0.01/0.005,-1.950513399564303,-1.9506270549243871,5.826945875358679e-05,6.0176618374965445e-05,0.6037795833465799,1.9743842428397095e-05,3.5181909528071355e-05
e1_ip1_S11,g0,17,0.02/0.01,-1.947461641751803,-1.947682343437384,0.0001133278729857568,2.6368526526781538e-05,0.5936656049021087,1.0040104106287075e-05,6.727886026835865e-05
e1_ip1_S11,g0,18,0.01/0.005,-1.9444979154146633,-1.9445443882821345,2.3899674616652782e-05,5.281743277092708e-05,0.5841592231897089,2.040698577005389e-05,1.3961215358550692e-05
e1_ip1_S11,g0,19,0.01/0.005,-1.941358126126803,-1.9413766841959734,9.559322888832289e-06,6.0460405991661426e-05,0.5751303647082295,2.0727351026103018e-05,5.497856859417841e-06
e1_ip1_S11,g0,20,0.02/0.01,-1.9371472872220552,-1.937274488585997,6.566427074533038e-05,5.6804841287335166e-05,0.5662566272924792,1.0526083387383301e-05,3.718282848587099e-05
e1_ip1_S11,g0,21,0.01/0.005,-1.9312931941105769,-1.9314163115235279,6.374869094265731e-05,6.077549532032224e-05,0.5573395588891451,2.1388987673579433e-05,3.5529667289741066e-05
e1_ip1_S11,g0,22,0.01/0.005,-1.9243973952073317,-1.924566845483449,8.805368191589675e-05,6.099327549141258e-05,0.5485127359988571,2.1733185344128385e-05,4.829856598246161e-05
e1_ip1_S11,g0,23,0.01/0.005,-1.916973407451923,-1.9172267784898345,0.00013217243229698766,5.3575802106267664e-05,0.5399054669560795,2.207965965280339e-05,7.136061877802594e-05
e1_ip1_S11,g0,24,0.01/0.005,-1.9095494196965144,-1.9098081247928047,0.0001354796548451995,5.3784095274656225e-05,0.5316302213011382,2.2423347051080445e-05,7.202507888715525e-05
e1_ip1_S11,g0,25,0.01/0.005,-1.9020374004657452,-1.9022645645545444,0.00011943197791145814,6.171030099202901e-05,0.523641121439759,2.2765456086224383e-05,6.253949484932447e-05
root_mises,g0,1,0.02/0.01,0.0,1.8975555185612058e-08,1.8975555185612259e+292,0.0,8.216810258359634e-301,7.253988214556852e+294,1.5591853650720814e-08
root_mises,g0,2,0.01/0.005,0.07838924913969528,0.07796721432675695,0.005383835380110565,0.0055549205680205035,0.03225771728300466,0.000369552775557333,0.00017367023958984453
root_mises,g0,3,0.02/0.01,2.1733144505423576,2.1726069459512076,0.003947664986873529,0.003072127246904166,0.6988882356488095,8.528494505284804e-06,0.002758976617608621
root_mises,g0,4,0.01/0.005,2.502549193820213,2.5088641223347414,0.003699669376986439,0.004504814078024646,0.7294818674882468,1.634163847845086e-05,0.002698841726213146
root_mises,g0,5,0.01/0.005,2.8145608069880703,2.8158636363642904,0.0013235214682030029,0.0017305633946310464,0.7800304777954525,1.528264509454738e-05,0.0010323870832149272
root_mises,g0,6,0.01/0.005,2.9319812794383346,2.9319181534394083,0.0027938290528163943,0.0012828434204086893,0.7879116372938578,1.5129779014333965e-05,0.002201290423323713
root_mises,g0,7,0.01/0.005,2.8832143832802832,2.8841711287457197,0.006080727902827753,0.0012874681109156865,0.7546438294677662,1.5796761981722815e-05,0.004588783790541434
root_mises,g0,8,0.01/0.005,2.839540836225915,2.843030446793763,0.00394010187972027,0.0011622741913671446,0.7244443992712408,1.6455271056094925e-05,0.002854384739321438
root_mises,g0,9,0.01/0.005,2.82138544862856,2.8263096520275384,0.003300221794206384,0.0009523286695615103,0.7025370815661347,1.6968398206829636e-05,0.002318528187822706
root_mises,g0,10,0.01/0.005,2.812497619645499,2.8166073611060165,0.002699563931695959,0.0006086252414442099,0.6846329880357797,1.741214513966003e-05,0.0018482105209506217
root_mises,g0,11,0.01/0.005,2.8016403542093933,2.803813855687899,0.0015416245676541812,0.0003027650163145416,0.6676393739826076,1.7855341400803408e-05,0.0010292492612648458
root_mises,g0,12,0.01/0.005,2.7952085225255545,2.796897142785924,0.003151382062976552,0.00019064183116416524,0.6528971379017154,1.8258510051659403e-05,0.0020575283293521943
root_mises,g0,13,0.01/0.005,2.7925806057442495,2.79383864995631,0.0015866715356743256,0.0001852869243401293,0.6401044658965346,1.8623411630758726e-05,0.0010156355358960484
root_mises,g0,14,0.01/0.005,2.975530704643494,2.972116428420471,0.0014870286212233144,0.00019729899104754779,0.6700234992948867,1.7791807253959546e-05,0.0009963441203436956
root_mises,g0,15,0.01/0.005,3.0863137539591015,3.083716257380798,0.0018729332120156973,0.00020414318283029566,0.6833566578709179,1.7444666438487997e-05,0.0012798813801784903
root_mises,g0,16,0.01/0.005,3.148488954562531,3.146194849357405,0.0017669157677071795,0.00014442994017487332,0.6860034051278215,1.7377361199623962e-05,0.0012121102332211641
root_mises,g0,17,0.01/0.005,3.184110900644627,3.1821059929889333,0.0013408830415906833,0.0001474750159232894,0.6832069631592407,1.744848866872514e-05,0.0009161006307968965
root_mises,g0,18,0.01/0.005,3.2042974549976466,3.202490673603888,0.0011888884301924742,0.00015168009365236365,0.6775246697130272,1.7594826414405487e-05,0.0008055012409917956
root_mises,g0,19,0.01/0.005,3.2187578673057913,3.217073945292327,0.0014751403031655853,0.000283250607136065,0.6710594610847225,1.776434078704255e-05,0.0009899068568666517
root_mises,g0,20,0.01/0.005,3.2324996665084225,3.230878915389391,0.0023347511170331093,0.0003019866974894157,0.664885803545361,1.7929287843885863e-05,0.001552342872526988
root_mises,g0,21,0.01/0.005,3.2488700888530038,3.247046199114971,0.0025094661163784235,0.00016284076280329956,0.6596070024844366,1.8072775016301314e-05,0.0016552614228606322
root_mises,g0,22,0.01/0.005,3.269920280155958,3.2681150685456117,0.0018112627677377747,0.0001965542637259712,0.6556088372357664,1.8182990036162653e-05,0.0011874798770849983
root_mises,g0,23,0.01/0.005,3.295340202126996,3.293608695288243,0.0012764700729409621,0.00013350713939732972,0.6527260672274788,1.8263295360201403e-05,0.0008331852906443272
root_mises,g0,24,0.01/0.005,3.321474231960053,3.320006573627924,0.0012916622222702476,0.00012955738162415725,0.6502269895278046,1.8333488377243637e-05,0.0008398736382735771
root_mises,g0,25,0.01/0.005,3.345724838360717,3.344465456307601,0.0008685830206682085,0.00018003175462916502,0.6475727399500308,1.8408633068769987e-05,0.000562470686568186
tip_RF2,h0,1,0.02/0.01,0.0,-3.780940737432627e-24,3.7809407374326267e+276,0.0,6.312225883661829e-299,9.442730009023847e+292,2.386615198741367e-22
tip_RF2,h0,2,0.02/0.01,-1.4901161193847656e-08,-1.9323334701550078e-10,0.987032329594872,0.5,4.70317980622777e-07,12.673265159130096,4.642190520644554e-07
tip_RF2,h0,3,0.02/0.01,-5.1587820053100586e-05,-5.211772966422492e-05,0.010271990764077315,0.0006138070479491623,0.0011144090257551417,0.005348542895639376,1.1447199219961216e-05
tip_RF2,h0,4,0.02/0.01,-0.0005380697548389435,-0.0005422420314315007,0.007754155581196119,2.423201811170268e-05,0.009769192474357967,0.0006101286767748718,7.575183834882196e-05
tip_RF2,h0,5,0.02/0.01,-0.001411154866218567,-0.001416741266891231,0.00395874386744932,3.431853940296301e-05,0.023675608241547203,0.0002517554952222653,9.372566893435756e-05
tip_RF2,h0,6,0.02/0.01,-0.00240442156791687,-0.0024070990665966538,0.00111357289233741,3.563504753405471e-05,0.03854094917390294,0.00015465276816729377,4.2918156245012206e-05
tip_RF2,h0,7,0.01/0.005,-0.0033830255270004272,-0.0033822454342975566,0.00023059025024926844,1.7618739291110026e-05,0.052502438697240986,0.00022705476642372751,1.2106550477893675e-05
tip_RF2,h0,8,0.01/0.005,-0.004313193261623383,-0.004312618675986645,0.00013321583381156965,6.909572694750625e-06,0.0652110913769873,0.0001828052360933951,8.687149911547822e-06
tip_RF2,h0,9,0.01/0.005,-0.0052062347531318665,-0.0052052993961692225,0.0001796609271376625,7.155440496072379e-07,0.07696374631182822,0.00015489018565675058,1.382737801837091e-05
tip_RF2,h0,10,0.01/0.005,-0.006054043769836426,-0.006051829146448129,0.00036580894894272157,0.0,0.08772303684138026,0.0001358927983379486,3.208987190500896e-05
tip_RF2,h0,11,0.01/0.005,-0.006856366991996765,-0.006853529114692047,0.00041390393892720207,4.3466638268462995e-06,0.09754530324610769,0.00012220915367910142,4.037438523741236e-05
tip_RF2,h0,12,0.02/0.01,-0.007619529962539673,-0.007616397842641227,0.00041106471315740807,1.5156315392167217e-05,0.10657445778667361,5.592770164001131e-05,4.380899891998529e-05
tip_RF2,h0,13,0.01/0.005,-0.008341878652572632,-0.008338825134018393,0.00036604686802740345,1.429046076018106e-05,0.11483416396275692,0.00010380995118268399,4.203468606111249e-05
tip_RF2,h0,14,0.01/0.005,-0.009035304188728333,-0.00903192397028131,0.0003741123017463249,1.649215220937117e-06,0.12252179806009009,9.729639250993995e-05,4.5836911886358707e-05
tip_RF2,h0,15,0.01/0.005,-0.009699508547782898,-0.0096966078239432,0.0002990588466836723,4.608840062495871e-06,0.12966145725233025,9.193887842768236e-05,3.877640586520616e-05
tip_RF2,h0,16,0.01/0.005,-0.010339617729187012,-0.010336337672741728,0.00031723188721230597,1.4411713841009973e-06,0.13635041876839502,8.742862004206256e-05,4.3254700668086176e-05
tip_RF2,h0,17,0.01/0.005,-0.010961219668388367,-0.010958082899530177,0.0002861696921589864,1.155527158286829e-05,0.14267859777158878,8.355092593608254e-05,4.0830290401971405e-05
tip_RF2,h0,18,0.02/0.01,-0.011526927351951599,-0.011560670415408505,0.002927325073424073,0.0016669704573277538,0.1481796560853697,4.0224580316916794e-05,0.00043377002263005873
tip_RF2,h0,19,0.02/0.01,-0.012138940393924713,-0.012142659427212696,0.00030637215171136603,0.00037010644703334826,0.15418436487918494,3.865803437468861e-05,4.723779562828626e-05
tip_RF2,h0,20,0.01/0.005,-0.01271212100982666,-0.012709217507944187,0.00022840420416301186,3.751043258906383e-05,0.15960572534969267,7.468985795440376e-05,3.64546186783568e-05
tip_RF2,h0,21,0.02/0.01,-0.013270847499370575,-0.013265780984110387,0.00038177782243588695,1.066706789813287e-05,0.16476888752443145,3.6174696370728744e-05,6.290510708426102e-05
tip_RF2,h0,22,0.02/0.01,-0.01381433755159378,-0.013809544678972139,0.00034694914640251006,9.168725584897276e-06,0.16967029918863707,3.512968684585333e-05,5.8866965473356124e-05
tip_RF2,h0,23,0.01/0.005,-0.014343053102493286,-0.014339319590652207,0.000260301054064267,7.687944264481905e-05,0.17432782078781411,6.838225190451886e-05,4.537771550379465e-05
tip_RF2,h0,24,0.01/0.005,-0.014858618378639221,-0.014855575119349783,0.00020481441893772053,7.270758014130343e-05,0.17876638147123158,6.66844003719823e-05,3.661393254662919e-05
tip_RF2,h0,25,0.02/0.01,-0.015366032719612122,-0.015362310767266515,0.00024221947288036058,9.939904790258311e-06,0.183053398541172,3.256134289251367e-05,4.433909770360125e-05
tip_region_U,h0,1,0.02/0.01,0.0,-2.191352294341677e-28,2.489965374940835e+272,0.0,8.000000178813939e-296,7.450580430390375e+289,1.9919723444767198e-23
tip_region_U,h0,2,0.02/0.01,-6.899115408635013e-20,4.784935493749239e-26,184412.38259970228,0.3556905558182457,2.7596462251369053e-15,2159865428.853427,5.08912935509771e-10
tip_region_U,h0,3,0.02/0.01,3.14321368932724e-09,3.1523265792266106e-09,0.0328170902135471,0.037037037037037035,8.381903358889446e-05,0.07111110952165392,2.750696786899084e-06
tip_region_U,h0,4,0.02/0.01,3.166496753692627e-08,3.191362921327179e-08,0.011600551624724594,0.007352941176470588,0.0006332993648938693,0.009411764495513019,7.346621976356629e-06
tip_region_U,h0,5,0.02/0.01,8.824281394481659e-08,8.875828045464384e-08,0.007355063954337893,0.002638522427440633,0.0014118850020783393,0.00422163594681229,1.0384504486456674e-05
tip_region_U,h0,6,0.02/0.01,1.6135163605213165e-07,1.6165972735440546e-07,0.0038686837476612002,0.001443001443001443,0.0021513551954482914,0.002770562708635867,8.32291288007729e-06
tip_region_U,h0,7,0.02/0.01,2.4260953068733215e-07,2.4286444508073407e-07,0.0019111449202309351,0.0019193857965451055,0.0027726803389077513,0.002149712101282863,5.298993945127736e-06
tip_region_U,h0,8,0.02/0.01,3.3015385270118713e-07,3.301952752545815e-07,0.0013769490722181726,0.0014104372355430183,0.0033015386008070097,0.0018053596211421304,4.546050513273696e-06
tip_region_U,h0,9,0.02/0.01,4.23286110162735e-07,4.2354520805091895e-07,0.0009205460120788725,0.0011001100110011,0.003762543051936505,0.0015841584787903839,3.46359400173522e-06
tip_region_U,h0,10,0.02/0.01,5.220063030719757e-07,5.217657340052191e-07,0.0008487259203635513,0.0008920606601248885,0.004176050362347806,0.0014272970774682051,3.544322187268183e-06
tip_region_U,h0,11,0.02/0.01,6.249174475669861e-07,6.243731590704266e-07,0.0011332746670652326,0.0007451564828614009,0.0045448541887503,0.0013114754027296995,5.150568117616024e-06
tip_region_U,h0,12,0.02/0.01,7.315538823604584e-07,7.309809450502683e-07,0.0013511871168575128,0.0006365372374283895,0.004877025991413082,0.0012221514685452934,6.589774688176596e-06
tip_region_U,h0,13,0.02/0.01,8.414499461650848e-07,8.406661161639494e-07,0.0011099791203903833,0.0005534034311012728,0.005178153704795606,0.0011510790944693164,5.747642494495231e-06
tip_region_U,h0,14,0.02/0.01,9.546056389808655e-07,9.5320669281127e-07,0.001465470255433413,0.000975609756097561,0.005454889342380893,0.0010926829314813382,7.993978077939928e-06
tip_region_U,h0,15,0.02/0.01,1.069623976945877e-06,1.0682177980385188e-06,0.001581483389298665,0.0008707009142359599,0.00570466098369515,0.001044841138601407,9.021826587294062e-06
tip_region_U,h0,16,0.01/0.005,1.1865049600601196e-06,1.1853637683290638e-06,0.00228982582328388,0.0015698587127158557,0.005932524932902864,0.002009419107362277,1.3584448788636446e-05
tip_region_U,h0,17,0.01/0.005,1.3075768947601318e-06,1.3042746323920124e-06,0.0025254823493419745,0.0014245014245014246,0.006153302969442013,0.0019373219576995936,1.5540058039479364e-05
tip_region_U,h0,18,0.02/0.01,1.4174729585647583e-06,1.4245453363904807e-06,0.00531483240005482,0.0016425755584756898,0.006299879565508647,0.0009461235592775684,3.348280403120864e-05
tip_region_U,h0,19,0.02/0.01,1.5404075384140015e-06,1.5459128344781055e-06,0.003932906581359271,0.0015114873035066505,0.006485926558920291,0.0009189842690003106,2.55085432497905e-05
tip_region_U,h0,20,0.02/0.01,1.6642734408378601e-06,1.6682364672133837e-06,0.0027350306451219535,0.0013989927252378287,0.006657093664153014,0.0008953553574940447,1.820735517890569e-05
tip_region_U,h0,21,0.02/0.01,1.7881393432617188e-06,1.7912005684499941e-06,0.0017119612069445604,0.0010416666666666667,0.006811959615581251,0.0008749999726812045,1.1661810605148083e-05
tip_region_U,h0,22,0.02/0.01,1.9138678908348083e-06,1.9147477326452333e-06,0.0008456686196634171,0.0009732360097323601,0.006959519640746548,0.0008564476839237259,5.885447368110574e-06
tip_region_U,h0,23,0.01/0.005,2.04332172870636e-06,2.038658773879905e-06,0.0023983210301539507,0.0022789425706472195,0.007107205883963104,0.0016773017624235197,1.7045361337142614e-05
tip_region_U,h0,24,0.01/0.005,2.168118953704834e-06,2.1628736580511083e-06,0.0024192840733074676,0.002147766323024055,0.007227063340553568,0.0016494844992136217,1.7484319236585508e-05
tip_region_U,h0,25,0.01/0.005,2.291053533554077e-06,2.2872255831804625e-06,0.0026852185373573826,0.0016260162601626016,0.007331371307373047,0.0016260162601626016,1.9686334138808135e-05
e1_ip1_S11,h0,1,0.02/0.01,0.0,-1.4012900601911278e-22,1.4012900601911277e+278,0.0,5.983825724362792e-299,9.960959346244635e+292,8.385075509465555e-21
e1_ip1_S11,h0,2,0.02/0.01,0.0,-7.113506322034795e-09,7.113506322034795e+291,0.0,2.9943254007546955e-299,1.990586753208845e+293,2.1300152668497897e-07
e1_ip1_S11,h0,3,0.02/0.01,-0.0004115104675292969,-0.00041613121719198307,0.011228753646120141,0.0,0.00980089309644624,0.0006081552383935603,0.00011005181409195443
e1_ip1_S11,h0,4,0.01/0.005,-0.0015439987182617188,-0.001571892413868603,0.018065880027599977,0.0,0.03702296063857861,0.0003219874572282665,0.0006688523651631174
e1_ip1_S11,h0,5,0.01/0.005,-0.0026702880859375,-0.0026821095825516833,0.0044270491548978235,0.0,0.06379952366819919,0.0001868498112474169,0.00028244362733818493
e1_ip1_S11,h0,6,0.02/0.01,-0.003442049026489258,-0.0034395516756245137,0.0007255419215487786,3.463323405139572e-05,0.08093675619698494,7.3643481127813e-05,5.872300961508547e-05
e1_ip1_S11,h0,7,0.02/0.01,-0.004134654998779297,-0.004135502671183907,0.00020501647776188212,5.766347595433053e-05,0.09490776237355437,6.28027078973671e-05,1.94576551540878e-05
e1_ip1_S11,h0,8,0.01/0.005,-0.004832744598388672,-0.004838236834349571,0.001136463110988866,0.0,0.108093372623079,0.00011028362484947472,0.00012284413052850306
e1_ip1_S11,h0,9,0.01/0.005,-0.005537986755371094,-0.005540563158411502,0.0004652237634749438,0.0,0.12081926991413967,9.866744736621686e-05,5.6207995449751104e-05
e1_ip1_S11,h0,10,0.01/0.005,-0.006223201751708984,-0.006221623293617723,0.00025364083541530363,0.0,0.13266577911081703,8.985684955817019e-05,3.364945904468977e-05
e1_ip1_S11,h0,11,0.02/0.01,-0.006850242614746094,-0.006848129101142257,0.0003085312043237051,5.220659891410274e-05,0.14289755580126676,4.1711451564843516e-05,4.408835498627869e-05
e1_ip1_S11,h0,12,0.01/0.005,-0.007437229156494141,-0.007435118706969231,0.0002837682530014733,0.0,0.15200111410959577,7.842658933725251e-05,4.313309060515758e-05
e1_ip1_S11,h0,13,0.02/0.01,-0.007997751235961914,-0.007995695128771524,0.0002570856644234234,1.4905351021016545e-05,0.16034789063054938,3.7172079121840836e-05,4.122314400164921e-05
e1_ip1_S11,h0,14,0.02/0.01,-0.008541345596313477,-0.00853929324194569,0.0002402846652957798,2.7913468248429866e-05,0.168185271298687,3.543987194308849e-05,4.0412341621684925e-05
e1_ip1_S11,h0,15,0.01/0.005,-0.009058952331542969,-0.009057482303497842,0.00016227351589083208,0.0,0.1753677294577539,6.797675371596733e-05,2.8457538032901965e-05
e1_ip1_S11,h0,16,0.01/0.005,-0.009552001953125,-0.009550556858078804,0.00015128713889375409,0.0,0.18195773515666513,6.551482378484342e-05,2.7527865151439322e-05
e1_ip1_S11,h0,17,0.01/0.005,-0.010028362274169922,-0.010026983561638966,0.00013748132479288885,2.3774428225001188e-05,0.18812634798463465,6.336661016803332e-05,2.5863859549375587e-05
e1_ip1_S11,h0,18,0.02/0.01,-0.010456085205078125,-0.01048616554885705,0.002876826574090714,0.001436519518423933,0.19330340515654992,3.0834761926267585e-05,0.0005561003728165868
e1_ip1_S11,h0,19,0.02/0.01,-0.010915040969848633,-0.010925996650897166,0.0010037233097701752,0.0006116074353989646,0.19899063790797514,2.9953491984359227e-05,0.0001997315416942713
e1_ip1_S11,h0,20,0.02/0.01,-0.011348485946655273,-0.011350378754577697,0.00016678946701089567,0.00018907960251265783,0.2041433390832056,2.919744775561681e-05,3.404895871951241e-05
e1_ip1_S11,h0,21,0.01/0.005,-0.01176595687866211,-0.011763960036364407,0.000169713548867754,2.0263424518743667e-05,0.2089515257017998,5.7051169715270686e-05,3.546190496818416e-05
e1_ip1_S11,h0,22,0.02/0.01,-0.012167930603027344,-0.012165439366100123,0.00020473793026082714,9.797006034955717e-06,0.21342992630821178,2.792703244872803e-05,4.3697201368064135e-05
e1_ip1_S11,h0,23,0.01/0.005,-0.012557029724121094,-0.012554400353045322,0.0002093943499011159,3.79737221842485e-05,0.21763823424598028,5.477405657318827e-05,4.557221657356382e-05
e1_ip1_S11,h0,24,0.01/0.005,-0.012933731079101562,-0.012931222618859395,0.0001939471469466773,0.0,0.22158952166841453,5.3797349555709336e-05,4.297665552086793e-05
e1_ip1_S11,h0,25,0.01/0.005,-0.013301372528076172,-0.013298773202128324,0.0001954178745359511,1.7924359204158452e-05,0.22535011466641072,5.289959125481192e-05,4.4037440434542846e-05
root_mises,h0,1,0.02/0.01,0.0,3.669373775354036e-22,3.669373775354053e+278,0.0,5.056498620529005e-299,1.1787730848654885e+293,1.855418343328308e-20
root_mises,h0,2,0.02/0.01,-9.596279326729018e-11,6.94187842301367e-10,193.73810063682546,2.085587998463596,2.4301139712801444e-09,2452.7510017973304,4.708056651268282e-07
root_mises,h0,3,0.02/0.01,0.00043766791140398276,0.0004375769391077147,0.012330998949602868,0.0004929518921066824,0.008661168816629589,0.0006881824617128892,0.00010680086358019257
root_mises,h0,4,0.02/0.01,0.0014913273322516574,0.0014659995380034033,0.0202805305595234,8.218613052829595e-05,0.026751706436685913,0.0002228068886613225,0.0005425387999086075
root_mises,h0,5,0.02/0.01,0.002950257796758393,0.0029540676738398237,0.010381234498596705,6.0466698868529196e-05,0.05031616558732714,0.00011846022859580327,0.0005223439140322649
root_mises,h0,6,0.02/0.01,0.004527916814729416,0.004530926405408035,0.0037812901063199273,5.514482476266805e-05,0.07487923454655095,7.960103376635827e-05,0.0002831401087596824
root_mises,h0,7,0.02/0.01,0.005762498308443664,0.005751458056382005,0.004859579565135315,6.949377333543758e-05,0.092815933088764,6.42181172906898e-05,0.00045104641175712425
root_mises,h0,8,0.01/0.005,0.0068421053340541604,0.006825793871248628,0.005409891112366883,4.3510350133169665e-05,0.10742202401703989,0.0001109728574206269,0.0005811414530022459
root_mises,h0,9,0.01/0.005,0.007860690650529634,0.007848993664152428,0.003184323067275401,3.898673685636209e-05,0.1204520429199158,9.896825878664357e-05,0.0003835582187703346
root_mises,h0,10,0.02/0.01,0.008840290645983462,0.0088377443212057,0.004139965564230628,3.4331355025430746e-05,0.13242769991042344,4.500919733236197e-05,0.0005482461173794205
root_mises,h0,11,0.02/0.01,0.00976066836071432,0.009761864107819406,0.003314256204639431,4.416280355251021e-05,0.14313826495270873,4.164130730177799e-05,0.0004743968827408378
root_mises,h0,12,0.01/0.005,0.010633838630197623,0.01063736913343701,0.002460690634868048,4.763231241619598e-05,0.15285063709482166,7.799070505465357e-05,0.00037611813123284235
root_mises,h0,13,0.02/0.01,0.01147008434420771,0.011474677360578478,0.0024793257824812284,3.993806907628295e-05,0.16179250002303985,3.684017786170725e-05,0.00040113631671921744
root_mises,h0,14,0.01/0.005,0.012276376372216014,0.012283397234039869,0.0022247633027934763,3.040204382422337e-05,0.17011492887611437,7.007573664366342e-05,0.00037846545102090154
root_mises,h0,15,0.02/0.01,0.013045364800414738,0.013053729427897696,0.002324706180092968,3.4980230457114316e-05,0.17775024937924375,3.353280514854275e-05,0.0004132171032449942
root_mises,h0,16,0.01/0.005,0.013777728025761604,0.013787488401349595,0.0023471402246335775,3.207455905272717e-05,0.18473464039412973,6.453001413078201e-05,0.00043359810535228087
root_mises,h0,17,0.01/0.005,0.01448631641907383,0.01449795464599411,0.0023156228449047874,3.3136864678185866e-05,0.19127961995072446,6.232200251207669e-05,0.0004429314577226031
root_mises,h0,18,0.02/0.01,0.015300410453215285,0.015185477091279737,0.007511782921581019,0.00390590055467714,0.19908658840204188,2.993905579165538e-05,0.001495495234674288
root_mises,h0,19,0.02/0.01,0.015867327457843583,0.015846664987838537,0.002042411711312298,0.0009818468168172087,0.20357437728711839,2.9279050521827257e-05,0.00041578269229431894
root_mises,h0,20,0.02/0.01,0.01648240497609832,0.016486230766240045,0.0012734795847362155,0.0005680330764098016,0.20862953336914863,2.856961035805333e-05,0.00026568545151865383
root_mises,h0,21,0.02/0.01,0.017097065236857834,0.017110103260315385,0.0010142384013452624,0.00043582556360047514,0.2136097714209608,2.79035197589008e-05,0.0002166512330777222
root_mises,h0,22,0.02/0.01,0.017700250647678217,0.01771645876840488,0.0009419147096114187,0.0003197688756850547,0.21839047112280938,2.7292694808956493e-05,0.00020570519718954194
root_mises,h0,23,0.01/0.005,0.01828589851511886,0.018304515334397826,0.0017122135314769512,0.0014450675614397887,0.22289156839925056,5.348308615122207e-05,0.0003816379594653172
root_mises,h0,24,0.01/0.005,0.01885629096259045,0.01887472147335716,0.0015450466738449002,0.0010078042327206934,0.22716269389405266,5.247749421671313e-05,0.0003509769646226533
root_mises,h0,25,0.01/0.005,0.01941254613571708,0.019431042902091723,0.00148568675329159,0.0007293869556793102,0.23122110565382878,5.155640494568635e-05,0.0003435221337513286
tip_RF2,q,1,0.02/0.01,0.0,-1.3684839513947344e-21,1.3684839513947343e+279,0.0,1.10463952964082e-301,5.395845719442199e+295,1.5116814683896902e-22
tip_RF2,q,2,0.01/0.005,0.0,-6.997158675486347e-08,6.997158675486347e+292,0.0,5.5234384447145e-302,2.1582441941550966e+296,3.8648375231948885e-09
tip_RF2,q,3,0.02/0.01,-0.023118087223597938,-0.023267514104176493,0.006463635124017837,0.0001841620626151227,0.0008739516189847516,0.00682013094095894,5.648904381162094e-06
tip_RF2,q,4,0.02/0.01,-0.26118968214307514,-0.2626943533804525,0.005760837200885755,2.852555482204129e-05,0.008298778076436782,0.0007182339885028335,4.780790946463214e-05
tip_RF2,q,5,0.01/0.005,-0.6941769804273333,-0.6965599246628622,0.0034327618211452914,1.2266251249555802e-05,0.020381433396564085,0.0005848915884928763,6.996460642394079e-05
tip_RF2,q,6,0.02/0.01,-1.1876140322004047,-1.188573436770654,0.0008078420633609846,1.6132038946353623e-05,0.03331387563728441,0.0001789183745066334,2.6912350033375077e-05
tip_RF2,q,7,0.02/0.01,-1.6739879335675922,-1.6730966563288407,0.0005324275168770197,1.5259875682860487e-05,0.04546367867491838,0.0001311038756929135,2.4206113544981507e-05
tip_RF2,q,8,0.01/0.005,-2.135251249585833,-2.13402896433655,0.0005724315813046458,9.969493350318223e-06,0.056494944193627716,0.00021100877477143754,3.233949024047603e-05
tip_RF2,q,9,0.02/0.01,-2.5765172072819302,-2.5751266195477727,0.000539716067188448,2.4373115214681212e-05,0.06665512519052882,8.942244816886186e-05,3.597484202578587e-05
tip_RF2,q,10,0.02/0.01,-2.9950354780469626,-2.9931413345430884,0.0006324277350829027,1.101670701393891e-05,0.07594656245454326,7.848234712540958e-05,4.8030712480459016e-05
tip_RF2,q,11,0.01/0.005,-3.389767238071987,-3.387803801142853,0.000579224705189757,7.535870744801132e-06,0.08439568341739598,0.00014125045822688292,4.888406484672925e-05
tip_RF2,q,12,0.01/0.005,-3.7646208490644186,-3.7625228255202257,0.0005573000916451845,1.0178255175659608e-05,0.09214764539734258,0.00012936770010427105,5.1353891224826985e-05
tip_RF2,q,13,0.02/0.01,-4.118468080248152,-4.1163713901594665,0.000509094655544664,4.651884012871234e-06,0.09921583642903975,6.0075736818507314e-05,5.051025207141772e-05
tip_RF2,q,14,0.01/0.005,-4.456792558942523,-4.454698568913627,0.00046984238130941893,2.8658331549863562e-06,0.10576234030077666,0.00011271430758033806,4.9691629819774034e-05
tip_RF2,q,15,0.01/0.005,-4.780003002711705,-4.7781113283971015,0.0003957475159598533,1.2469583124022473e-05,0.11182203365361439,0.00010660626144579878,4.425329204799701e-05
tip_RF2,q,16,0.01/0.005,-5.090619836534773,-5.088513311139529,0.000413805285581504,7.527034599194266e-06,0.11747912623017111,0.00010147274105292571,4.861348337954151e-05
tip_RF2,q,17,0.01/0.005,-5.391580717904228,-5.389479110729281,0.0003897942523548774,3.9482619749844355e-06,0.1228157631889726,9.706350915831367e-05,4.7872878589639245e-05
tip_RF2,q,18,0.01/0.005,-5.682459899357387,-5.680513323263969,0.00034255870307833776,2.322615834843298e-05,0.12783490550588586,9.325253464930402e-05,4.379095943823812e-05
tip_RF2,q,19,0.01/0.005,-5.963010447365898,-5.960971467802426,0.00034193794920694395,1.8563499305211622e-05,0.13254494711470824,8.993876578909799e-05,4.532214739414618e-05
tip_RF2,q,20,0.01/0.005,-6.235395159040179,-6.233368239190321,0.0003250667837657115,6.1451232302859046e-06,0.13700375737885975,8.701169357065804e-05,4.453537077496381e-05
tip_RF2,q,21,0.01/0.005,-6.502934864589147,-6.500304394480612,0.0004045050678362151,1.0475207801876235e-05,0.14129409224488274,8.436962059544189e-05,5.715417636837273e-05
tip_RF2,q,22,0.01/0.005,-6.762913295200893,-6.760470661982166,0.0003611806202603325,1.4479250604426376e-05,0.14536090900642093,8.200918002343775e-05,5.250154327654486e-05
tip_RF2,q,23,0.01/0.005,-7.016088281358992,-7.013363572848516,0.0003883515145775826,2.184537600143427e-05,0.14923070427594898,7.988254838652118e-05,5.795397002704411e-05
tip_RF2,q,24,0.01/0.005,-7.2617956570216595,-7.259288975702572,0.00034518753177307073,2.169250811118676e-05,0.15289366575947225,7.796875623239862e-05,5.2776987107249087e-05
tip_RF2,q,25,0.01/0.005,-7.502666541508266,-7.500254931075761,0.0003214337754667318,1.134923057899746e-05,0.15641187994379527,7.621498417742802e-05,5.02760610981833e-05
tip_region_U,q,1,0.02/0.01,0.0,-7.898246259610897e-26,8.979055572150562e+274,0.0,1.4000000312924391e-298,4.2574745316516425e+292,1.2570678081987336e-23
tip_region_U,q,2,0.01/0.005,1.416644878983977e-16,1.718015396937324e-23,32400.93506286247,0.5827375455964259,9.916514374539208e-15,1202128944.1868083,3.2130433829938714e-10
tip_region_U,q,3,0.02/0.01,1.396983861923218e-06,1.389974468216566e-06,0.04006061828128501,0.0476190476190477,6.519258168025126e-05,0.0914285693849836,2.6116551294640395e-06
tip_region_U,q,4,0.02/0.01,1.516725335802351e-05,1.5270853733960897e-05,0.009330442452634645,0.008771929824561419,0.0005308538793963317,0.011228069924471671,4.953101572465325e-06
tip_region_U,q,5,0.02/0.01,4.270779235022409e-05,4.2882510905578464e-05,0.007802774225634051,0.003115264797507833,0.0011958181679871953,0.004984423750286162,9.330699179715417e-06
tip_region_U,q,6,0.02/0.01,7.783195802143643e-05,7.801668775189857e-05,0.0028330007445908937,0.0017094017094017341,0.0018160790610927135,0.003282051208691719,5.144953332311588e-06
tip_region_U,q,7,0.02/0.01,0.0001168144600731986,0.00011683160168375544,0.0016771489407353217,0.0022779043280182275,0.00233628919151728,0.0025512528582423044,3.918304942804587e-06
tip_region_U,q,8,0.02/0.01,0.00015819179160254343,0.0001580959949774705,0.0015860175000479621,0.0016820857863751296,0.0027683564149220976,0.0021530697584352743,4.390661720436484e-06
tip_region_U,q,9,0.02/0.01,0.00020196395260947092,0.00020178748990811604,0.0010362267451411264,0.0013175230566535106,0.003141661360197808,0.0018972332769703019,3.2554735256134183e-06
tip_region_U,q,10,0.02/0.01,0.0002477318048477173,0.000247530980662328,0.0014921590371133543,0.0010741138560687589,0.003468245216187161,0.0017185821953188596,5.175173442258831e-06
tip_region_U,q,11,0.02/0.01,0.0002950962100710188,0.0002950523550287134,0.0014624959232182849,0.0009017132551848642,0.003755769966709451,0.0015870153205259302,5.492798264858246e-06
tip_region_U,q,12,0.02/0.01,0.0003445893526077271,0.00034415244491217966,0.0016432048806486448,0.0007722007722007834,0.004020209203615494,0.0014826254494862206,6.606027384609581e-06
tip_region_U,q,13,0.02/0.01,0.00039488077163696294,0.0003943929334209314,0.0017571654644064968,0.0006738544474394314,0.004252562312073426,0.0014016171992628401,7.472455630012066e-06
tip_region_U,q,14,0.02/0.01,0.0004462365593229022,0.00044567151697560173,0.0018055855908451102,0.0011926058437686515,0.004462365574230614,0.0013357185507076584,8.057182981914063e-06
tip_region_U,q,15,0.02/0.01,0.000498390623501369,0.0004977679247362779,0.0018012085832547343,0.0010678056593700102,0.004651645634506319,0.0012813668421609353,8.378584043132198e-06
tip_region_U,q,16,0.01/0.005,0.0005513429641723634,0.0005498138347258501,0.002773463244985307,0.0019305019305019583,0.004824251044338593,0.0024710424158103676,1.337988295605507e-05
tip_region_U,q,17,0.01/0.005,0.0006045613970075335,0.0006037857083552667,0.0026582557674517913,0.0017605633802817158,0.0049787408641639086,0.0023943662223681597,1.3234766616811624e-05
tip_region_U,q,18,0.01/0.005,0.0006588441984994071,0.000657429097650697,0.0029663277752427584,0.0016155088852988924,0.005124343562483381,0.0023263328872705318,1.5200482639280878e-05
tip_region_U,q,19,0.01/0.005,0.0007131269999912808,0.0007113334356299994,0.0026082042190634838,0.0014925373134328573,0.005254620065872545,0.0022686566879500203,1.3705122225384414e-05
tip_region_U,q,20,0.01/0.005,0.0007674098014831544,0.0007654329586983423,0.0026582633161039123,0.001386962552011045,0.005371868530335002,0.0022191401162855173,1.4279841053122573e-05
tip_region_U,q,21,0.01/0.005,0.0008206282343183246,0.0008187099321441067,0.002337601966396478,0.0012970168612192144,0.005470855066263693,0.002178988258817007,1.2788681560768142e-05
tip_region_U,q,22,0.01/0.005,0.0008749110358101981,0.0008728208358073973,0.0025276087958522988,0.0012165450121654677,0.005567615712597238,0.002141119209809315,1.4072754447086242e-05
tip_region_U,q,23,0.01/0.005,0.0009291938373020718,0.0009277322395429365,0.002487264490687657,0.0011454753722795125,0.005655962385323419,0.0021076747232286384,1.4067874401679998e-05
tip_region_U,q,24,0.01/0.005,0.0009834766387939453,0.0009806679355502512,0.0029439627989060794,0.001082251082251098,0.00573694718786211,0.0020779220314769004,1.6889359100354897e-05
tip_region_U,q,25,0.01/0.005,0.001037759440285819,0.0010352914476321035,0.00237819340196662,0.001025641025641145,0.005811452865600586,0.0020512820512820513,1.382075886081132e-05
e1_ip1_S11,q,1,0.02/0.01,0.0,-4.9840216740593724e-20,4.984021674059373e+280,0.0,1.0471695017634884e-301,5.691976769282649e+295,5.219115493203181e-21
e1_ip1_S11,q,2,0.02/0.01,0.0,-2.5310407105629488e-06,2.5310407105629488e+294,0.0,5.240069451320716e-302,1.1374781446907687e+296,1.3262829107469985e-07
e1_ip1_S11,q,3,0.02/0.01,-0.1841953822544643,-0.18549059049868888,0.007031708549757552,0.0,0.007677176979371561,0.000776387530671069,5.398367100384887e-05
e1_ip1_S11,q,4,0.02/0.01,-0.6911414010184153,-0.699776036784455,0.012493298409437442,9.856100926466601e-05,0.0290020814267309,0.0002055185070974033,0.00036233165775895236
e1_ip1_S11,q,5,0.02/0.01,-1.197678702218192,-1.2011237216980888,0.0028764137439501003,5.687635081338478e-05,0.05007692969349455,0.00011902615663582468,0.00014404196882519062
e1_ip1_S11,q,6,0.02/0.01,-1.53282710484096,-1.530549915518791,0.0014856139449630945,4.4440494178191784e-05,0.06307539266968744,9.449746129608358e-05,9.370568293411061e-05
e1_ip1_S11,q,7,0.02/0.01,-1.834051949637277,-1.8322332702532804,0.0009916182496118356,3.7141583717043216e-05,0.07367364185634812,8.090362207369932e-05,7.305612778012119e-05
e1_ip1_S11,q,8,0.02/0.01,-2.1386827741350447,-2.1385988338133908,3.924860791375597e-05,0.0,0.08371237116117879,7.120171600518705e-05,3.2855940332359184e-06
e1_ip1_S11,q,9,0.01/0.005,-2.447128295898438,-2.4460444615346897,0.0004429005073272388,0.0,0.09342843663672194,0.00012759422488712197,4.1379501985194926e-05
e1_ip1_S11,q,10,0.01/0.005,-2.7430398123604913,-2.7406576378731,0.0008684432783866808,0.0,0.1023328785770129,0.00011649168010168662,8.88703005581672e-05
e1_ip1_S11,q,11,0.02/0.01,-3.0092511858258932,-3.006953073952371,0.0007636823022108123,2.2636725823997898e-05,0.10985386372471044,5.42581232506829e-05,8.389345155603972e-05
e1_ip1_S11,q,12,0.02/0.01,-3.2559803553989957,-3.2539422114839844,0.0006259693525581688,2.092137746351168e-05,0.11645427409454474,5.1182874341735114e-05,7.28968065575937e-05
e1_ip1_S11,q,13,0.02/0.01,-3.489221845354353,-3.487392243416908,0.0005243581573585133,3.9045722541131984e-05,0.12242271059588614,4.8687571517791226e-05,6.41933469468934e-05
e1_ip1_S11,q,14,0.01/0.005,-3.713607788085938,-3.7118032061517074,0.0004859376749531789,0.0,0.12796633984813985,9.315675488745653e-05,6.21836656580734e-05
e1_ip1_S11,q,15,0.02/0.01,-3.9254597255161836,-3.9239852470674985,0.0003756193036705279,1.7353278034123693e-05,0.1329842717356107,4.482082279165471e-05,4.995145954846235e-05
e1_ip1_S11,q,16,0.01/0.005,-4.1255950927734375,-4.124027140158572,0.0003800548962287267,3.3022917904841555e-05,0.13753105371441027,8.667808929779958e-05,5.226935034765764e-05
e1_ip1_S11,q,17,0.01/0.005,-4.31687491280692,-4.315417613974775,0.00033758189930907804,0.0,0.14171868818033223,8.411684519623233e-05,4.7841663923507546e-05
e1_ip1_S11,q,18,0.01/0.005,-4.499162946428572,-4.497709503032327,0.0003230475120707728,3.028100775196618e-05,0.1455593682025243,8.189736670532892e-05,4.702259175641903e-05
e1_ip1_S11,q,19,0.01/0.005,-4.671369280133929,-4.670121193112811,0.00026717798278666597,5.832944470374074e-05,0.14903542938312075,7.998721515025372e-05,3.981898538632681e-05
e1_ip1_S11,q,20,0.01/0.005,-4.836218697684152,-4.8349269416138405,0.0002671004251585985,0.0,0.15224438015033157,7.830127419683388e-05,4.066453866616085e-05
e1_ip1_S11,q,21,0.01/0.005,-4.996708461216518,-4.9947820981878275,0.00038552640075818203,0.0,0.15528887855398602,7.676614749287295e-05,5.986796242669267e-05
e1_ip1_S11,q,22,0.01/0.005,-5.151203700474331,-5.149363929949165,0.00035715351831192563,2.6448029621817807e-05,0.15811947475729854,7.539190838684389e-05,5.647292672320289e-05
e1_ip1_S11,q,23,0.01/0.005,-5.30106680733817,-5.298520846843833,0.00048027323308067865,0.0,0.16078650593360472,7.414135213561244e-05,7.722145504047806e-05
e1_ip1_S11,q,24,0.01/0.005,-5.444662911551339,-5.4421335170296,0.0004645640258781473,0.0,0.16324295170248707,7.302568858718147e-05,7.583680283913934e-05
e1_ip1_S11,q,25,0.01/0.005,-5.5836268833705365,-5.581113263828214,0.00045017684648825015,0.0,0.16554488437870907,7.201025268655955e-05,7.452447400186923e-05
root_mises,q,1,0.02/0.01,0.0,1.2914683900413174e-19,1.291468390041324e+281,0.0,8.848872585925759e-302,6.735846199231364e+295,1.1428039232226345e-20
root_mises,q,2,0.01/0.005,1.4294597251916588e-09,8.919067087638304e-07,4580.364406806103,0.5,6.334812045139296e-11,188181.25731488844,2.9015747615362605e-07
root_mises,q,3,0.02/0.01,0.20223458400917393,0.20249742286947242,0.0034471728764018956,0.00040742414899306564,0.007003663502150584,0.0008510495222548612,2.4142838860059405e-05
root_mises,q,4,0.02/0.01,0.7824732125032747,0.7770544959295441,0.009915268920425217,0.0001656963887654033,0.024563261961238064,0.00024265769289701607,0.00024355134790852672
root_mises,q,5,0.02/0.01,1.5566482125561572,1.5604696140921432,0.0069076208059299,7.463584111617688e-05,0.04645966745446472,0.00012829330910258738,0.00032092576554504474
root_mises,q,6,0.02/0.01,2.389276386116635,2.3917940894986005,0.0030278094249949214,4.284369675702343e-05,0.06914605323103651,8.620108016322301e-05,0.0002093610716741329
root_mises,q,7,0.02/0.01,3.0464461901623507,3.044585208624557,0.003453313580679778,4.780633962141584e-05,0.08587036014015653,6.941236146920155e-05,0.000296537280849866
root_mises,q,8,0.02/0.01,3.6268421112750007,3.6227491539563053,0.003395905051681318,3.2188654848476223e-05,0.09964838706552771,5.981496191824485e-05,0.00033839646102772086
root_mises,q,9,0.02/0.01,4.176645446284155,4.17344046965509,0.0030274485192386927,2.6202069849706566e-05,0.11200028383200504,5.321829796859683e-05,0.00033907509344151694
root_mises,q,10,0.02/0.01,4.69926731185336,4.698530443676026,0.004787655985424758,3.487310530732964e-05,0.12319142842860221,4.8383759759661814e-05,0.0005897981796692232
root_mises,q,11,0.02/0.01,5.184428261212761,5.1844153332478715,0.0023437369475977797,2.2098064985752888e-05,0.1330500707175016,4.4798656967230116e-05,0.0003118343666211059
root_mises,q,12,0.02/0.01,5.641439968655452,5.642281954651638,0.002448413033487766,1.9540193414276476e-05,0.14190745372623872,4.2002476409996856e-05,0.00034744805925238494
root_mises,q,13,0.02/0.01,6.076164721442266,6.077563902840183,0.002363702930159765,2.015587926999322e-05,0.14998898350108278,3.97393484401875e-05,0.00035452939979319396
root_mises,q,14,0.02/0.01,6.492821053948107,6.495404813000547,0.00201520319148823,2.3214372193150305e-05,0.15745038088117022,3.7856145181620745e-05,0.00031729451005277164
root_mises,q,15,0.01/0.005,6.889481911282454,6.892569674947715,0.0021071602257938167,2.6178723635289378e-05,0.16427769606138545,7.256571793302753e-05,0.00034615942712559695
root_mises,q,16,0.01/0.005,7.2663722425976935,7.270025531426146,0.002168530790520962,3.323746523414573e-05,0.17050080072842377,6.991714352160702e-05,0.00036973623618806586
root_mises,q,17,0.01/0.005,7.628742567280967,7.633464898716729,0.002155413138838356,3.6514956531529625e-05,0.17627947224994034,6.762516816578546e-05,0.00037995509059501274
root_mises,q,18,0.01/0.005,7.9780601700970735,7.982969163151586,0.0020132592064682473,2.4414361594034e-05,0.1816662615573729,6.56199387430743e-05,0.00036574127358504963
root_mises,q,19,0.01/0.005,8.312265694409556,8.31743916824532,0.0017379520472144165,2.72249301112912e-05,0.18662799736694452,6.387535162604471e-05,0.00032435051009140797
root_mises,q,20,0.01/0.005,8.63458408534815,8.639802495333946,0.00140676349499172,3.396155931874925e-05,0.19126463580749012,6.23268849714417e-05,0.00026906410753686327
root_mises,q,21,0.01/0.005,8.947460644764911,8.953519915293933,0.0014855770083277793,2.2937269403003687e-05,0.19563087255820089,6.09358267393691e-05,0.00029062472639156513
root_mises,q,22,0.01/0.005,9.25163392733148,9.25815787443285,0.0015278579398307626,3.373636623177173e-05,0.19976102494027434,5.967595009408022e-05,0.0003052064680237291
root_mises,q,23,0.01/0.005,9.546368689640873,9.553481169990047,0.0015057527770815128,2.8864066971973255e-05,0.2036355448427366,5.854051150197971e-05,0.0003066247871594576
root_mises,q,24,0.01/0.005,9.832157055270281,9.839435959835688,0.001371540707283415,3.0393717102213604e-05,0.20728486603317198,5.750988571047154e-05,0.00028429963176828467
root_mises,q,25,0.01/0.005,10.11032739019007,10.11746996330015,0.0012265573692103928,2.7926664531580652e-05,0.21074061369087235,5.6566832307722593e-05,0.00025848545271446013
tip_RF2,gd0,1,0.02/0.01,0.0,2.6596732568199586e-07,2.6596732568199585e+293,0.0,7.890282354577286e-305,7.554184007219078e+298,2.098557296722762e-11
tip_RF2,gd0,2,0.02/0.01,1.0892748832702637,1.108828539202469,0.01795107574086407,0.006839945280437756,4.2975305479406244e-05,0.13869510434068505,7.714529636475921e-07
tip_RF2,gd0,3,0.02/0.01,396.1443901062011,397.20715353881076,0.0026827678471597937,9.027715085311909e-05,0.010696974677894024,0.0005572103007644526,2.8697499727736578e-05
tip_RF2,gd0,4,0.01/0.005,1263.5529041290283,1265.1076734556657,0.001230474261549878,1.8868903575185505e-05,0.028676327304591916,0.00041570626630312024,3.528548266408034e-05
tip_RF2,gd0,5,0.01/0.005,1766.7293548583982,1766.9489675323737,0.00012430464992928335,2.5302960783784518e-05,0.037051560636426874,0.0003217389159947606,4.605681274244657e-06
tip_RF2,gd0,6,0.01/0.005,2038.6397838592527,2037.9882896209674,0.0003195730032561133,1.461872893075693e-05,0.04084720070620142,0.0002918420050573573,1.305366260428602e-05
tip_RF2,gd0,7,0.01/0.005,2199.5842456817627,2198.348192570089,0.0005619485200898224,3.929230494080411e-05,0.04267021342901221,0.00027937354883190903,2.3978463288350276e-05
tip_RF2,gd0,8,0.01/0.005,2309.519052505493,2308.6171790222365,0.0003905027249193812,2.45178373718943e-05,0.0436469712909248,0.00027312156153104625,1.7044261223584133e-05
tip_RF2,gd0,9,0.01/0.005,2401.1313915252686,2400.7664267314667,0.00015199701069669905,4.095888472680424e-05,0.0443698939928586,0.00026867156718915795,6.744091251843932e-06
tip_RF2,gd0,10,0.01/0.005,2476.5491485595703,2476.2591625970067,0.00011709275494583635,5.776228892696921e-05,0.04485646711067015,0.00026575719674192655,5.252367311125668e-06
tip_RF2,gd0,11,0.01/0.005,2541.3036346435547,2541.0689476163857,9.234906996932685e-05,1.8763486255746317e-05,0.045193801974700756,0.0002637735360647771,4.173605580741541e-06
tip_RF2,gd0,12,0.01/0.005,2601.0513305664062,2600.9385088286626,4.3375436854238355e-05,3.895651536261641e-05,0.04547617054353459,0.00026213572542714764,1.972548763783659e-06
tip_RF2,gd0,13,0.01/0.005,2655.7564735412598,2655.579517931667,6.663096234756277e-05,3.590970504666017e-05,0.045698874772311784,0.00026085825995656294,3.0449600042798925e-06
tip_RF2,gd0,14,0.01/0.005,2705.991268157959,2705.9392059850375,1.9239593835409425e-05,1.1013458446221282e-05,0.045867702512332256,0.00025989810481292353,8.824759665006609e-07
tip_RF2,gd0,15,0.01/0.005,2754.4021606445312,2754.488949818409,3.1509260019348994e-05,9.088705768298594e-05,0.04602550173660236,0.00025900703969073416,1.4502295017396024e-06
tip_RF2,gd0,16,0.01/0.005,2801.4779090881343,2801.438689994002,1.3999430088400247e-05,4.2552286121571885e-05,0.04617949813032032,0.00025814331982207346,6.464866555928293e-07
tip_RF2,gd0,17,0.01/0.005,2845.966815948486,2845.853528126736,3.980644507698095e-05,8.377419503470347e-06,0.046306269613300505,0.00025743660749675434,1.8432879780817186e-06
tip_RF2,gd0,18,0.01/0.005,2888.3218765258785,2888.2488016673246,2.5300109086770177e-05,1.8572784679516284e-05,0.04641203692662644,0.00025684994118926776,1.1742295971828545e-06
tip_RF2,gd0,19,0.01/0.005,2929.5444488525386,2929.44032880309,3.554137896406412e-05,4.883050930221203e-05,0.046512497752453336,0.0002562951793843268,1.6531183091851245e-06
tip_RF2,gd0,20,0.01/0.005,2969.419956207275,2969.499310787999,2.672393325783183e-05,7.627673198363664e-05,0.046602807825298666,0.00025579851325195825,1.2454103259508445e-06
tip_RF2,gd0,21,0.01/0.005,3008.2583427429195,3008.2303005527406,9.321736029268455e-06,4.16087116754045e-05,0.04668761551808859,0.00025533385722942937,4.3520962769559946e-07
tip_RF2,gd0,22,0.01/0.005,3046.000003814697,3046.028252369675,9.273983894587344e-06,6.848859371392119e-05,0.046764433151936,0.0002549144328628435,4.3369259989056093e-07
tip_RF2,gd0,23,0.01/0.005,3083.0621719360347,3083.0469360775037,4.941794125885713e-06,3.866587272741333e-06,0.04684005437565499,0.0002545028846352919,2.3147390556977924e-07
tip_RF2,gd0,24,0.02/0.01,3119.474649429321,3119.2700436386467,6.558982318114151e-05,7.929517101962127e-05,0.046913614455854076,0.00012705191332353823,3.077055676947713e-06
tip_RF2,gd0,25,0.01/0.005,3154.647350311279,3154.527507615458,3.798925284278833e-05,1.3225963700397914e-05,0.04697609080452026,0.00025376587857606567,1.7845865911387042e-06
tip_region_U,gd0,1,0.02/0.01,0.0,1.4723828759394213e-11,1.682441913424773e+289,0.0,1.0000000223517423e-301,5.9604643443122985e+295,1.6824419510302813e-12
tip_region_U,gd0,2,0.01/0.005,-0.00018626451492309568,-5.313904850918411e-05,0.8080947124605653,0.5,9.313225954321606e-06,1.2799999713897705,7.525968649637792e-06
tip_region_U,gd0,3,0.02/0.01,-0.02151355147361755,-0.02157734211330032,0.004988906445536618,0.00432900432900433,0.0007171183984827636,0.008311688125907601,3.577636600403556e-06
tip_region_U,gd0,4,0.02/0.01,-0.06174668669700622,-0.06189334810981548,0.0033610100780240913,0.003016591251885398,0.0015436672019288062,0.003861236716107905,5.188281022797968e-06
tip_region_U,gd0,5,0.02/0.01,-0.08530914783477782,-0.08538682123979068,0.0022959947187050074,0.0021834061135371182,0.0017061829312714494,0.0034934498337158477,3.917386999343877e-06
tip_region_U,gd0,6,0.02/0.01,-0.09853392839431761,-0.09861139072646041,0.0019100781961367073,0.0018903591682419662,0.0016422321766120431,0.0036294895218991602,3.1367918735407897e-06
tip_region_U,gd0,7,0.01/0.005,-0.10691583156585692,-0.10647500888824443,0.004123081410463627,0.0034843205574912896,0.0015273690158666498,0.007804878082009558,6.297466796237908e-06
tip_region_U,gd0,8,0.02/0.01,-0.1119449734687805,-0.11173488758479132,0.00433542127515941,0.003327787021630616,0.0013993121996368212,0.004259567292478438,6.066607880895586e-06
tip_region_U,gd0,9,0.02/0.01,-0.1162290573120117,-0.11585095033799789,0.004386129337860965,0.0032051282051282055,0.0012914339188164902,0.004615384798783523,5.664396199229762e-06
tip_region_U,gd0,10,0.02/0.01,-0.11920928955078124,-0.11904085991745399,0.004127053457359551,0.003125,0.0011920928777442443,0.005000000074505806,4.9198310325880795e-06
tip_region_U,gd0,11,0.02/0.01,-0.12181699275970458,-0.12159625026147912,0.003275457293023256,0.0030581039755351687,0.001107427212907115,0.005382262967777544,3.6273305410090274e-06
tip_region_U,gd0,12,0.02/0.01,-0.12405216693878172,-0.12373944607661808,0.0031909604594875522,0.003003003003003031,0.0010337680809296983,0.005765765636890858,3.298713070526995e-06
tip_region_U,gd0,13,0.02/0.01,-0.1259148120880127,-0.12557540487428784,0.00430006765271807,0.0029585798816568047,0.0009685755131272357,0.006153845928124421,4.164940233213233e-06
tip_region_U,gd0,14,0.02/0.01,-0.12777745723724365,-0.12716640402524387,0.004782167568612985,0.005830903790087518,0.0009126961192373884,0.006530612272701874,4.364665781415969e-06
tip_region_U,gd0,15,0.02/0.01,-0.12889504432678223,-0.12861892503643452,0.005107055253977161,0.005780346820809248,0.000859300261366357,0.0069364164605995125,4.388493914555001e-06
tip_region_U,gd0,16,0.02/0.01,-0.1296401023864746,-0.12955655515388173,0.004812445666385793,0.005747126436781609,0.0008102506580259798,0.007356321674653853,3.899287267903364e-06
tip_region_U,gd0,17,0.02/0.01,-0.13113021850585938,-0.13077091000105176,0.005906254889748313,0.005681818181818182,0.0007713542183915915,0.007727272808551788,4.5558146241033255e-06
tip_region_U,gd0,18,0.02/0.01,-0.13262033462524414,-0.13184962019113033,0.005811434847391472,0.0056179775280898875,0.0007367796075299207,0.00808988796191269,4.281746686046794e-06
tip_region_U,gd0,19,0.02/0.01,-0.13336539268493652,-0.13321973477811772,0.007480191041077774,0.00558659217877095,0.0007019231282023772,0.008491620005176054,5.250519095104707e-06
tip_region_U,gd0,20,0.02/0.01,-0.1348555088043213,-0.1340573228388112,0.005918823580790661,0.0055248618784530384,0.0006742775339740882,0.008839779137247834,3.99092976808321e-06
tip_region_U,gd0,21,0.02/0.01,-0.1348555088043213,-0.134392891720846,0.00702396781440639,0.0055248618784530384,0.0006421691095938575,0.009281767666010568,4.510575157193265e-06
tip_region_U,gd0,22,0.02/0.01,-0.13560056686401367,-0.13509947227071206,0.005941905101627664,0.005494505494505495,0.0006163662163580885,0.009670329617929983,3.6623895654490664e-06
tip_region_U,gd0,23,0.02/0.01,-0.13709068298339844,-0.13620478727129795,0.00646211465886794,0.005434782608695652,0.0005960464369412996,0.01000000018140544,3.8517204175243775e-06
tip_region_U,gd0,24,0.02/0.01,-0.13709068298339844,-0.13637582603302095,0.00662485527837234,0.005434782608695652,0.0005712111918650585,0.010434782375460083,3.7841914794925884e-06
tip_region_U,gd0,25,0.02/0.01,-0.13783574104309082,-0.13740878225653147,0.006088955066367783,0.005405405405405406,0.0005513429641723633,0.01081081081081081,3.3571025350035423e-06
e1_ip1_S11,gd0,1,0.02/0.01,0.0,5.181486291165325e-06,5.181486291165325e+294,0.0,7.47978215545349e-305,7.968767476995708e+298,3.8756388699385284e-10
e1_ip1_S11,gd0,2,0.01/0.005,21.3623046875,21.369246734742585,0.0003249671486357693,0.0,0.0007995711443055292,0.014909153538090842,2.5983435489640706e-07
e1_ip1_S11,gd0,3,0.02/0.01,1677.894592285156,1689.2210380134452,0.006750391699435347,0.00011367511651699444,0.04995275583397309,0.00011932203495137947,0.0003372006683455725
e1_ip1_S11,gd0,4,0.01/0.005,1789.0930175781248,1794.9785820131901,0.00328969169139824,0.0,0.05362498004784857,0.00022230178816740447,0.0001764096513148038
e1_ip1_S11,gd0,5,0.02/0.01,1734.7335815429685,1734.0390330473106,0.0004003776159334996,0.00010995052226498078,0.051808631050202815,0.00011504771225789276,2.0743016184658483e-05
e1_ip1_S11,gd0,6,0.01/0.005,1630.0201416015623,1628.2847837396382,0.0010646235697547865,0.00011701380762930027,0.04791061290153309,0.00024881603956055146,5.100676773636989e-05
e1_ip1_S11,gd0,7,0.01/0.005,1595.3063964843748,1595.7820006107931,0.0002981271356188869,0.0,0.0457737587644106,0.00026043150654140126,1.3646399586943653e-05
e1_ip1_S11,gd0,8,0.01/0.005,1613.6169433593748,1614.4433433474571,0.0005121413675552284,0.00011820330969267142,0.04511445152398856,0.0002642374793970275,2.3104976899999558e-05
e1_ip1_S11,gd0,9,0.01/0.005,1657.8674316406248,1657.8069649890908,3.6472549240022995e-05,0.0,0.04521099940131315,0.00026367320149821505,1.6489604018550442e-06
e1_ip1_S11,gd0,10,0.02/0.01,1705.360412597656,1704.6539030351405,0.00041428753552414434,5.5922156358349185e-05,0.04544344230441403,0.00013116225741904475,1.882665171802933e-05
e1_ip1_S11,gd0,11,0.02/0.01,1746.559143066406,1746.080787001354,0.0002738848363371595,5.460303592879765e-05,0.045542006072400096,0.00013087839099716982,1.2473264879605223e-05
e1_ip1_S11,gd0,12,0.01/0.005,1788.3300781249998,1788.3347401121187,2.606894094051965e-06,0.00010665529010238909,0.04568706949706897,0.0002609256642263497,1.191013516464508e-07
e1_ip1_S11,gd0,13,0.02/0.01,1832.3898315429685,1832.0256908287733,0.0001987244787800135,0.0001040907671489539,0.04592225921263043,0.00012979466994297398,9.125877026430654e-06
e1_ip1_S11,gd0,14,0.01/0.005,1874.9237060546873,1874.5791669516361,0.00018376166557525935,0.0,0.04614825448335221,0.0002583180900022676,8.480280107251733e-06
e1_ip1_S11,gd0,15,0.01/0.005,1915.3594970703123,1915.0566206727174,0.00015813031342584664,0.0,0.04634810872762302,0.000257204215713194,7.329040959794247e-06
e1_ip1_S11,gd0,16,0.01/0.005,1953.5064697265623,1953.403875702748,5.251788279386825e-05,9.763718023823472e-05,0.04651585272250809,0.00025627669401639985,2.4429141013375174e-06
e1_ip1_S11,gd0,17,0.02/0.01,1990.699768066406,1990.2245860376001,0.00023870100174243052,0.0,0.046680488182103366,0.00012768642123636188,1.1142679290893764e-05
e1_ip1_S11,gd0,18,0.01/0.005,2026.3671874999998,2026.005995398286,0.00017824612633975966,0.0,0.04682723860778881,0.00025457253746957666,8.346773889025995e-06
e1_ip1_S11,gd0,19,0.01/0.005,2061.0809326171875,2060.67670951551,0.00019612189666134503,0.0,0.04696911018181297,0.00025380359365832864,9.211670973352851e-06
e1_ip1_S11,gd0,20,0.01/0.005,2094.268798828125,2093.8981732661846,0.0001769713430042041,0.0,0.047091196519540274,0.00025314559484874397,8.333792291737943e-06
e1_ip1_S11,gd0,21,0.02/0.01,2125.9307861328125,2125.4539676743047,0.00022428691546214926,4.485914229319936e-05,0.0471929828869759,0.00012629980376137665,1.0584768563177819e-05
e1_ip1_S11,gd0,22,0.01/0.005,2156.06689453125,2155.737211484843,0.00015290947012967112,0.0,0.047272746433655186,0.000252173394913886,7.228450608744514e-06
e1_ip1_S11,gd0,23,0.01/0.005,2185.4400634765625,2185.0306815855347,0.0001873224060771394,0.0,0.04734751439185923,0.000251775179926399,8.869250317655058e-06
e1_ip1_S11,gd0,24,0.02/0.01,2214.05029296875,2213.6181729789323,0.00019517171366431645,8.614748449345279e-05,0.04741577878496822,0.00012570634987500517,9.254218800190388e-06
e1_ip1_S11,gd0,25,0.02/0.01,2242.0883178710938,2241.6678912578436,0.00018751563437489032,4.253509145044662e-05,0.04748145900526363,0.0001255324626161615,8.90351590641736e-06
root_mises,gd0,1,0.02/0.01,0.0,-1.2334110870671604e-05,1.233411087067174e+295,0.0,6.320623275661257e-305,9.430184678923907e+298,7.795926825375434e-10
root_mises,gd0,2,0.02/0.01,-50.8310882255003,-50.6798936831577,0.003451475990025501,0.001031510938199741,0.0016090264448652034,0.003704391867865417,5.5535161417683405e-06
root_mises,gd0,3,0.02/0.01,-1444.1329868898122,-1440.6074682931753,0.014114236481220474,0.0002043342645873664,0.035723088405637586,0.0001668518804941406,0.0005042041175967142
root_mises,gd0,4,0.02/0.01,-1725.8930520085867,-1726.5412215451706,0.007995843663887761,0.00013279411493551137,0.038699237308568994,0.00015402020535994554,0.0003094330514310103
root_mises,gd0,5,0.02/0.01,-2023.5960827996278,-2024.7125148160603,0.0016626180669412414,0.00015884892917130103,0.04314012647296759,0.00013816520638329608,7.172555368408604e-05
root_mises,gd0,6,0.02/0.01,-2206.1940569688686,-2206.1756146286225,0.0024478101786479575,0.000134133416517045,0.045605443133800924,0.00013069633947096558,0.00011163346790466851
root_mises,gd0,7,0.02/0.01,-2259.5318611603684,-2258.955787147546,0.006252982900263792,0.000123776777363243,0.0454925422125704,0.00013102069455006362,0.00028446408854473145
root_mises,gd0,8,0.01/0.005,-2306.750492083154,-2307.39621004402,0.0046325563329640265,0.00012668656314568784,0.04527038730472314,0.00026332730212437114,0.00020971761940422943
root_mises,gd0,9,0.01/0.005,-2367.6507817341985,-2369.238084982693,0.0033842932833786704,0.0001449545714452015,0.04535040021604282,0.00026286270679615886,0.0001534790548496883
root_mises,gd0,10,0.02/0.01,-2432.6356085310863,-2434.206804099658,0.0030994613598526607,0.000143778165325002,0.04555115200091462,0.00013085211275050483,0.00014118403552361008
root_mises,gd0,11,0.02/0.01,-2493.100984517582,-2493.5751394774234,0.002071554835660811,0.0001367980429734019,0.04570103912044254,0.00013042295300617982,9.467220858467665e-05
root_mises,gd0,12,0.01/0.005,-2553.863945551171,-2554.1309349200324,0.002155458701452461,9.071632433720816e-05,0.04588650259635086,0.00025979162238496994,9.890646130052541e-05
root_mises,gd0,13,0.01/0.005,-2614.8638343130415,-2615.195758670716,0.001239110882247977,0.00012570285859039894,0.046105301438670664,0.00025855874667548505,5.712958074198013e-05
root_mises,gd0,14,0.01/0.005,-2673.675540146547,-2673.5784472767455,0.001825831254229089,0.00011073219931098367,0.04631172409506929,0.00025740628724179416,8.455739329001188e-05
root_mises,gd0,15,0.01/0.005,-2728.83590961257,-2728.62651588664,0.001382159652530568,7.855234547434159e-05,0.04647735717529044,0.00025648895891644747,6.423912784393854e-05
root_mises,gd0,16,0.01/0.005,-2781.118810176508,-2780.947415087613,0.0015486099187618826,7.987637073595877e-05,0.046612273657407596,0.00025574656672392674,7.218422932190462e-05
root_mises,gd0,17,0.02/0.01,-2831.9319479940928,-2831.7376738851653,0.0015548519308248535,0.00014867234356286064,0.04674159833563623,0.00012751948349602646,7.267626442200375e-05
root_mises,gd0,18,0.02/0.01,-2881.93483724406,-2881.6583172642227,0.0014892019665863404,0.00011615543698315306,0.046874116261317586,0.00012715897286063351,6.98050261183509e-05
root_mises,gd0,19,0.01/0.005,-2930.7490531898848,-2930.548151661163,0.0014310829365633386,0.0001080839210203177,0.04700109510195249,0.00025363087666829516,6.726246520019492e-05
root_mises,gd0,20,0.02/0.01,-2977.963024901342,-2977.7600788900418,0.0012514206151425034,0.00012829271860494468,0.047117747468944926,0.00012650147338786886,5.896412052171619e-05
root_mises,gd0,21,0.01/0.005,-3023.386414380979,-3022.823875815453,0.001641016489929159,7.717090941631204e-05,0.047217524758349366,0.0002524683158655023,7.748473674208964e-05
root_mises,gd0,22,0.01/0.005,-3066.8663094246535,-3066.2164957541218,0.0012804932503560475,0.00011590291126935296,0.0472997806300682,0.00025202926517380205,6.0567049840124044e-05
root_mises,gd0,23,0.02/0.01,-3109.077875195254,-3108.329699824527,0.0007667048035356629,0.00010421137129485206,0.047371697602439033,0.00012582332445760136,3.632010810342885e-05
root_mises,gd0,24,0.01/0.005,-3150.191986955519,-3149.5290636776417,0.00062933676148419,0.00012287239442837527,0.047438153363510496,0.00025129411897065375,2.9854573808582032e-05
root_mises,gd0,25,0.01/0.005,-3190.4969621450614,-3189.9961430154735,0.0005729811921433731,0.00010288917511998065,0.04750215595206316,0.00025095553488368273,2.7217841946793575e-05
tip_RF2,m,1,0.02/0.01,0.0,1.0031930172921084e-07,1.0031930172921084e+293,0.0,3.945141177288643e-303,1.5108368014438156e+297,3.9577380812875345e-10
tip_RF2,m,2,0.01/0.005,0.0922083854675293,0.09327193553446277,0.011534201163385436,0.0016160310277957336,0.00018189547900585896,0.06553724710603799,2.0980190455639296e-06
tip_RF2,m,3,0.01/0.005,-0.5103349685668945,-0.5903831320926236,0.156854161396225,0.001635131978509694,0.0006890215250227847,0.01730124317187902,0.00010807589349139696
tip_RF2,m,4,0.02/0.01,-11.674702167510986,-11.636653953965602,0.003259030765792604,0.017792504173707938,0.013247865579872339,0.0004499188523315693,4.3175201505888824e-05
tip_RF2,m,5,0.02/0.01,-18.95242929458618,-18.406423300188102,0.028809288029057453,0.011626919605370335,0.019873363208827054,0.0002999222836571332,0.0005725374447891721
tip_RF2,m,6,0.02/0.01,-21.01224660873413,-20.770512354751492,0.011504445882629097,0.004887568895432123,0.021050591215540104,0.00028314950475779937,0.0002421753874365286
tip_RF2,m,7,0.01/0.005,-20.511507987976074,-20.302833043321574,0.010173554512755801,0.001961490849281949,0.019895360346303754,0.00059918135422427,0.00020240653303404138
tip_RF2,m,8,0.01/0.005,-19.492745399475098,-19.433307326627034,0.003049240711350195,0.0004036277573585621,0.018419404202559015,0.0006471940581781654,5.616519717325782e-05
tip_RF2,m,9,0.01/0.005,-19.09458637237549,-19.081594392541426,0.0006804012184761466,4.994474862183709e-05,0.01764219934340205,0.0006757053768092919,1.200377392984983e-05
tip_RF2,m,10,0.02/0.01,-18.710434436798096,-18.661420742677524,0.0026195914523596117,4.778454902535448e-06,0.016944626102589865,0.0003517613455411712,4.438799770177397e-05
tip_RF2,m,11,0.02/0.01,-18.323898315429688,-18.262005870001154,0.0033776898541516545,2.2769855313833663e-05,0.016293342924137356,0.00036582207256615737,5.5033859085072394e-05
tip_RF2,m,12,0.01/0.005,-17.935991287231445,-17.886314698673445,0.0027696594942798027,6.646373074213402e-05,0.01567943294813542,0.0007602908213906899,4.342669032972682e-05
tip_RF2,m,13,0.01/0.005,-17.601966857910156,-17.555586107943387,0.0026349754173026242,2.0317494717451374e-05,0.015144274092899458,0.0007871575013732331,3.9904789947683075e-05
tip_RF2,m,14,0.02/0.01,-17.331242561340332,-17.2875126680511,0.0025231828089912743,2.4074010386215908e-05,0.01468859651039764,0.0004057885634832313,3.706201420324454e-05
tip_RF2,m,15,0.02/0.01,-17.07637310028076,-17.043842225046998,0.001905022515186742,5.9338066416748695e-05,0.014267136640604612,0.000417775803770985,2.717921652759752e-05
tip_RF2,m,16,0.02/0.01,-16.34395122528076,-16.876295101644267,0.03257130843244795,0.01719145459982641,0.013470666011704662,0.00044247734093919445,0.0004387572174577261
tip_RF2,m,17,0.02/0.01,-16.730785369873047,-16.797844994841064,0.004008157625927764,0.0028429332801322427,0.01361119626971835,0.0004379089361013526,5.4555820126471145e-05
tip_RF2,m,18,0.02/0.01,-16.16978645324707,-16.73050098623008,0.03467668138996431,0.018065938278704237,0.012991500913784027,0.0004587972180500706,0.0004505021379647189
tip_RF2,m,19,0.02/0.01,-16.570091247558594,-16.640392056220183,0.004242632560755923,0.0027661870503597123,0.013154201026236255,0.00045312250175064416,5.5808441584638916e-05
tip_RF2,m,20,0.02/0.01,-16.63041114807129,-16.587555132674577,0.00257696667960504,0.0005770361131420871,0.013050088337440468,0.00045673748126582393,3.362964281148642e-05
tip_RF2,m,21,0.02/0.01,-16.646862030029297,-16.58658352805994,0.0036210128888327755,0.0010705794735183752,0.012917811661946978,0.0004614144124037104,4.6775562523424344e-05
tip_RF2,m,22,0.02/0.01,-16.642332077026367,-16.59064077335779,0.0031060132335619505,0.0009741701646061058,0.012775266331808017,0.0004665628349914415,3.968014628887414e-05
tip_RF2,m,23,0.02/0.01,-15.921473503112793,-16.590466731469856,0.04201829863462506,0.021488630492890782,0.012094512582567309,0.0004928238684153596,0.0005081908415345436
tip_RF2,m,24,0.02/0.01,-16.444087028503418,-16.593159397770318,0.009065408679028815,0.0049259476740392775,0.012365087805327258,0.0004820398020118476,0.0001120945743073671
tip_RF2,m,25,0.02/0.01,-16.646623611450195,-16.63160952440205,0.0009019298686982021,0.0,0.01239430616995896,0.00048090344032212964,1.1178794936476402e-05
tip_region_U,m,1,0.02/0.01,0.0,5.511877191172974e-12,6.304192565297717e+288,0.0,5.000000111758711e-300,1.19209286886246e+294,3.152096353103702e-11
tip_region_U,m,2,0.02/0.01,-6.51925802230835e-06,-5.656185755754282e-06,0.22059716767088575,0.2857142857142857,1.629814542006281e-05,0.3657142775399344,3.5953247179540745e-06
tip_region_U,m,3,0.01/0.005,0.00010803341865539551,0.00011267729077974815,0.056021043571617316,0.034482758620689655,0.00018005570178355107,0.06620689507188468,1.0086908314934448e-05
tip_region_U,m,4,0.02/0.01,0.001043081283569336,0.0010400428242654909,0.0041698856109562,0.01607142857142857,0.001303851633605025,0.00457142846924918,5.436912165791328e-06
tip_region_U,m,5,0.02/0.01,0.0021383166313171387,0.0020893188524937346,0.023056595769391,0.012195121951219513,0.0021383165994537383,0.002787456487529369,4.930230146058362e-05
tip_region_U,m,6,0.02/0.01,0.0031068921089172363,0.0030674049774442407,0.013070504967230053,0.001199040767386091,0.0025890768153014067,0.0023021582219240476,3.3840541374937204e-05
tip_region_U,m,7,0.02/0.01,0.0039711594581604,0.003916683054387408,0.013962444090670129,0.0023452157598499064,0.002836542458038064,0.002101313329771804,3.960506548116849e-05
tip_region_U,m,8,0.02/0.01,0.004820525646209717,0.0047665429791146395,0.011237704322507484,0.00231839258114374,0.0030128285962230396,0.001978361625022829,3.385727693874981e-05
tip_region_U,m,9,0.02/0.01,0.005707144737243652,0.005656390446838417,0.009930241407599336,0.0013054830287206266,0.003170635839145614,0.0018798956360580404,3.148517929830224e-05
tip_region_U,m,10,0.02/0.01,0.006593763828277588,0.006532806238857836,0.009244733509922921,0.0011299435028248588,0.003296881865011426,0.0018079096314597264,3.0478794255728304e-05
tip_region_U,m,11,0.02/0.01,0.007465481758117676,0.007404393213754303,0.00865570122087602,0.000998003992015968,0.0033934008175318937,0.001756487016430396,2.93722635992325e-05
tip_region_U,m,12,0.02/0.01,0.008337199687957764,0.008270733511094547,0.007972242401633786,0.0008936550491510277,0.0034738332809619594,0.001715817656018459,2.7694240978691547e-05
tip_region_U,m,13,0.02/0.01,0.009194016456604004,0.009124086261639481,0.007606055013562033,0.0012155591572123178,0.0035361603053225116,0.0016855753028412112,2.689622981905734e-05
tip_region_U,m,14,0.02/0.01,0.01004338264465332,0.009975185370523184,0.006790269428442159,0.000741839762611276,0.0035869223578192406,0.0016617210753239935,2.4356169228495656e-05
tip_region_U,m,15,0.02/0.01,0.010892748832702637,0.010831141083287591,0.006425962667709832,0.0013679890560875513,0.003630916133287901,0.001641586932535863,2.333213152209339e-05
tip_region_U,m,16,0.02/0.01,0.011622905731201172,0.01168291607863107,0.006729704006760865,0.00641025641025641,0.0036321581221854266,0.0016410256043458595,2.4443349068060284e-05
tip_region_U,m,17,0.02/0.01,0.012502074241638184,0.012544296338956927,0.004371287932810518,0.004767580452920143,0.003677080620628098,0.001620977371043045,1.6073578144923015e-05
tip_region_U,m,18,0.02/0.01,0.013247132301330566,0.013402561759544018,0.013143841064654771,0.008998875140607425,0.0036797588263713455,0.001619797589674307,4.836616517008553e-05
tip_region_U,m,19,0.02/0.01,0.014141201972961426,0.014258868948517755,0.00960169858203929,0.007376185458377239,0.0037213689869500335,0.0016016859651491187,3.573146332524313e-05
tip_region_U,m,20,0.02/0.01,0.015035271644592285,0.015117741435589504,0.0064775256837514665,0.005946481665014866,0.0037588178551373206,0.0015857284676331594,2.4347839197195593e-05
tip_region_U,m,21,0.02/0.01,0.015929341316223145,0.015973363419419143,0.003727359188217025,0.004677268475210477,0.003792700431800186,0.0015715621586042214,1.4136756802625102e-05
tip_region_U,m,22,0.02/0.01,0.016808509826660156,0.016824421402063573,0.0017498651564192252,0.0035460992907801418,0.0038201158903951858,0.001560283679488703,6.684687690085939e-06
tip_region_U,m,23,0.02/0.01,0.01749396324157715,0.017689089471384107,0.011829085541632244,0.008517887563884156,0.0038030354183102486,0.0015672913401862019,4.4986431281049094e-05
tip_region_U,m,24,0.02/0.01,0.018402934074401855,0.018568262525891093,0.010183112298003644,0.007692307692307693,0.0038339446845290616,0.0015546558356960775,3.904148926689358e-05
tip_region_U,m,25,0.02/0.01,0.019311904907226562,0.019444419979435867,0.007641996654654554,0.006558641975308642,0.0038623809814453125,0.0015432098765432098,2.9516302539206452e-05
e1_ip1_S11,m,1,0.02/0.01,0.0,1.8344606261904211e-06,1.834460626190421e+294,0.0,3.7398910777267446e-303,1.5937534953991416e+297,6.860682928330573e-09
e1_ip1_S11,m,2,0.02/0.01,1.3027191162109375,1.3024507179807938,0.00020602924053524492,0.0007320644216691069,0.002437978087324449,0.0024448392331861994,5.022947737730252e-07
e1_ip1_S11,m,3,0.01/0.005,-32.55462646484375,-33.37305716286508,0.0251402269629838,0.00011717834544176236,0.0484593404896131,0.0002459985801423213,0.0012182788183853837
e1_ip1_S11,m,4,0.02/0.01,-61.3555908203125,-62.6788189876213,0.021566545927070233,0.010227555334493908,0.09195140502021285,6.48218966989012e-05,0.0019830741994270565
e1_ip1_S11,m,5,0.02/0.01,-66.55120849609375,-65.38299688859705,0.01755357466672104,0.0020348503955061334,0.09937915088530384,5.997701152043647e-05,0.0017444593453805172
e1_ip1_S11,m,6,0.01/0.005,-58.685302734375,-57.56443274135832,0.01909967131106119,0.00234009360374415,0.08624583066664933,0.00013822035062951592,0.0016472670176824434
e1_ip1_S11,m,7,0.02/0.01,-52.951812744140625,-52.789965306155295,0.0030565041987771955,0.0011526547078740724,0.07596670796374745,7.846153449723652e-05,0.0002321925618584751
e1_ip1_S11,m,8,0.02/0.01,-50.91094970703125,-51.35835204386285,0.008787939321623202,0.0014611119436535292,0.07116991371621176,8.374977804955989e-05,0.0006254368832632277
e1_ip1_S11,m,9,0.02/0.01,-51.342010498046875,-51.75634022619293,0.008069994223576798,0.0018946429898209377,0.07000630935829197,8.514181839001728e-05,0.0005649505121353465
e1_ip1_S11,m,10,0.02/0.01,-53.06243896484375,-53.29730239540393,0.004426171038157322,0.0017253774263120058,0.07069883485677209,8.430781765518902e-05,0.000312925135274512
e1_ip1_S11,m,11,0.02/0.01,-54.4586181640625,-54.63647497568364,0.0032659075389193195,0.0014710002801905295,0.07100116617774203,8.394882504630737e-05,0.00023188324389195113
e1_ip1_S11,m,12,0.02/0.01,-55.5572509765625,-55.72324570508663,0.0029878139325892833,0.0013732491073880802,0.07096698807117242,8.398925527967094e-05,0.00021203615571294642
e1_ip1_S11,m,13,0.02/0.01,-56.7626953125,-56.91124156396138,0.002616969660154083,0.0012096774193548388,0.07112763787695855,8.379955605794024e-05,0.00018613887032242692
e1_ip1_S11,m,14,0.02/0.01,-58.208465576171875,-58.327558973827436,0.002045980708763317,0.0011140965987286192,0.07163542371937655,8.320554507904482e-05,0.00014656469499393056
e1_ip1_S11,m,15,0.02/0.01,-59.63897705078125,-59.7484826069738,0.0018361407523692175,0.0009594473583216068,0.07215757138494906,8.260345190584286e-05,0.0001324914574118959
e1_ip1_S11,m,16,0.02/0.01,-60.535430908203125,-61.106851262275285,0.009439436467193413,0.0030247652656121998,0.07207186749204071,8.270167937853572e-05,0.0006803178142631006
e1_ip1_S11,m,17,0.01/0.005,-62.23297119140625,-62.45138490143316,0.0035096140493621345,0.000490376363859262,0.07296593697449788,0.0001633766309236127,0.0002560822775305698
e1_ip1_S11,m,18,0.02/0.01,-63.17901611328125,-63.78470788021315,0.009586913570256938,0.003471802922352373,0.07300006831910753,8.165012190788498e-05,0.0006998453455981356
e1_ip1_S11,m,19,0.02/0.01,-64.83840942382812,-65.08886552666918,0.0038627737026043344,0.0007060069424016002,0.07387876788453406,8.067899138294697e-05,0.00028537696176518784
e1_ip1_S11,m,20,0.02/0.01,-66.2994384765625,-66.38793774706163,0.0013348419312844257,0.00043153049482163404,0.07453961707737795,7.996371206672063e-05,9.949860641676874e-05
e1_ip1_S11,m,21,0.02/0.01,-67.63076782226562,-67.66587648070501,0.000519122576452924,0.0007050595070223927,0.07506588853428994,7.940310297954224e-05,3.8968397459648605e-05
e1_ip1_S11,m,22,0.02/0.01,-68.84765625,-68.87332703112143,0.0003728635442318933,0.0007480053191489362,0.07547580746944522,7.89718543912502e-05,2.8142177076821352e-05
e1_ip1_S11,m,23,0.02/0.01,-69.366455078125,-70.00279248142866,0.009173560946526271,0.003684557853057633,0.07514114170898659,7.932358148913e-05,0.0006893118430589556
e1_ip1_S11,m,24,0.02/0.01,-70.76644897460938,-71.07785680876866,0.004400501066133959,0.0013206835211039835,0.07577619850447496,7.865879517810684e-05,0.0003334532423065206
e1_ip1_S11,m,25,0.02/0.01,-72.02529907226562,-72.15878562846169,0.0018533287319241708,0.0001059265928711403,0.07626520012576629,7.815444616561508e-05,0.00014134448663902954
root_mises,m,1,0.02/0.01,0.0,-4.298804955233383e-06,4.298804955233432e+294,0.0,3.1603116378306286e-303,1.8860369357847814e+297,1.358556332878819e-08
root_mises,m,2,0.02/0.01,-2.8152665111846886,-2.805144360086817,0.0035954503979160144,0.0005098026981327363,0.004455775416162634,0.0013376940982973249,1.6020519493066338e-05
root_mises,m,3,0.01/0.005,26.455728875482976,26.205891094869006,0.05561966803653518,0.00014439649027388278,0.032721375040738104,0.0003643162593331292,0.0018199520174648214
root_mises,m,4,0.02/0.01,-40.999840885564964,-40.94526743396023,0.05091746246685116,0.025913030823285967,0.04596642214294499,0.00012966996776480428,0.0023404935741988373
root_mises,m,5,0.02/0.01,58.88605139627856,57.269370289555305,0.03017630590948263,0.03126579164158417,0.06276825020373068,9.495986359652891e-05,0.0018941139195507225
root_mises,m,6,0.02/0.01,-73.67826837408131,-72.08133799413208,0.028513561301144814,0.007843921364130974,0.07615218769892876,7.827043001186042e-05,0.0021713700721696914
root_mises,m,7,0.02/0.01,-72.40586697279738,-70.10870987032003,0.07555784542447175,0.005992931137586917,0.07288958868688328,8.17738799863974e-05,0.0055073802750568515
root_mises,m,8,0.02/0.01,-87.98044102862335,-85.79282850195433,0.06934082865590471,0.003648648529666444,0.08633158753570468,6.904152521316669e-05,0.005986303818905538
root_mises,m,9,0.02/0.01,-78.78946602931336,-75.01934194589921,0.047850610918111776,0.003376709317984689,0.07545736568930386,7.899115511242879e-05,0.003610681046504556
root_mises,m,10,0.02/0.01,-79.46847528504009,-78.19515882695704,0.04448027644061264,0.0034189054199728793,0.07440244203231908,8.011114037023065e-05,0.0033094411894542103
root_mises,m,11,0.02/0.01,-87.14488515111896,-83.74744664656819,0.03898609193954632,0.003068636908438608,0.07987265317711145,7.462459603441733e-05,0.003113922600218364
root_mises,m,12,0.02/0.01,-94.18029165179576,-91.48060913389034,0.02866504733173473,0.0026407042513262907,0.08460913129169309,7.044705915949121e-05,0.0024253247531733405
root_mises,m,13,0.02/0.01,-92.74223283964034,-91.17494928624616,0.016899351087495247,0.002432755645108328,0.08176159203888977,7.29005432612415e-05,0.0013817178493377546
root_mises,m,14,0.02/0.01,-85.8835364041326,-85.07168090937643,0.009452981662713342,0.0023203504778449083,0.07438102683991009,8.013420533125658e-05,0.000703122482771459
root_mises,m,15,0.02/0.01,-94.22777211823785,-93.37186799527326,0.009083353068038076,0.0020686078710367363,0.08024406680416694,7.427919240540717e-05,0.0007288851903974823
root_mises,m,16,0.02/0.01,-103.54917067816771,-103.58004439962146,0.014572087416548156,0.010987612139828887,0.08677554987918744,6.868829394728665e-05,0.0012645008984585543
root_mises,m,17,0.02/0.01,-115.10199406438204,-114.99031928255827,0.008092739604524129,0.0035907920924342957,0.09498906176045148,6.274895621740619e-05,0.0007687217421053942
root_mises,m,18,0.02/0.01,-125.31487258785745,-126.02603922060618,0.014347286374494825,0.009999428250668276,0.10191111594619968,5.848689244739186e-05,0.0014621479652244728
root_mises,m,19,0.02/0.01,-135.68953449677323,-136.2253596100934,0.010275876586825394,0.005248212060194491,0.10880421010937534,5.478156104021444e-05,0.001118058635210961
root_mises,m,20,0.02/0.01,-145.12142022300267,-145.3778767150166,0.008203530393167329,0.004012496272841014,0.11480657035069482,5.191745088571048e-05,0.000941819189207228
root_mises,m,21,0.02/0.01,-152.685850985538,-152.7090651811604,0.0063135310857525655,0.0029831601930191227,0.11922802713650771,4.9992142122042743e-05,0.0007527498556192918
root_mises,m,22,0.02/0.01,-156.4446192082869,-156.34789056009217,0.00475668907056253,0.0021231533823684243,0.12064099674913335,4.940662492977853e-05,0.0005738517106983723
root_mises,m,23,0.02/0.01,-153.16191935300694,-154.09305452220087,0.013464412858106402,0.00859177509022488,0.11668315203176026,5.108247740784951e-05,0.001571070132540817
root_mises,m,24,0.02/0.01,-146.0724074454518,-146.9115873182228,0.006097976409169396,0.004242327677962625,0.10998385646443426,5.419399418374198e-05,0.000670678962109593
root_mises,m,25,0.02/0.01,-139.21460180318945,-139.6933451108679,0.005434741966990173,0.003131256644522445,0.10363579411173261,5.75135697914653e-05,0.0005632337995413862
tip_RF2,gsat,1,0.02/0.01,0.0,-3.404483434571649e-23,3.404483434571649e+277,0.0,4.339655295017507e-300,1.3734880013125595e+294,1.4774284563638245e-22
tip_RF2,gsat,2,0.01/0.005,0.0,-1.7399436003652126e-09,1.7399436003652126e+291,0.0,2.1699222461378395e-300,5.493712494212972e+294,3.775542325457641e-09
tip_RF2,gsat,3,0.01/0.005,-0.00046751715920188207,-0.0004716705303012462,0.008883890179463217,0.00046360686138159065,0.00069433283320446,0.017168897083637943,6.168376638183974e-06
tip_RF2,gsat,4,0.01/0.005,-0.004928220402110706,-0.0049649887120687295,0.00746076817957973,0.00025288620120942376,0.006151526655516641,0.0019378813785009819,4.589511432731508e-05
tip_RF2,gsat,5,0.01/0.005,-0.013108578595248135,-0.013163011356735723,0.004152453379447277,0.00014054348994286118,0.015120103786070411,0.0007884158153769044,6.278552606406165e-05
tip_RF2,gsat,6,0.01/0.005,-0.02267620780251243,-0.02270390257476511,0.001221314096866396,6.929708856633311e-05,0.024989347813384355,0.00047704041914584284,3.051984275598376e-05
tip_RF2,gsat,7,0.01/0.005,-0.032384178855202415,-0.032378597406496845,0.0001723510955928906,4.1830642786214003e-05,0.034552525296687106,0.000345008906084821,5.95516559038509e-06
tip_RF2,gsat,8,0.01/0.005,-0.04188808527859774,-0.04188614381450395,4.6348838360045676e-05,4.656926790526684e-05,0.04353973306614794,0.000273794259072907,2.0180160501224267e-06
tip_RF2,gsat,9,0.01/0.005,-0.051270398226651276,-0.05126541713484549,9.715336681736672e-05,2.113735901375386e-05,0.052107692993164666,0.00022877483669526258,5.062437811371656e-06
tip_RF2,gsat,10,0.01/0.005,-0.060420903292569245,-0.06040160209139567,0.00031944575671298954,6.187985622340532e-05,0.06019050922547064,0.00019805329957290976,1.9227602766470645e-05
tip_RF2,gsat,11,0.01/0.005,-0.06931066513061523,-0.06928064720089552,0.0004330925069488613,2.8144261228796648e-05,0.06779303494357718,0.00017584297509323313,2.9360655457385593e-05
tip_RF2,gsat,12,0.01/0.005,-0.07797154513272371,-0.07793968303767626,0.0004086374714418414,5.003613721023974e-05,0.0749779899874016,0.00015899237839106078,3.0638816242243494e-05
tip_RF2,gsat,13,0.01/0.005,-0.08637840097600763,-0.08634127062447451,0.0004298568984094956,3.3874743743778256e-05,0.08174950047977654,0.0001458226519442423,3.514058672276232e-05
tip_RF2,gsat,14,0.01/0.005,-0.09461923079057173,-0.0945829720156731,0.00038320724651506785,9.162795385604243e-05,0.08821099053438895,0.000135141084833763,3.3803090795049906e-05
tip_RF2,gsat,15,0.01/0.005,-0.10269316759976473,-0.10265802148228678,0.0003422439710392607,7.492628730757294e-05,0.09437901070433341,0.00012630911116904488,3.230064740620796e-05
tip_RF2,gsat,16,0.01/0.005,-0.110628604888916,-0.11058869208669443,0.0003607819357538415,4.7020930191540114e-05,0.100297967363226,0.00011885514002399317,3.61856948174803e-05
tip_RF2,gsat,17,0.01/0.005,-0.11848319660533557,-0.1184412302451786,0.0003541967245935044,6.036769413701638e-05,0.10603015990026984,0.0001124296046171273,3.755553534480111e-05
tip_RF2,gsat,18,0.01/0.005,-0.12623505158857865,-0.12619489982865112,0.000318071402690809,6.867954980557102e-05,0.11156492833637847,0.0001068519393400714,3.5485613247051484e-05
tip_RF2,gsat,19,0.01/0.005,-0.13386444611982865,-0.13382409907045315,0.0003014022807772513,6.0717437238465596e-05,0.11689542254415689,0.00010197943337409153,3.523254696722941e-05
tip_RF2,gsat,20,0.01/0.005,-0.14141971414739435,-0.1413785218926498,0.0002912766087309561,4.827785977349003e-05,0.1220711695238168,9.765556438576006e-05,3.5556476282718996e-05
tip_RF2,gsat,21,0.01/0.005,-0.14896956357088956,-0.14891673698516183,0.00035461328113902784,3.346398838358035e-05,0.12715891068898239,9.374827835884414e-05,4.509223854548465e-05
tip_RF2,gsat,22,0.01/0.005,-0.15645330602472476,-0.15640293242880726,0.00032197207714831894,5.125832255059801e-05,0.13210924455043918,9.023538811113801e-05,4.253548787840014e-05
tip_RF2,gsat,23,0.01/0.005,-0.1638696410439231,-0.1638186011156816,0.0003114666506641448,7.142375315955528e-05,0.13692927219524847,8.70590251738137e-05,4.264890178853305e-05
tip_RF2,gsat,24,0.01/0.005,-0.17121011560613458,-0.17116463230711246,0.00026565777881231535,6.836152613297439e-05,0.14161509361125244,8.417837852653097e-05,3.762115121506343e-05
tip_RF2,gsat,25,0.01/0.005,-0.17852869900790128,-0.17848365340212774,0.0002523157678505369,6.191694873262512e-05,0.14621663515699398,8.152922505895808e-05,3.689276257215875e-05
tip_region_U,gsat,1,0.02/0.01,0.0,-1.9731657022645243e-27,2.242046744535646e+273,0.0,5.500000122934583e-297,1.0837207898749634e+291,1.2331257370571133e-23
tip_region_U,gsat,2,0.02/0.01,4.161064393034251e-19,4.305656940113308e-25,275316.4519594235,0.16052930716043848,1.1442927336613547e-15,5208863346.06667,3.1504261543459376e-10
tip_region_U,gsat,3,0.01/0.005,3.047964789650657e-08,2.8531141976877633e-08,0.07570675388348103,0.055555555555555615,5.587935572592964e-05,0.21333332856496173,4.230444631110441e-06
tip_region_U,gsat,4,0.02/0.01,2.912499687888405e-07,2.932946823705955e-07,0.016263291742276923,0.011627906976744245,0.000400468716035829,0.014883720597555472,6.51293956254574e-06
tip_region_U,gsat,5,0.02/0.01,8.229504932056773e-07,8.267691307082467e-07,0.008345909187197997,0.004115226337448549,0.0009052455290370355,0.006584362238032337,7.555096977460105e-06
tip_region_U,gsat,6,0.02/0.01,1.5239823948253284e-06,1.530681857184318e-06,0.004510299963259096,0.0022222222222222855,0.001396983893148241,0.004266666571299235,6.3008164019400604e-06
tip_region_U,gsat,7,0.02/0.01,2.336773005398837e-06,2.337156171740975e-06,0.0018189485176954942,0.0014492753623188818,0.0018360359249964956,0.0032463768254155697,3.339654824208051e-06
tip_region_U,gsat,8,0.02/0.01,3.2240694219415835e-06,3.2289282735151143e-06,0.0021053257066872815,0.002100840336134481,0.002216547777128542,0.0026890755701465766,4.6665550152892705e-06
tip_region_U,gsat,9,0.02/0.01,4.206191409717906e-06,4.2073122440731145e-06,0.0017359636403441166,0.0016103059581321917,0.0025704502037982063,0.002318840671852591,4.4622080931088105e-06
tip_region_U,gsat,10,0.02/0.01,5.2560459483753546e-06,5.253953397212752e-06,0.0014673779714261574,0.0012886597938144295,0.0028908252285297924,0.0020618557008271364,4.241933259587604e-06
tip_region_U,gsat,11,0.02/0.01,6.393952803178267e-06,6.391711679720611e-06,0.0009244126792011289,0.0010593220338983352,0.003196976418912283,0.0018644067695585348,2.9553255367495346e-06
tip_region_U,gsat,12,0.02/0.01,7.5928189537741915e-06,7.592645977481049e-06,0.0009425473260851519,0.0008920606601249697,0.0034800420982648403,0.0017127564291566956,3.2801043743832864e-06
tip_region_U,gsat,13,0.02/0.01,8.859417655251242e-06,8.857280442686875e-06,0.0008966607929644522,0.000764525993883766,0.0037482152993207818,0.0015902140089495832,3.360877702490464e-06
tip_region_U,gsat,14,0.02/0.01,1.0193748907609418e-05,1.0184379088840356e-05,0.0013399348794178347,0.0013289036544850462,0.004004687053796704,0.0014883720993599625,5.36601986453525e-06
tip_region_U,gsat,15,0.02/0.01,1.1582266200672496e-05,1.1571044650902055e-05,0.0016139576919111634,0.0011695906432749603,0.004246830771492688,0.0014035088277002522,6.8542051898956455e-06
tip_region_U,gsat,16,0.02/0.01,1.3031742789528586e-05,1.3014562058053072e-05,0.0014395267954442567,0.001039501039501069,0.004479661684028692,0.0013305613008209672,6.448593028684246e-06
tip_region_U,gsat,17,0.02/0.01,1.4535405419089576e-05,1.451150008955303e-05,0.0016446276417719336,0.000931966449207855,0.0047026311155351,0.0012674743842545338,7.73407712166581e-06
tip_region_U,gsat,18,0.02/0.01,1.6079707579179242e-05,1.605812458099931e-05,0.0013422506643020692,0.000842459983150877,0.004913243787292224,0.0012131424239430993,6.594804737371002e-06
tip_region_U,gsat,19,0.02/0.01,1.7664649269797582e-05,1.7652241722854762e-05,0.0013502009841912042,0.0011503067484663625,0.005113451168580445,0.0011656441571522346,6.90418680043098e-06
tip_region_U,gsat,20,0.02/0.01,1.9303777001120825e-05,1.9292878071074886e-05,0.001536766176659624,0.0007017543859649762,0.005308538596204838,0.001122807034274988,8.157982562139756e-06
tip_region_U,gsat,21,0.02/0.01,2.099709077314897e-05,2.0976882915081856e-05,0.0013515995268499983,0.0006451612903226394,0.005499238231328613,0.001083870933901879,7.432767791499175e-06
tip_region_U,gsat,22,0.02/0.01,2.2731044075705786e-05,2.270410951144452e-05,0.0013091791736454623,0.0005959475566150722,0.005682761049719079,0.0010488676939590328,7.439752415095843e-06
tip_region_U,gsat,23,0.02/0.01,2.4492090398615055e-05,2.44724043735109e-05,0.0015283476909121595,0.0005530973451327937,0.005856804119510161,0.0010176991335058634,8.951233052178177e-06
tip_region_U,gsat,24,0.02/0.01,2.6307322762229223e-05,2.6281214719722144e-05,0.0012096108943748418,0.0005149330587024156,0.0060287616010975195,0.0009886714506100185,7.292455712276274e-06
tip_region_U,gsat,25,0.02/0.01,2.8149648146195844e-05,2.8128703395632958e-05,0.0012280487327929555,0.0007218479307026643,0.006192922592163086,0.0009624639076034649,7.605210741590742e-06
e1_ip1_S11,gsat,1,0.02/0.01,0.0,-1.261767673245817e-21,1.261767673245817e+279,0.0,4.1138801854994194e-300,1.4488668139992195e+294,5.1907610296696725e-21
e1_ip1_S11,gsat,2,0.02/0.01,0.0,-6.405268228647118e-08,6.4052682286471185e+292,0.0,2.0585987130188532e-300,2.8953989137583196e+294,1.3185876932033507e-07
e1_ip1_S11,gsat,3,0.02/0.01,-0.0037279996004971586,-0.0037704873865273417,0.011396939534145077,0.0004651162790698098,0.006104264240254754,0.0009764427362486375,6.956993044662748e-05
e1_ip1_S11,gsat,4,0.01/0.005,-0.014246160333806816,-0.014504310381499814,0.018120675441255226,0.0,0.02348522580347142,0.0005075926906061962,0.0004255681544492981
e1_ip1_S11,gsat,5,0.01/0.005,-0.025163130326704544,-0.025279891474837713,0.004640167841488915,0.0,0.04133297711932619,0.00028841205705224215,0.0001917919512220945
e1_ip1_S11,gsat,6,0.01/0.005,-0.033167058771306816,-0.033149034789070504,0.0005434302257728327,0.0,0.05361772780134127,0.00022233185634509332,2.9137493924509175e-05
e1_ip1_S11,gsat,7,0.01/0.005,-0.04074790261008522,-0.04075488075007179,0.00017125151331940213,0.0,0.06430435981370451,0.00018538290389040685,1.1012218931132245e-05
e1_ip1_S11,gsat,8,0.01/0.005,-0.048654729669744316,-0.04871280734965422,0.0011936697686765303,7.127583749102569e-05,0.0748174651160236,0.0001593335050391199,8.930734627800825e-05
e1_ip1_S11,gsat,9,0.01/0.005,-0.056901411576704544,-0.05692190267493087,0.00036011581538192267,0.0,0.0853453840516275,0.0001396786608619262,3.0734222566835175e-05
e1_ip1_S11,gsat,10,0.01/0.005,-0.06517583673650568,-0.06515717575505532,0.00028631748182686553,0.0001064169415770023,0.0955222072105086,0.00012479746127313815,2.7349677827056875e-05
e1_ip1_S11,gsat,11,0.01/0.005,-0.07308266379616477,-0.07304901200019266,0.0004604620880536282,9.490367277223986e-05,0.1048107716468013,0.00011373763180801785,4.8261386762998145e-05
e1_ip1_S11,gsat,12,0.01/0.005,-0.08075367320667613,-0.0807102961478682,0.0005371527645177367,0.0,0.1134672675243972,0.000105060509653279,6.094925643300357e-05
e1_ip1_S11,gsat,13,0.01/0.005,-0.0882998379794034,-0.08825273255190255,0.0005334712789827949,0.0,0.1217104782004784,9.794496851324726e-05,6.492904447121679e-05
e1_ip1_S11,gsat,14,0.01/0.005,-0.09581132368607954,-0.09576145005489908,0.0005205400495652176,3.61951643259407e-05,0.12970335451333215,9.190917998850043e-05,6.751579058714491e-05
e1_ip1_S11,gsat,15,0.01/0.005,-0.1031771573153409,-0.10313237685711928,0.0004340152354145484,3.3611185802671806e-05,0.13731815682774748,8.681247426028149e-05,5.9598172162286706e-05
e1_ip1_S11,gsat,16,0.01/0.005,-0.11039733886718749,-0.11035418751954372,0.00039087307797952445,3.141295470255361e-05,0.14457973594691687,8.245228058415428e-05,5.651232640303828e-05
e1_ip1_S11,gsat,17,0.01/0.005,-0.11755509810014203,-0.1175097164864513,0.000386045475050983,2.9500265502421723e-05,0.15161207132288396,7.862783517870723e-05,5.852915409730625e-05
e1_ip1_S11,gsat,18,0.01/0.005,-0.12462962757457385,-0.12458382584022458,0.0003675027779559706,0.0,0.15840336041855368,7.525679331283829e-05,5.821367499137932e-05
e1_ip1_S11,gsat,19,0.01/0.005,-0.1315862482244318,-0.13154254500081516,0.0003321260709712736,2.6354627872788672e-05,0.16492651459732657,7.228024544254428e-05,5.4776395292196476e-05
e1_ip1_S11,gsat,20,0.01/0.005,-0.13845963911576703,-0.13841985654624744,0.0002873224989870434,5.0092671442222684e-05,0.1712352561237855,6.961725771274881e-05,4.9199741704172473e-05
e1_ip1_S11,gsat,21,0.01/0.005,-0.1453122225674716,-0.14526362317433916,0.00033444807514288784,4.7730418595632175e-05,0.17741614650368417,6.719190552834252e-05,5.933648869742577e-05
e1_ip1_S11,gsat,22,0.01/0.005,-0.1521023837002841,-0.15205497719148858,0.00031167498918964687,4.559963520278566e-05,0.18342026349788715,6.499243173977581e-05,5.716750864286616e-05
e1_ip1_S11,gsat,23,0.01/0.005,-0.15883705832741477,-0.15878445870739147,0.0003311545843091106,6.549932317364466e-05,0.18926608955977803,6.298502274129251e-05,6.267633321197919e-05
e1_ip1_S11,gsat,24,0.01/0.005,-0.16550931063565338,-0.16545235894881177,0.00034409959550240905,2.095293969754627e-05,0.19494878172737704,6.11490302706726e-05,6.708179693607787e-05
e1_ip1_S11,gsat,25,0.01/0.005,-0.17214688387784088,-0.1720890895317276,0.0003357269374349462,2.014504431920011e-05,0.2005086877942396,5.945342860809745e-05,6.731616768225983e-05
root_mises,gsat,1,0.02/0.01,0.0,3.3040248713147912e-21,3.304024871314806e+279,0.0,3.476342801613691e-300,1.7145790325316193e+294,1.1485923077747828e-20
root_mises,gsat,2,0.01/0.005,1.517008740847814e-10,1.6745316544661035e-07,1102.8378417848014,0.5,2.641098187113374e-10,45136.25814156979,2.912703024617865e-07
root_mises,gsat,3,0.02/0.01,0.00396926040615142,0.003967227585666255,0.012189392563968525,0.0004876486515659535,0.005400252810832005,0.0011037380445566114,6.582580145590578e-05
root_mises,gsat,4,0.02/0.01,0.01374447019912204,0.013505294729982513,0.020418982412857285,0.00035351937159666826,0.016950371421540007,0.0003516421162290691,0.00034610933594782413
root_mises,gsat,5,0.01/0.005,0.02769888460030436,0.027723070627519258,0.010480938772469892,0.00018311714384062355,0.032477497225644275,0.00036705195822987687,0.00034039465990503843
root_mises,gsat,6,0.01/0.005,0.04334061225515545,0.04334245770061309,0.0039729956804328065,0.00012943631986747357,0.04927546159136327,0.0002419242472843229,0.00019577119605381892
root_mises,gsat,7,0.01/0.005,0.05621433423095047,0.056067720439108105,0.004203898949213222,9.641501954515212e-05,0.06224887372917434,0.00019150433157943405,0.00026168797485978256
root_mises,gsat,8,0.01/0.005,0.06801309072912431,0.06777987810113784,0.004470580210572949,9.647723038949716e-05,0.07341229289063732,0.00016238328058812703,0.0003281955438096684
root_mises,gsat,9,0.01/0.005,0.07954756239886829,0.07933711439952565,0.0028548257848003736,7.630677143071675e-05,0.08380174138672322,0.0001422515661108537,0.0002392393721219901
root_mises,gsat,10,0.01/0.005,0.09100661815267584,0.09087354419364324,0.004599381086350194,0.00010012436710418783,0.09372554422508435,0.00012718975444356664,0.0004310794954167316
root_mises,gsat,11,0.01/0.005,0.10214786611931778,0.1020442068972777,0.0023379768681922202,8.158030753680202e-05,0.10298600056790681,0.00011575290708777173,0.000240778887075397
root_mises,gsat,12,0.01/0.005,0.11305665216566879,0.11296473700789149,0.0018373863840285797,0.00011112426503936909,0.11172388038503334,0.00010669991871026227,0.00020527993659029796
root_mises,gsat,13,0.01/0.005,0.1237937401636848,0.12371401519126357,0.0021616979005682846,7.319076030592581e-05,0.12005027555791,9.929947182276722e-05,0.0002595124286361781
root_mises,gsat,14,0.01/0.005,0.13443236298703645,0.13437441729438962,0.002608923186240863,4.7296225311605117e-05,0.1280704006840496,9.308106237980095e-05,0.0003341258378157747
root_mises,gsat,15,0.01/0.005,0.14486139437903747,0.1448213565942913,0.00184586213545229,6.553409323010869e-05,0.13569984582295996,8.784777081199266e-05,0.0002504832071913154
root_mises,gsat,16,0.01/0.005,0.15509203230545215,0.1550537723731752,0.0017509648622561589,7.660470633216883e-05,0.14296605107264487,8.338293507890753e-05,0.0002503285319237206
root_mises,gsat,17,0.01/0.005,0.1652228732430284,0.16520253492728573,0.0017202189515354296,5.263345941056748e-05,0.14998699563916268,7.947975025619811e-05,0.00025801047238234947
root_mises,gsat,18,0.01/0.005,0.17526525417769726,0.1752599050128326,0.0015701806491094956,6.669288506503575e-05,0.1567860621655501,7.603309114614306e-05,0.0002461824408624252
root_mises,gsat,19,0.01/0.005,0.1851853440449376,0.18517395903022466,0.00120162170217205,5.623285652278792e-05,0.16334229219007051,7.298127628334329e-05,0.0001962756431781169
root_mises,gsat,20,0.01/0.005,0.1949909249704004,0.19498442669480628,0.0010693983972255865,5.337108511933592e-05,0.1696845527149428,7.02534718944298e-05,0.00018146038870730033
root_mises,gsat,21,0.01/0.005,0.20474198451049636,0.20475184824246617,0.0010129713700721072,7.466756761506038e-05,0.17586489514515163,6.7784585122796e-05,0.00017814610378277175
root_mises,gsat,22,0.01/0.005,0.21443507873049775,0.21444967477608107,0.0008568793184798904,5.3179562127253444e-05,0.1818958551827354,6.553711156915682e-05,0.00015586279642329918
root_mises,gsat,23,0.01/0.005,0.22404675011611885,0.22406241287166553,0.0006592740391260949,6.577756638339453e-05,0.18775377866834247,6.349235173655727e-05,0.00012378119202386496
root_mises,gsat,24,0.01/0.005,0.233581679039322,0.23358921537247493,0.0005714389741496079,5.867311745104137e-05,0.19346046074275525,6.161945913552541e-05,0.00011055084722535055
root_mises,gsat,25,0.01/0.005,0.24306274971817998,0.24307150065047378,0.0005844917282209799,4.279902418072529e-05,0.19903803793369443,5.989271738625833e-05,0.000116336086773578
tip_RF2,C11,1,0.01/0.005,-0.00023644817549557914,-0.00023644708904660454,4.59487146525017e-06,1.6074063884503833e-05,3.1342800163663993,3.803402661163048e-06,1.4401613811305804e-05
tip_RF2,C11,2,0.01/0.005,-0.00047250925785019283,-0.0004725075208319841,3.6761569850356353e-06,1.3759558012154462e-05,3.131850960351926,3.8063525710490933e-06,1.1513175783988295e-05
tip_RF2,C11,3,0.01/0.005,-0.0005428200321538108,-0.0005429239541414788,0.00019144832819749366,0.00032408973334587925,2.4624793980391213,4.8410268790759396e-06,0.00047143756397536034
tip_RF2,C11,4,0.01/0.005,-0.00034842342138290404,-0.00034775209191175783,0.001926763328600832,0.0006064823554976792,1.3284546128919283,8.973531228987429e-06,0.0025596176318307814
tip_RF2,C11,5,0.01/0.005,-0.0002284681158406394,-0.00022790234035316583,0.0024763870678051075,5.2332938739819703e-05,0.8049545549686099,1.4809443441863616e-05,0.001993379050095081
tip_RF2,C11,6,0.01/0.005,-0.0001672128126734779,-0.00016726465658559495,0.0003100474855254145,2.3233540150726162e-05,0.5628603261997949,2.1179195619565897e-05,0.00017451342884026096
tip_RF2,C11,7,0.01/0.005,-0.0001375129535084679,-0.0001379588907232652,0.003242874241442514,0.0010366619176644797,0.4481641431159483,2.6599470614037856e-05,0.0014533399556488653
tip_RF2,C11,8,0.01/0.005,-0.00012144850833075387,-0.00012186333943321165,0.0034156953276694687,0.0013614796352093956,0.38559734093359466,3.091548537709205e-05,0.0013170830357886506
tip_RF2,C11,9,0.01/0.005,-0.00011016169474238441,-0.00011036969846832928,0.0018881674472355332,0.001386318203586684,0.3419891720576107,3.485762102745742e-05,0.0006457328219862123
tip_RF2,C11,10,0.01/0.005,-0.00010292097216560728,-0.00010310911947666175,0.0018280755330578405,0.0012135880495101029,0.3131780213390195,3.806438556610445e-05,0.0005725130783013278
tip_RF2,C11,11,0.01/0.005,-9.810938721611386e-05,-9.824375003152876e-05,0.001369520483487766,0.0010461854912551189,0.29311778192093163,4.066941581283455e-05,0.00040143080641521584
tip_RF2,C11,12,0.01/0.005,-9.421039195287796e-05,-9.429513470712457e-05,0.000899505378228314,0.0010872234114185975,0.27672159737124924,4.3079141882391725e-05,0.0002489125651073688
tip_RF2,C11,13,0.01/0.005,-9.113926263082595e-05,-9.121345505583257e-05,0.0008140555767622103,0.0011137383380579314,0.2634705331376073,4.524577687346909e-05,0.00021447965681318195
tip_RF2,C11,14,0.01/0.005,-8.888684567951021e-05,-8.893600600005027e-05,0.0005530663189164273,0.0009399921767104373,0.2531205308756723,4.709585948574611e-05,0.00013999244025357998
tip_RF2,C11,15,0.01/0.005,-8.676428170431227e-05,-8.679882095757891e-05,0.00039808147532815514,0.0009069667971641924,0.24356867783975614,4.894278304093315e-05,9.696017861817824e-05
tip_RF2,C11,16,0.01/0.005,-8.46554126058306e-05,-8.469560456886646e-05,0.00047477133237776683,0.0031294083921958025,0.23443692649476808,5.0849194848765277e-05,0.00011130393195046962
tip_RF2,C11,17,0.01/0.005,-8.296448559988112e-05,-8.299374678929121e-05,0.000352695363546385,0.001385982122926139,0.22678350894816574,5.256523726248016e-05,7.998549213479816e-05
tip_RF2,C11,18,0.02/0.01,-8.182167297317868e-05,-8.16046133561586e-05,0.0026528376789756976,0.002871603237009176,0.22088319533677966,2.6984689661208355e-05,0.0005859672632419581
tip_RF2,C11,19,0.01/0.005,-8.023799884886969e-05,-8.027986972032683e-05,0.0005218334462204379,0.001254882678639472,0.21402225754029514,5.569948234395064e-05,0.00011168397222013031
tip_RF2,C11,20,0.01/0.005,-7.899573871067592e-05,-7.903178753398472e-05,0.0004563388341847983,0.0008883691016422996,0.2082827999362375,5.7234341763830386e-05,9.50475301036482e-05
tip_RF2,C11,21,0.01/0.005,-7.794336194083804e-05,-7.797833160379849e-05,0.00044865479355368976,0.0008116018553500763,0.20322399288200493,5.865906277119358e-05,9.117741857163244e-05
tip_RF2,C11,22,0.01/0.005,-7.699955077398391e-05,-7.702662878346248e-05,0.00035166451240791055,0.0008081876691018367,0.1986018309866837,6.002426511303125e-05,6.984121605725038e-05
tip_RF2,C11,23,0.01/0.005,-7.606120336623419e-05,-7.610397153623353e-05,0.0005622862656197109,0.0008237555041420509,0.19413667259421755,6.140482782454569e-05,0.00010916038465283906
tip_RF2,C11,24,0.01/0.005,-7.514804601669312e-05,-7.519613517239149e-05,0.0006399255635693053,0.000893724664817821,0.18986477900755588,6.278641577121431e-05,0.0001214993257083718
tip_RF2,C11,25,0.01/0.005,-7.433976445879255e-05,-7.438302707273398e-05,0.0005819579098264504,0.0009406677738960957,0.18597583537931578,6.409934350215035e-05,0.00010823010843557463
tip_region_U,C11,1,0.01/0.005,1.7302920154872394e-09,1.7302801278339878e-09,0.00028460212962398565,0.0003203844613536232,0.02906890650992631,0.00041009210136636623,8.273072698565568e-06
tip_region_U,C11,2,0.01/0.005,3.4827583779891333e-09,3.48263599701703e-09,0.00030666034276862397,0.0006366892160764004,0.029255171029012747,0.0004074810891809854,8.971400775511767e-06
tip_region_U,C11,3,0.01/0.005,1.2792935151429404e-08,1.2791723757616716e-08,0.0002173206181333786,0.0005199982666723779,0.07164043844929324,0.00016639944161586477,1.5568944367146668e-05
tip_region_U,C11,4,0.02/0.01,2.8391202379550253e-08,2.8401616228163596e-08,0.00040590578313538556,0.00028312294369754455,0.11924305265940098,4.9985842735544445e-05,4.840144467316818e-05
tip_region_U,C11,5,0.01/0.005,3.741865622855368e-08,3.746047067535396e-08,0.001194499058729629,0.0011259426065571966,0.1257266830544668,9.481622091241992e-05,0.00015018040456575896
tip_region_U,C11,6,0.01/0.005,4.2798707172984166e-08,4.2782205578044434e-08,0.0003962611210263469,0.001120408269001537,0.11983638276290755,9.947670882776311e-05,4.7486499373372134e-05
tip_region_U,C11,7,0.01/0.005,4.60705320749964e-08,4.599534512239525e-08,0.0016700835047618325,0.0009024619161072223,0.11056927650924547,0.00010781411736994889,0.00018465992483154083
tip_region_U,C11,8,0.01/0.005,4.834340264399846e-08,4.8245262997293644e-08,0.002081723374366102,0.000802697062128707,0.10152114782157125,0.00011742311046393785,0.00021133894641264114
tip_region_U,C11,9,0.01/0.005,5.011180681841714e-08,5.001348800990676e-08,0.0020102691399117036,0.0007964954201513644,0.09354203567735213,0.00012743927228819497,0.00018804466760670056
tip_region_U,C11,10,0.01/0.005,5.1483290181273506e-08,5.137465713564144e-08,0.0021790759078860254,0.0008183482287068397,0.08649192621570935,0.0001378270721517698,0.000188472472643308
tip_region_U,C11,11,0.01/0.005,5.257759420644669e-08,5.2463646091552475e-08,0.002222015171522743,0.000885664881278807,0.08030032613223426,0.00014845430310516275,0.0001784285429440487
tip_region_U,C11,12,0.01/0.005,5.350559062900997e-08,5.339062146844128e-08,0.0021802320416715723,0.0008288609378560864,0.0749078285549344,0.00015914129651129578,0.00016331644798750874
tip_region_U,C11,13,0.01/0.005,5.431273686034339e-08,5.419470119158626e-08,0.002215759936308412,0.0008573703227387589,0.07018877020941405,0.00016984097198898112,0.00015552146500877708
tip_region_U,C11,14,0.01/0.005,5.5013446226006463e-08,5.4896975838528135e-08,0.002134676902081472,0.0008867570890182864,0.06601613519014574,0.00018057598980525548,0.00014092311895509192
tip_region_U,C11,15,0.01/0.005,5.565428485472997e-08,5.553930332664126e-08,0.002095931212220601,0.0008765464071557733,0.06233279656041477,0.00019124649643344676,0.00013064525385597024
tip_region_U,C11,16,0.01/0.005,5.62518835067749e-08,5.6135584277331346e-08,0.0021847989254170784,0.00015767896562604377,0.05906447900230763,0.00020182907149003004,0.0001290440102545613
tip_region_U,C11,17,0.01/0.005,5.6792937573932466e-08,5.6677911037311154e-08,0.002174198989665648,0.00025378728720915625,0.056124784776833636,0.0002124004395291449,0.00012202645035699364
tip_region_U,C11,18,0.01/0.005,5.728077320825486e-08,5.716607190595864e-08,0.002089394356665324,0.0005419634561784681,0.05346205286998009,0.0002229792594023628,0.00011170331156227961
tip_region_U,C11,19,0.01/0.005,5.772647758324941e-08,5.7606147854578916e-08,0.0021640736585418234,0.00038412783774442863,0.051042359766738786,0.00023354972241793317,0.00011045942624101436
tip_region_U,C11,20,0.01/0.005,5.812783326421465e-08,5.800298015509055e-08,0.002219818376317249,7.62951094835103e-05,0.048827379214355655,0.00024414435398517707,0.00010838791364743758
tip_region_U,C11,21,0.01/0.005,5.849592742465791e-08,5.837035931886351e-08,0.0022581384805185393,0.00022744503411683916,0.046796743400789945,0.0002547384302574545,0.00010567352703627578
tip_region_U,C11,22,0.01/0.005,5.884628210748945e-08,5.871649581914598e-08,0.0022197056045114086,0.0003768181475620134,0.044937161125579536,0.00026527997444619143,9.974726840128109e-05
tip_region_U,C11,23,0.01/0.005,5.91766798780078e-08,5.9046475532056606e-08,0.0022966539460298526,0.0005245999925056846,0.04322470451807734,0.00027578971534883667,9.927218819741672e-05
tip_region_U,C11,24,0.01/0.005,5.949599047501882e-08,5.936027861874487e-08,0.0023793686487577313,0.0005404196638217316,0.0416471942634005,0.0002862360638194112,9.909402833905799e-05
tip_region_U,C11,25,0.01/0.005,5.979534415971666e-08,5.965809576630973e-08,0.0024081565225305686,0.0006675072313283647,0.04018247127532959,0.0002966698805903731,9.676568029308217e-05
e1_ip1_S11,C11,1,0.01/0.005,-0.0002425602504185268,-0.00024255890947350777,5.528296646784953e-06,1.9892533513002242e-05,3.0480203589407484,3.911039806578227e-06,1.685036072966441e-05
e1_ip1_S11,C11,2,0.01/0.005,-0.00047811326526460196,-0.000478190516426127,0.0001615750223585106,0.0004238656547715842,3.006416058701087,3.965162746046709e-06,0.00048576174190361344
e1_ip1_S11,C11,3,0.01/0.005,-1.593998500279018e-05,-1.5115923195617426e-05,0.05169777807372513,0.12692307692307683,0.07972453017039699,0.00014952648738850215,0.004121581067781188
e1_ip1_S11,C11,4,0.02/0.01,7.264500572567894e-05,7.266353581739981e-05,0.00025507729727275273,0.011189947801081518,0.36580468798951377,1.629411725229155e-05,9.330847114206775e-05
e1_ip1_S11,C11,5,0.01/0.005,5.98907470703125e-05,6.00768011874776e-05,0.003106558629944506,0.0065589930239612244,0.30049575647721816,3.967087287630932e-05,0.0009335076855460047
e1_ip1_S11,C11,6,0.01/0.005,2.368291219075521e-06,2.2170634471901042e-06,0.06385522636208965,0.18504314477468845,0.01169453996168945,0.0010193585206541096,0.0007467574964541831
e1_ip1_S11,C11,7,0.01/0.005,-2.9425393967401413e-05,-2.9019669232150885e-05,0.013788251593164937,0.007639478354811272,0.1418417359703484,8.40438737831731e-05,0.0019557495419704365
e1_ip1_S11,C11,8,0.01/0.005,-4.2745045253208703e-05,-4.225720208389576e-05,0.011412858880441221,0.003957503320053077,0.20077530731420443,5.937447744220061e-05,0.002291420249054233
e1_ip1_S11,C11,9,0.01/0.005,-4.7047932942708336e-05,-4.694869604419571e-05,0.00210927223165088,0.0018098455598455803,0.21554806893585107,5.530519950343835e-05,0.00045464955639236025
e1_ip1_S11,C11,10,0.02/0.01,-4.815601167224702e-05,-4.830809655458085e-05,0.003158170227404394,0.000801584307808389,0.21558316170272068,2.7648098443598627e-05,0.0006808483228192396
e1_ip1_S11,C11,11,0.01/0.005,-4.9420765468052453e-05,-4.9528371733005574e-05,0.0021773492161444104,0.000758097863542322,0.21649486997177858,5.5063332247235655e-05,0.0004713849354323381
e1_ip1_S11,C11,12,0.02/0.01,-4.971935635521299e-05,-4.982714840259339e-05,0.002168009710550143,0.00017126024707154712,0.21339311374628223,2.793185015626076e-05,0.00046263834276647105
e1_ip1_S11,C11,13,0.01/0.005,-4.865328470865885e-05,-4.870508417703757e-05,0.0010646653908137202,0.0005367060251084974,0.2048456850523644,5.8194679336451715e-05,0.00021809211133277977
e1_ip1_S11,C11,14,0.01/0.005,-4.699570792061942e-05,-4.703558217671284e-05,0.0008484659101374078,0.0002898970865342432,0.19432968932694628,6.134383786834541e-05,0.00016488211672150717
e1_ip1_S11,C11,15,0.01/0.005,-4.545393444242932e-05,-4.549023664138838e-05,0.0007986591128881032,0.0004495953641721129,0.18478319866750806,6.45130566038539e-05,0.00014757878552441812
e1_ip1_S11,C11,16,0.02/0.01,-4.427205948602586e-05,-4.420345449563779e-05,0.0015496227459154677,0.001820746249519153,0.17710268276842447,3.365541608047143e-05,0.0002744423455806019
e1_ip1_S11,C11,17,0.01/0.005,-4.280635288783482e-05,-4.288519675829173e-05,0.0018418731131685008,0.0011935073201782757,0.16863477305911903,7.069081150243521e-05,0.0003106038544428632
e1_ip1_S11,C11,18,0.02/0.01,-4.156771160307385e-05,-4.148163414758387e-05,0.002070776864310538,0.0027858957200994697,0.1613785473594665,3.693467672789422e-05,0.0003341789622680257
e1_ip1_S11,C11,19,0.01/0.005,-3.9988472348167786e-05,-4.008651815958642e-05,0.0024518518878385545,0.0019873942422348537,0.15309513222504315,7.786615277587584e-05,0.00037536658896486524
e1_ip1_S11,C11,20,0.01/0.005,-3.875096638997396e-05,-3.8848831325012455e-05,0.002525483727389523,0.0009668346419782972,0.1463858578875181,8.14349768967306e-05,0.0003696951020148822
e1_ip1_S11,C11,21,0.01/0.005,-3.780183337983631e-05,-3.789394329033224e-05,0.002436651936174711,0.0006307063911580612,0.14097771022831054,8.455896280179626e-05,0.0003435136105852902
e1_ip1_S11,C11,22,0.01/0.005,-3.7061600458054314e-05,-3.7143784501972505e-05,0.0022174985133522626,0.0004595025119471437,0.13651552853682236,8.732287881713538e-05,0.00030272298157990195
e1_ip1_S11,C11,23,0.01/0.005,-3.643035888671875e-05,-3.6511863203156615e-05,0.002237263615527418,0.0002804786836200555,0.13259618099196885,8.990401432300796e-05,0.0002966526112912201
e1_ip1_S11,C11,24,0.01/0.005,-3.581501188732329e-05,-3.589792801295272e-05,0.0023151221027176,0.00022189818043490781,0.12885752563323633,9.251247761041401e-05,0.00029832090569500513
e1_ip1_S11,C11,25,0.01/0.005,-3.517922900971912e-05,-3.5263412590222036e-05,0.002392991059572528,0.0002259084747950559,0.1251603988717226,9.524521384192723e-05,0.0002995077155125637
root_mises,C11,1,0.01/0.005,0.0002237939154972438,0.0002237980092838949,3.5737531652526304e-05,0.00010386665296082466,2.3763886124886557,5.016405520725845e-06,8.492626325751639e-05
root_mises,C11,2,0.01/0.005,0.00044872912422225323,0.0004487685210553644,0.0004158361991589107,0.000859827605170865,2.3863124880249194,4.995543967900335e-06,0.000992315115025726
root_mises,C11,3,0.01/0.005,0.0008020954651505858,0.0008034129014967343,0.002986677073537915,0.003621941168253167,3.3333211104550684,3.576291800297232e-06,0.009955553739336096
root_mises,C11,4,0.01/0.005,0.000740739987267761,0.0007416242166196932,0.003737305090580489,0.010798848844727177,2.790381584189403,4.272150096826673e-06,0.010428507299253107
root_mises,C11,5,0.01/0.005,0.0007162398545527085,0.0007180111800921625,0.004713092347013375,0.01235689841368501,2.5652243217247173,4.647129240948074e-06,0.01209013911909334
root_mises,C11,6,0.01/0.005,0.0005966262231201219,0.0005961678445634269,0.005110373804236091,0.012350768735846097,2.071975372423859,5.75341247474996e-06,0.010588568666257207
root_mises,C11,7,0.01/0.005,0.000646449328027093,0.0006465471007782215,0.006264171462257269,0.008730153571842886,2.186580683655813,5.451858714468815e-06,0.013697116318479733
root_mises,C11,8,0.01/0.005,0.00042155838167599576,0.0004196712875578383,0.006679317765922734,0.008182814459009626,1.3898905383515414,8.576883305657124e-06,0.009283520565499363
root_mises,C11,9,0.01/0.005,0.0004437949435896984,0.0004419820987967656,0.004723631854758536,0.009635962128802775,1.4280884585827467,8.347472373601147e-06,0.006745764134374479
root_mises,C11,10,0.01/0.005,0.00044764935655001195,0.00044636357706407607,0.004622497376819756,0.0030911778452062436,1.4082168987349954,8.465264808131988e-06,0.006509478920395768
root_mises,C11,11,0.01/0.005,0.00038313240316641275,0.0003845706232285927,0.004165511921043495,0.006507491949049019,1.1798977422486259,1.0103357713321371e-05,0.004914878110948957
root_mises,C11,12,0.01/0.005,0.0002718264147905272,0.0002704555992504569,0.00580647431458281,0.0077393695555566504,0.8205180505568616,1.4528539557402474e-05,0.004764316985209976
root_mises,C11,13,0.01/0.005,0.0002877375951528562,0.0002864245470291274,0.004563352672216272,0.010072915745054103,0.8523298111334731,1.3986286528245501e-05,0.0038894815212455244
root_mises,C11,14,0.01/0.005,0.0002994027953666698,0.00029794001221152005,0.004885669665703464,0.011392711752496417,0.8712592035236338,1.3682413806208656e-05,0.0042566846616203784
root_mises,C11,15,0.01/0.005,0.0003151819321408548,0.0003135061310652647,0.005316932554500437,0.009538398835218165,0.9018506004200373,1.321829685485151e-05,0.004795078816669062
root_mises,C11,16,0.01/0.005,0.0003389113783910137,0.0003375076559446592,0.0041418569450771886,0.007873554186071982,0.9542807793890381,1.2492056020147754e-05,0.003952494473666159
root_mises,C11,17,0.01/0.005,0.00035814235641222665,0.0003568694084304696,0.0035543072718599313,0.008025464188504066,0.9930833820420695,1.200395573085234e-05,0.003529723486355382
root_mises,C11,18,0.01/0.005,0.0003675737641692426,0.00036630786036630946,0.003443944933885244,0.0022893174038436433,1.004390794145418,1.1868815429776018e-05,0.0034590665871380892
root_mises,C11,19,0.01/0.005,0.0003687481427545856,0.0003675456974827218,0.0032608849576719985,0.0019707558069362694,0.9935013621331104,1.199890549670021e-05,0.0032396936472065007
root_mises,C11,20,0.01/0.005,0.000360968676164359,0.00035999310533464695,0.0027026467783340274,0.0015957106383254036,0.9594978755487453,1.242413272490097e-05,0.00259318384217016
root_mises,C11,21,0.01/0.005,0.0003397114378324578,0.0003391732387434961,0.0015842830974958464,0.001933387200622438,0.891310475314117,1.3374608831874138e-05,0.0014120881206611444
root_mises,C11,22,0.01/0.005,0.0002986702101102058,0.0002986555863437456,0.0009167736988606416,0.0019525226809346235,0.7738654740475763,1.5404394374551513e-05,0.0007094595130631404
root_mises,C11,23,0.01/0.005,0.00023792558937082907,0.00023813100975781087,0.0010782158170104302,0.0019838087005012023,0.6090287345738036,1.9573672436687828e-05,0.0006566644146313221
root_mises,C11,24,0.01/0.005,-0.00017400343117191387,-0.0001737521983361988,0.0014438384003552733,0.008626751279397462,0.4402079143003388,2.7080224066450752e-05,0.0006355890908071323
root_mises,C11,25,0.01/0.005,-0.00017320853865731593,-0.00017295882821314002,0.0017710278795828956,0.00925510359166332,0.4332450057183249,2.7515444604636805e-05,0.0007672889838172044
tip_RF2,C12,1,0.01/0.005,0.00022998409084052095,0.00022998398166804854,4.746957583639185e-07,1.419001392519673e-06,2.195713690688879,5.4291818672124215e-06,1.042295975551596e-06
tip_RF2,C12,2,0.01/0.005,0.0004595923029686794,0.00045959058373669457,3.740776278667019e-06,1.4683938407997967e-05,2.19401503720401,5.433385256224048e-06,8.207319406211498e-06
tip_RF2,C12,3,0.01/0.005,0.0005284592632419807,0.0005284059633493105,0.00010085903754104196,0.00013930898826815263,1.7266501187548962,6.9040790751947025e-06,0.00017414826914774465
tip_RF2,C12,4,0.01/0.005,0.0003388205835641908,0.0003384409839188756,0.0011203559161668088,6.687792336423576e-06,0.9304333204635775,1.2812233496902992e-05,0.0010424164751800975
tip_RF2,C12,5,0.01/0.005,0.00022255699496623898,0.00022185771880499865,0.0031420093596537446,0.00081440848976865,0.5647589205084159,2.110799585838588e-05,0.001774477814185388
tip_RF2,C12,6,0.01/0.005,0.0001627549652225715,0.00016278858998369314,0.00020659745203875437,0.00033111420231749845,0.39458577172119946,3.0211248882793063e-05,8.152041504834538e-05
tip_RF2,C12,7,0.01/0.005,0.0001337928220260242,0.000134248962362001,0.0034093034967756343,0.0006404516555647843,0.3140526043327096,3.795838273784543e-05,0.0010707006421230016
tip_RF2,C12,8,0.01/0.005,0.00011815798184103217,0.0001185924071278694,0.0036766478241114426,0.0007629266031255857,0.2701972959735184,4.411934957426989e-05,0.000993420300321832
tip_RF2,C12,9,0.01/0.005,0.0001071509743524977,0.00010737980474046604,0.0021355884941891084,0.0007677416121930157,0.23958187552495624,4.9757223617010927e-05,0.0005116482967873437
tip_RF2,C12,10,0.01/0.005,0.00010010265121775225,0.00010030979469698577,0.0020693106197849074,0.0006820439864241335,0.21938607818175096,5.4337672900110834e-05,0.00045397794141445924
tip_RF2,C12,11,0.01/0.005,9.543186376902683e-05,9.55855974274343e-05,0.0016109258725110318,0.0005936072116565639,0.2053530211933661,5.805090612157611e-05,0.00033080849483869973
tip_RF2,C12,12,0.01/0.005,9.165283077019306e-05,9.175490218369338e-05,0.0011136744238293484,0.0005949719229147462,0.19389482452137594,6.148141903480205e-05,0.00021593570698233595
tip_RF2,C12,13,0.01/0.005,8.867427337268167e-05,8.876358924419347e-05,0.001007235448509646,0.0005988469696010836,0.1846291484650453,6.456688477515804e-05,0.00018596502316214393
tip_RF2,C12,14,0.01/0.005,8.649402413486449e-05,8.655814530425678e-05,0.0007413364106207758,0.0005228189394863222,0.1773993685753404,6.719826034789623e-05,0.0001315126111460349
tip_RF2,C12,15,0.01/0.005,8.444027467207476e-05,8.448826521939027e-05,0.0005683371768019961,0.0004900319337475725,0.1707285645337897,6.982386917872082e-05,9.703139036659144e-05
tip_RF2,C12,16,0.02/0.01,8.267696238746328e-05,8.24455408275887e-05,0.0027991057386703173,0.0008484381944948667,0.16490426525599622,3.614499884697391e-05,0.0004615844752092712
tip_RF2,C12,17,0.01/0.005,8.074656005733269e-05,8.079155706673521e-05,0.0005572622458537657,0.0010737010352674492,0.1589715337116284,7.49878212580026e-05,8.858883390295966e-05
tip_RF2,C12,18,0.02/0.01,7.96786024550761e-05,7.944276329833261e-05,0.0029598806891281224,0.0005242626011586507,0.1549216514284278,3.847405719330803e-05,0.00045854960439084167
tip_RF2,C12,19,0.01/0.005,7.81017886705635e-05,7.815609403213622e-05,0.0006953152097679024,0.0009637338379061407,0.1500430627848747,7.945005076422521e-05,0.0001043272236744837
tip_RF2,C12,20,0.01/0.005,7.68932429226962e-05,7.694326659193472e-05,0.0006505600146012506,0.00040231497675161034,0.14602055962998792,8.163870201076773e-05,9.499513740496771e-05
tip_RF2,C12,21,0.01/0.005,7.587277199611192e-05,7.592037364891647e-05,0.0006273878171605066,0.0003025482876155665,0.14248130540742054,8.3666618023962e-05,8.939103518574104e-05
tip_RF2,C12,22,0.01/0.005,7.495702790819909e-05,7.499642051195096e-05,0.000525535828343036,0.000337788993599183,0.13924624848830985,8.561041381361826e-05,7.317889254296415e-05
tip_RF2,C12,23,0.02/0.01,7.407138170289599e-05,7.409933743666704e-05,0.00037741612385709406,0.00022012647629387425,0.13616670366405403,4.377328904314613e-05,5.139150949528484e-05
tip_RF2,C12,24,0.01/0.005,7.31548001943541e-05,7.321533113097463e-05,0.0008274362920782025,0.000422201183240687,0.13312071223192604,8.954976844106124e-05,0.00011014890852799428
tip_RF2,C12,25,0.01/0.005,7.236841296361497e-05,7.242375083105133e-05,0.0007646687991371932,0.00046150390372414846,0.1303948606962691,9.142176993344655e-05,9.970888154227767e-05
tip_region_U,C12,1,0.02/0.01,-1.7977989286430612e-09,-1.7976510227755877e-09,0.00022729845376471313,0.00032109600770629447,0.021753367522806696,0.0002740019204516259,4.94450680210949e-06
tip_region_U,C12,2,0.01/0.005,-3.616764279436474e-09,-3.6168626819298146e-09,0.00031757483533315946,0.0004256224728665545,0.02188142437967862,0.0005447967530920495,6.948989744231418e-06
tip_region_U,C12,3,0.01/0.005,-1.2752576923567402e-08,-1.275764716998884e-08,0.0004637565762946325,0.0003017774692941982,0.05143539474139252,0.00023176509123754783,2.385350256563114e-05
tip_region_U,C12,4,0.02/0.01,-2.8005100725110896e-08,-2.8019313490648114e-08,0.0005562579027482825,0.00025422564243501004,0.08471543158699792,7.035866271209402e-05,4.712362830499907e-05
tip_region_U,C12,5,0.02/0.01,-3.6855743936270724e-08,-3.687569752266764e-08,0.0006044628851832568,0.0007935844958649382,0.08919089899672719,6.682816906866e-05,5.391258813965017e-05
tip_region_U,C12,6,0.01/0.005,-4.2098089436854214e-08,-4.2093103920976166e-08,0.000161306209032393,0.0006581954474813897,0.08489781559527006,0.00014041502565753034,1.3694544788804185e-05
tip_region_U,C12,7,0.01/0.005,-4.531153716331671e-08,-4.524703799235763e-08,0.0015004164370764884,0.0005180907083404046,0.07832422819169832,0.0001521997628358582,0.00011751895940015384
tip_region_U,C12,8,0.01/0.005,-4.754517196623747e-08,-4.745538204306726e-08,0.0019518041939584512,0.00045327980314711284,0.0719120742062943,0.00016577089573136962,0.00014035828803209656
tip_region_U,C12,9,0.01/0.005,-4.928466702295729e-08,-4.9195384386535645e-08,0.0018905393626750919,0.00043728135932039373,0.06626049414235377,0.00017991005212649412,0.00012526807236642215
tip_region_U,C12,10,0.01/0.005,-5.063623928826703e-08,-5.053569726086284e-08,0.0020346961850685533,0.0004864108956040468,0.06126984862581122,0.00019456436114085948,0.00012466552725866583
tip_region_U,C12,11,0.01/0.005,-5.171226322158309e-08,-5.160746109617367e-08,0.0021034273002372575,0.00047628970321196427,0.05688348985197051,0.00020956746827770748,0.00011965028548740377
tip_region_U,C12,12,0.01/0.005,-5.2626652658478285e-08,-5.2520216728887726e-08,0.002111478787658218,0.000526515927106842,0.0530652092833988,0.0002246467905443187,0.00011204606376454051
tip_region_U,C12,13,0.01/0.005,-5.3420970755175125e-08,-5.3311972617715445e-08,0.002130927130715666,0.000518687145203631,0.04972259768055393,0.00023974871610017053,0.00010595523240715222
tip_region_U,C12,14,0.01/0.005,-5.4110611273237495e-08,-5.4002550181109315e-08,0.0020764423437134986,0.0005120764700862452,0.046767028115617254,0.0002549002884170286,9.710903746890738e-05
tip_region_U,C12,15,0.01/0.005,-5.47386767450443e-08,-5.463356381862416e-08,0.002008941934258438,0.0005062009617818725,0.04415586415307267,0.00026997385701143806,8.870656714052664e-05
tip_region_U,C12,16,0.01/0.005,-5.532825781294137e-08,-5.521932745344355e-08,0.002059044040940896,0.0007790328863168203,0.0418419959062784,0.00028490344919921437,8.61545123318959e-05
tip_region_U,C12,17,0.01/0.005,-5.586088196305204e-08,-5.575214642802773e-08,0.0020210524884522536,0.0005511463844798196,0.0397598038025484,0.0002998236363106514,8.035665041551382e-05
tip_region_U,C12,18,0.01/0.005,-5.63380885715327e-08,-5.62318285100936e-08,0.002015202401443819,0.0014208426689983804,0.03787171359042141,0.0003147713114859739,7.631916817420973e-05
tip_region_U,C12,19,0.01/0.005,-5.677527139994724e-08,-5.666441844493311e-08,0.002033937459393328,0.0011929938723496197,0.03615688381893866,0.0003297001205848953,7.354084041427183e-05
tip_region_U,C12,20,0.01/0.005,-5.7169351695982875e-08,-5.7054642092855274e-08,0.0021457393565393152,0.0008616511389950733,0.034587457260676364,0.00034466046073388073,7.421566828685476e-05
tip_region_U,C12,21,0.01/0.005,-5.7532644468890734e-08,-5.7416042704562836e-08,0.002125991186076225,0.0006421576497029827,0.033149762848012194,0.0003596082726061781,7.047610363539102e-05
tip_region_U,C12,22,0.01/0.005,-5.787438597560914e-08,-5.775689066357677e-08,0.002228273432557442,0.0006383657835939801,0.03183091245906414,0.00037450792434583614,7.09279765665943e-05
tip_region_U,C12,23,0.01/0.005,-5.8203812473076433e-08,-5.8082306968974406e-08,0.002204210478834948,0.00031737635546150855,0.030620266006454535,0.00038931500309518144,6.749351119614063e-05
tip_region_U,C12,24,0.01/0.005,-5.852092396129261e-08,-5.839224785758621e-08,0.002250531987226975,0.00021043771043773236,0.029504299823290853,0.00040404039500939725,6.640037051305126e-05
tip_region_U,C12,25,0.01/0.005,-5.881648418331934e-08,-5.8686731623806664e-08,0.0023214818770795924,0.00020938023450585633,0.02846717834472656,0.0004187604690117253,6.608603861887534e-05
e1_ip1_S11,C12,1,0.01/0.005,0.00023480407462632362,0.00023480398204770326,3.9428029734374876e-07,1.6783367010891779e-06,2.125102826175471,5.609577479378782e-06,8.378861741905056e-07
e1_ip1_S11,C12,2,0.01/0.005,0.00046271016775083934,0.0004627556620940184,9.832146849121695e-05,0.00022143640687055516,2.0955760228317537,5.6886167932811915e-06,0.00020604011189980203
e1_ip1_S11,C12,3,0.01/0.005,1.1828714165805785e-05,1.0308789139500541e-05,0.12849452653941149,0.08955223880597016,0.04261060358964808,0.00027976437672369006,0.005475229333810377
e1_ip1_S11,C12,4,0.01/0.005,-7.908403380843234e-05,-7.892126132669027e-05,0.002058221791472566,0.0025911899541558345,0.2868193229211688,4.156250295017448e-05,0.0005903377806517565
e1_ip1_S11,C12,5,0.01/0.005,-6.740979911867252e-05,-6.744528068338855e-05,0.000526356185301184,0.0026891778131137275,0.24360025269168484,4.893643920052075e-05,0.00012822049974519972
e1_ip1_S11,C12,6,0.01/0.005,-8.067611820441633e-06,-7.989125636629227e-06,0.009728552334848043,0.03946854239937461,0.028692548189801822,0.0004154712532404206,0.0002791369566846365
e1_ip1_S11,C12,7,0.01/0.005,2.4609526326833677e-05,2.411285539458984e-05,0.02018205981080907,0.006021009479887223,0.08543997152438766,0.00013952402771664617,0.0017243546155390158
e1_ip1_S11,C12,8,0.01/0.005,3.826046778150827e-05,3.767156140406362e-05,0.015392032862945713,0.002801582069874845,0.12943474791846935,9.209991247935285e-05,0.0019922638935681745
e1_ip1_S11,C12,9,0.01/0.005,4.3017805115250515e-05,4.281970559934722e-05,0.0046050586582128405,0.0015756687431292644,0.14194755794544825,8.398121903343662e-05,0.0006536768307288553
e1_ip1_S11,C12,10,0.02/0.01,4.456417619689437e-05,4.4641382626891076e-05,0.0017324774423202736,0.0008842983976513147,0.14368991806152437,4.1481438349675614e-05,0.0002489395417304394
e1_ip1_S11,C12,11,0.02/0.01,4.605695235827738e-05,4.614966608784121e-05,0.0020130235462088556,0.0005133821616812503,0.14531465910488,4.101764071329605e-05,0.0002925218303874365
e1_ip1_S11,C12,12,0.01/0.005,4.665595440825155e-05,4.664727265388211e-05,0.00018608030806670372,0.001317656598418736,0.14422417693837966,8.265555198953493e-05,2.6837279275360474e-05
e1_ip1_S11,C12,13,0.02/0.01,4.564080356566374e-05,4.568907724189042e-05,0.0010576868165177063,3.45375423085254e-05,0.1384025287022485,4.306615300622196e-05,0.0001463865299810817
e1_ip1_S11,C12,14,0.01/0.005,4.414960372546488e-05,4.4145950508695886e-05,8.274630938271886e-05,0.0006069694373036476,0.13148731552082696,9.066219739796808e-05,1.088009008998952e-05
e1_ip1_S11,C12,15,0.01/0.005,4.2702540878422005e-05,4.269932110994486e-05,7.539992728564889e-05,0.0005167958656331386,0.125031892594235,9.53431057287521e-05,9.427395609992381e-06
e1_ip1_S11,C12,16,0.02/0.01,4.1632218794389206e-05,4.14923047888601e-05,0.0033607145999137136,0.0015334519707698104,0.11995022322340962,4.9691149523228335e-05,0.0004031184664498217
e1_ip1_S11,C12,17,0.02/0.01,4.0241903509975464e-05,4.0240395311756454e-05,3.7478302154271285e-05,0.0002154412628774843,0.11418091240786786,5.220193420987538e-05,4.279306735472455e-06
e1_ip1_S11,C12,18,0.02/0.01,3.904074676765883e-05,3.889309906946527e-05,0.0037818871414588,0.001069972140348033,0.10916511846753629,5.460044894570966e-05,0.0004128501578282021
e1_ip1_S11,C12,19,0.02/0.01,3.7541665321539254e-05,3.75447897527794e-05,8.322569639321022e-05,0.0011336916358751432,0.10351807589210231,5.757897281390451e-05,8.615363955405401e-06
e1_ip1_S11,C12,20,0.01/0.005,3.627745573185692e-05,3.6343923854114237e-05,0.001832215653396759,0.0,0.09870280479969944,0.00012077598989481225,0.00018084482398817404
e1_ip1_S11,C12,21,0.01/0.005,3.5356884160317665e-05,3.541739650117829e-05,0.0017114726678472078,0.0004904146232723403,0.09497026791269238,0.0001255227474564694,0.00016253901779069972
e1_ip1_S11,C12,22,0.01/0.005,3.464123434271694e-05,3.4692504588289486e-05,0.0014800351819254786,0.0006370586093919471,0.09190250138234309,0.00012971278012862065,0.00013601893535282269
e1_ip1_S11,C12,23,0.01/0.005,3.40359270080062e-05,3.408565785615887e-05,0.001461128064499856,0.0006947017413858267,0.08922390737903864,0.0001336068919783568,0.00013036755509584916
e1_ip1_S11,C12,24,0.02/0.01,3.342273806737474e-05,3.3496201294097675e-05,0.002198001449637215,0.0005187945102107529,0.08660895568381126,6.882041736306466e-05,0.00019036661014458243
e1_ip1_S11,C12,25,0.02/0.01,3.280954912674329e-05,3.288327140229616e-05,0.002246976185746583,0.0005284904391274427,0.08407308275079178,7.089622840650421e-05,0.00018891021480333094
root_mises,C12,1,0.01/0.005,-0.0002192200597571517,-0.0002192221847468744,3.257767832161727e-05,9.817328164460839e-05,1.6765849687534145,7.1102444416769715e-06,5.461924579090748e-05
root_mises,C12,2,0.01/0.005,-0.00043956812395535454,-0.00043960718778581165,0.00027305041189566357,0.00042610527323374094,1.6836248842003965,7.080513638725247e-06,0.00045971446810870713
root_mises,C12,3,0.01/0.005,-0.0008057551475579035,-0.0008063409222747648,0.003176491674032189,0.0018927178003627259,2.41173879298436,4.942877309000283e-06,0.007660868195855261
root_mises,C12,4,0.01/0.005,-0.000741579762327751,-0.0007421494975513772,0.0035943861807322,0.005254049056684824,2.0120175533650255,5.924863297112299e-06,0.007231968089205858
root_mises,C12,5,0.01/0.005,-0.0007170093621560536,-0.0007186669025668872,0.0031693419687398804,0.006141506088724714,1.8495572581230337,6.445287866986997e-06,0.005861879441756791
root_mises,C12,6,0.01/0.005,-0.0005979234385885716,-0.0005975272606112767,0.002918978574854089,0.006373806649781812,1.4955602650567805,7.970878361511922e-06,0.004365508371103844
root_mises,C12,7,0.01/0.005,-0.0006490252917984457,-0.0006482989999777571,0.005725230777112149,0.004224231697759586,1.5811341853570773,7.539479612469418e-06,0.009052358100750486
root_mises,C12,8,0.01/0.005,-0.00044518749271324053,-0.0004432722810322295,0.006105511312455975,0.00405663457176874,1.0571628985403423,1.1276340639212484e-05,0.006454520036146809
root_mises,C12,9,0.01/0.005,-0.000469263957451143,-0.00046753876637574556,0.004142637410489669,0.0051746441130576725,1.087592106668739,1.0960845414363625e-05,0.0045054997484391904
root_mises,C12,10,0.01/0.005,-0.00047331239222329685,-0.0004720310733609011,0.004096616318093,0.0014671922766043611,1.072396902447271,1.1116153849264095e-05,0.004393198650037877
root_mises,C12,11,0.01/0.005,-0.00040525396233147173,-0.0004065317943044267,0.0037585905813850417,0.0037570309484561445,0.8988740542200098,1.3262068138591906e-05,0.003378499554042716
root_mises,C12,12,0.01/0.005,-0.0003079513162621383,-0.0003066237155096132,0.006753629932151674,0.004092307989538609,0.6695062501811047,1.7805552900892943e-05,0.004521597450985735
root_mises,C12,13,0.01/0.005,-0.00032537396169866916,-0.0003240812840655738,0.003972898219500216,0.005260510103575985,0.6941765727509391,1.7172761834697047e-05,0.0027578928699009677
root_mises,C12,14,0.01/0.005,-0.0003381705211783006,-0.00033682001968615705,0.0039935517958157585,0.005043791655664588,0.7087667954794009,1.6819254275328965e-05,0.002830496908901342
root_mises,C12,15,0.01/0.005,-0.0003548757846817549,-0.00035334447783636445,0.004315050255580795,0.00434409162311339,0.7313507980707821,1.6299878234253852e-05,0.003155815448134547
root_mises,C12,16,0.01/0.005,-0.00037944280559831166,-0.0003780104640626485,0.003774854904429132,0.003129069881958282,0.7695067578871326,1.5491649466224214e-05,0.002904776359001603
root_mises,C12,17,0.01/0.005,-0.0003991641785722759,-0.0003978486874089915,0.003295614270773593,0.0033319203977019377,0.7971823538626388,1.4953829443560665e-05,0.002627205541798597
root_mises,C12,18,0.01/0.005,-0.00040883215195940066,-0.0004075874506239424,0.0030445289821251307,0.0024491843811893102,0.804598741974641,1.4815992535387093e-05,0.0024496241889232144
root_mises,C12,19,0.01/0.005,-0.00041000205242233364,-0.00040886013338017305,0.00278515445332043,0.0017893146031624488,0.7956109370291284,1.4983364858698118e-05,0.002215899344377117
root_mises,C12,20,0.02/0.01,-0.0004011876423066737,-0.0004009236904097204,0.0018987599121200027,0.001460187469504671,0.7680652852423222,7.760361771406652e-06,0.0014583715735091364
root_mises,C12,21,0.01/0.005,-0.0003794682338747056,-0.0003790012471007623,0.0012988900627230143,0.0017300786920131537,0.7170845340092589,1.6624161294384023e-05,0.0009314139753569897
root_mises,C12,22,0.01/0.005,-0.00033615791091855593,-0.00033625566964465026,0.0009814495331674639,0.0015174656845033789,0.6273255677146238,1.900277873020005e-05,0.0006156883855775318
root_mises,C12,23,0.01/0.005,-0.0002719093595517581,-0.0002723599923595845,0.0016572905344975296,0.00046960520734649306,0.5012990427501364,2.378007524147598e-05,0.0008307981585024734
root_mises,C12,24,0.01/0.005,-0.0002029643898344511,-0.00020329464417426343,0.0016271541036420518,0.0038990867990758887,0.3698247481271721,3.2233994656785004e-05,0.0006017618565435163
root_mises,C12,25,0.01/0.005,0.00017035935538227631,0.00017015118026241963,0.0012631407526427633,0.005207124929772098,0.3069066820487894,3.884219423147991e-05,0.0003876663373542011
tip_RF2,C44,1,0.01/0.005,-1.0383983453114828e-05,-1.0383574967080166e-05,3.933808605400227e-05,2.0090195410648382e-05,0.06144942105775083,0.00019399578954331734,2.4173026135384213e-06
tip_RF2,C44,2,0.01/0.005,-2.0714839299519856e-05,-2.0713923305631054e-05,4.42192128820055e-05,2.877388712193291e-05,0.06129489630163433,0.00019448485394958195,2.71041206814242e-06
tip_RF2,C44,3,0.01/0.005,-2.4235169092814126e-05,-2.4185159666208325e-05,0.0020635064032059887,7.378282926004731e-05,0.0490811551119302,0.00024288199672343273,0.00010127927785021432
tip_RF2,C44,4,0.02/0.01,-1.6999284426371257e-05,-1.7156816194859342e-05,0.009266964687272556,0.010253599220198138,0.028934901096829852,0.0002059956748285585,0.0002681387066940462
tip_RF2,C44,5,0.01/0.005,-1.2031634648640951e-05,-1.1977630866230018e-05,0.004488482570157931,0.0011757478879471511,0.01892441134999924,0.0006299233690604914,8.494189049497051e-05
tip_RF2,C44,6,0.01/0.005,-9.940624237060547e-06,-9.920323800385098e-06,0.002042169202992857,0.0012591739818679424,0.01493814686774169,0.0007980192630734457,3.0506223483086287e-05
tip_RF2,C44,7,0.02/0.01,-8.657058080037435e-06,-8.64561704380238e-06,0.0013215847842625711,0.0006311334698111779,0.012595511515451982,0.00047322131143517714,1.6646036368825336e-05
tip_RF2,C44,8,0.02/0.01,-8.290688196818033e-06,-8.273148690947935e-06,0.0021155669413342607,9.346152740083594e-05,0.011751259293010262,0.0005072192119090072,2.4860575679339528e-05
tip_RF2,C44,9,0.01/0.005,-7.419427235921224e-06,-7.404300672137678e-06,0.002038777833187812,5.891300156388732e-05,0.01028262763256478,0.0011593271079198561,2.0963993284197543e-05
tip_RF2,C44,10,0.01/0.005,-6.731828053792318e-06,-6.7224564060540086e-06,0.0013921400938084953,4.722215663582545e-05,0.00914476168982716,0.0013035800559285473,1.2730789396732318e-05
tip_RF2,C44,11,0.02/0.01,-6.329456965128581e-06,-6.322604152124861e-06,0.0010826857724880136,0.0002636766570821502,0.008442091121754133,0.0007060412392588072,9.140131947570575e-06
tip_RF2,C44,12,0.01/0.005,-5.8736801147460936e-06,-5.878469570986449e-06,0.0008154097851415224,9.471234507763567e-05,0.007702053266232388,0.0015477598690913081,6.280329598967113e-06
tip_RF2,C44,13,0.02/0.01,-5.615870157877604e-06,-5.624035053049216e-06,0.001453896714502672,0.00019812068379947996,0.00724762274814872,0.0008224026946023869,1.0537294901488248e-05
tip_RF2,C44,14,0.02/0.01,-5.479574203491211e-06,-5.483936876225307e-06,0.0007961700256411081,0.0003045729452202888,0.006966083439112748,0.0008556406953256694,5.546186830336495e-06
tip_RF2,C44,15,0.01/0.005,-5.306720733642578e-06,-5.307668074767484e-06,0.00017851723737791485,5.990355527591923e-05,0.006650567076725742,0.0017924680433337014,1.1872408615335945e-06
tip_RF2,C44,16,0.02/0.01,-5.510250727335612e-06,-5.1379160165704335e-06,0.06757128290334892,0.033641018244753726,0.006812313573893662,0.0008749545089029549,0.00046031676772789255
tip_RF2,C44,17,0.02/0.01,-5.0927003224690755e-06,-5.030306771127653e-06,0.01225156545460591,0.006062639471918361,0.006214688261748095,0.0009590930753882218,7.61396600187778e-05
tip_RF2,C44,18,0.02/0.01,-5.346457163492839e-06,-4.956863728100524e-06,0.07286945793797281,0.03629188096441426,0.006443359965747384,0.0009250553297075792,0.0004695241480032469
tip_RF2,C44,19,0.02/0.01,-4.95298703511556e-06,-4.892632060855901e-06,0.0121855708144916,0.006025062978354795,0.0058979084212814545,0.0010106064814488958,7.186938072491153e-05
tip_RF2,C44,20,0.02/0.01,-4.811684290568034e-06,-4.8286642009984636e-06,0.0035288912166813765,0.0019159302997769022,0.005663681837271037,0.0010524010085303497,1.99865170896236e-05
tip_RF2,C44,21,0.02/0.01,-4.739761352539062e-06,-4.763407379333598e-06,0.004988864424971199,0.0027246814218645442,0.00551701675344818,0.0010803781724631747,2.7523648613247724e-05
tip_RF2,C44,22,0.02/0.01,-4.651864369710286e-06,-4.672371338798573e-06,0.00440833340322939,0.002468650698739207,0.0053564133308457405,0.0011127715710837322,2.3612855807870476e-05
tip_RF2,C44,23,0.02/0.01,-5.02920150756836e-06,-4.574002657595556e-06,0.09051115754415143,0.04479156790240519,0.0057305381535502995,0.0010401229898183845,0.0005186776416287618
tip_RF2,C44,24,0.02/0.01,-4.601955413818359e-06,-4.493212183944679e-06,0.02362978779567381,0.011397782613200645,0.005190642326578951,0.0011483096122840517,0.00012265377670030321
tip_RF2,C44,25,0.02/0.01,-4.4379234313964846e-06,-4.4365015353435e-06,0.0003203967069205063,0.00038501486336448606,0.00495640885366042,0.0012025772395949793,1.58801707486444e-06
tip_region_U,C44,1,0.02/0.01,-9.7773348291715e-10,-9.776737887330407e-10,0.0005201628950658759,0.0006350214319733252,0.007333001285783976,0.0008128274147577524,3.8143551783351837e-06
tip_region_U,C44,2,0.02/0.01,-1.952052116394043e-09,-1.951982193079407e-09,0.0006292457558863818,0.0006361323155216379,0.007320195600096784,0.000814249345667793,4.606202013619066e-06
tip_region_U,C44,3,0.01/0.005,-2.564862370491028e-09,-2.5612624447945866e-09,0.0018726351338660956,0.0009682885499879107,0.006412156069550427,0.0018591139744223246,1.2007628739672861e-05
tip_region_U,C44,4,0.02/0.01,-2.6642034451166787e-09,-2.6755046900073298e-09,0.004738931813805265,0.005127010020974111,0.004995381571249252,0.0011931950327567194,2.3672772650089613e-05
tip_region_U,C44,5,0.01/0.005,-2.7157366275787353e-09,-2.715324922349207e-09,0.001568970479679579,0.002743484224965709,0.00407360488066666,0.002926383216903261,6.391365803644644e-06
tip_region_U,C44,6,0.01/0.005,-2.86102294921875e-09,-2.8594673682532083e-09,0.0017699069473207278,0.0017361111111111186,0.0035762787664594974,0.003333333258827527,6.329680634312267e-06
tip_region_U,C44,7,0.01/0.005,-2.9789904753367105e-09,-2.9772799148300913e-09,0.0024670104864968597,0.0016673614005835752,0.0031917754957004295,0.0037348895532084087,7.874143618436672e-06
tip_region_U,C44,8,0.02/0.01,-3.1230350335439048e-09,-3.1219949427325655e-09,0.001586706688936977,0.002385685884691851,0.0029278454093898554,0.0020357852427670305,4.645631895252305e-06
tip_region_U,C44,9,0.02/0.01,-3.2410025596618652e-09,-3.24011097234884e-09,0.001391062804183322,0.0015325670498084517,0.002700835359063333,0.002206896639418328,3.7570316082161087e-06
tip_region_U,C44,10,0.02/0.01,-3.32792599995931e-09,-3.3270801831290344e-09,0.0012742617694928352,0.001492537313432858,0.0024959444627770115,0.0023880597370774,3.1804866076940784e-06
tip_region_U,C44,11,0.02/0.01,-3.4011900424957277e-09,-3.3987552441725073e-09,0.0012032013208775217,0.0014603870025556988,0.002318993223358248,0.002570281110570656,2.7902157094506653e-06
tip_region_U,C44,12,0.02/0.01,-3.470728794733683e-09,-3.4711914598843334e-09,0.0011880322899412278,0.0014311270125223826,0.0021692055451940744,0.0027477638026256255,2.5770862312101256e-06
tip_region_U,C44,13,0.02/0.01,-3.5377840201059977e-09,-3.5412171327921946e-09,0.0016967645866592532,0.0014040014040014248,0.002041029317233354,0.002920322813206114,3.4631462658148693e-06
tip_region_U,C44,14,0.02/0.01,-3.6035974820454917e-09,-3.608492656183448e-09,0.0029864808151419332,0.002756719503790501,0.0019304986428767502,0.0030875258573904107,5.765397160608953e-06
tip_region_U,C44,15,0.02/0.01,-3.6694109439849853e-09,-3.6735755809702467e-09,0.002990482283723794,0.002707275803722516,0.00183470539908785,0.0032487310935599752,5.486653991824609e-06
tip_region_U,C44,16,0.02/0.01,-3.817180792490641e-09,-3.736542442239665e-09,0.022636117502184274,0.013012361743656449,0.0017893035364740387,0.0033311645319187263,4.05028850987002e-05
tip_region_U,C44,17,0.02/0.01,-3.859400749206543e-09,-3.7948500980298605e-09,0.019296513186273234,0.012870012870012899,0.0017026767832109845,0.0035006435374649028,3.285572499919206e-05
tip_region_U,C44,18,0.02/0.01,-4.000961780548096e-09,-3.8523534900602864e-09,0.03870005654769362,0.02110490378646803,0.001667067342318402,0.003575419136487794,6.451560041653549e-05
tip_region_U,C44,19,0.02/0.01,-4.038214683532715e-09,-3.912796260643692e-09,0.03176982417566556,0.018450184501845032,0.0015940321319232757,0.003739237345452678,5.06421205615638e-05
tip_region_U,C44,20,0.02/0.01,-4.0729840596516925e-09,-3.974409805895864e-09,0.024929781160307876,0.01463414634146343,0.001527368999609813,0.0039024390825411173,3.8076974911311e-05
tip_region_U,C44,21,0.02/0.01,-4.110236962636312e-09,-4.0334326461953474e-09,0.020106554259400274,0.012084592145015133,0.0014679418182014284,0.004060422833952659,2.9515251817309712e-05
tip_region_U,C44,22,0.02/0.01,-4.152456919352214e-09,-4.093343472620194e-09,0.01563064770674647,0.010765550239234459,0.0014156103210861593,0.0042105262929742985,2.212690621893201e-05
tip_region_U,C44,23,0.02/0.01,-4.331270853678386e-09,-4.1540865053614255e-09,0.042414296280678825,0.024082568807339423,0.001412370904926123,0.004220183562794956,5.990471801974704e-05
tip_region_U,C44,24,0.02/0.01,-4.37845786412557e-09,-4.21429571412001e-09,0.03971234389919674,0.02268859897901305,0.0013682681131224161,0.004356210906601601,5.433713385462242e-05
tip_region_U,C44,25,0.02/0.01,-4.410743713378906e-09,-4.273459157282718e-09,0.03282710816335694,0.019144144144144146,0.0013232231140136719,0.0045045045045045045,4.343758828798079e-05
e1_ip1_S11,C44,1,0.01/0.005,-1.3744354248046876e-05,-1.3743444073240764e-05,6.622172200206537e-05,0.0,0.07710358173207929,0.00015460927608397173,5.1059319548252805e-06
e1_ip1_S11,C44,2,0.01/0.005,-2.596282958984375e-05,-2.5963518440421956e-05,2.6532184245247798e-05,4.897639337845147e-05,0.07288233760906383,0.00016356403137096428,1.9337276096680345e-06
e1_ip1_S11,C44,3,0.01/0.005,1.947021484375e-05,1.997828181161764e-05,0.026094574299509045,0.00013061650992684037,0.0434737181612934,0.0002742100160572845,0.0011344281686357864
e1_ip1_S11,C44,4,0.02/0.01,-1.1647542317708334e-06,-1.3731648642142014e-06,0.17893099398875847,0.5218340611353711,0.002618362565236103,0.0022764091408408885,0.0004685062164206514
e1_ip1_S11,C44,5,0.02/0.01,-9.546915690104167e-06,-9.728255432339863e-06,0.018994589260242795,0.013185935002663969,0.021384233200930337,0.0002787317376093592,0.0004061847262969188
e1_ip1_S11,C44,6,0.02/0.01,-1.1133829752604167e-05,-1.1528034339810076e-05,0.03540601894992203,0.0033120146185473733,0.024543957791120046,0.00024284854660626686,0.0008690038346584827
e1_ip1_S11,C44,7,0.01/0.005,-1.3020833333333334e-05,-1.3067496104838078e-05,0.0035837008515643416,0.0017578125000000664,0.028020282744354655,0.0004254392813891172,0.0001004163111320174
e1_ip1_S11,C44,8,0.02/0.01,-1.25732421875e-05,-1.2487786810222836e-05,0.006796606317034188,0.0027305825242718135,0.02636475748635928,0.00022607696962973834,0.00017919087727886386
e1_ip1_S11,C44,9,0.02/0.01,-1.0821024576822916e-05,-1.0748932705127187e-05,0.0066622038591557355,0.0035252643948295373,0.02213216779252042,0.00026931227584283025,0.0001474490136788118
e1_ip1_S11,C44,10,0.02/0.01,-9.648640950520833e-06,-9.598647165087467e-06,0.005181432876374913,0.004085397996837012,0.019283348630236757,0.0003090990362634895,9.991537655930789e-05
e1_ip1_S11,C44,11,0.02/0.01,-9.302775065104167e-06,-9.237542199417664e-06,0.007012194235588856,0.004647348277747437,0.01819292980373917,0.0003276253215858622,0.0001275723574982525
e1_ip1_S11,C44,12,0.01/0.005,-8.768717447916667e-06,-8.668415122389545e-06,0.011438654070322707,0.004640371229698444,0.016801302861123493,0.0007095240799844127,0.00019218429135911476
e1_ip1_S11,C44,13,0.02/0.01,-8.145650227864584e-06,-8.101538672700454e-06,0.00541535100699926,0.00483921323758985,0.015310606459670582,0.00038930296414054036,8.291230810914647e-05
e1_ip1_S11,C44,14,0.02/0.01,-7.726033528645833e-06,-7.685475082777912e-06,0.005249581912574175,0.004937458854509441,0.014262298791497867,0.0004179175155895804,7.487110576757571e-05
e1_ip1_S11,C44,15,0.02/0.01,-7.357279459635417e-06,-7.313629683159406e-06,0.005932869169302208,0.005357760110611922,0.013352427658734657,0.00044639556415345565,7.92182063918449e-05
e1_ip1_S11,C44,16,0.02/0.01,-7.336934407552083e-06,-6.975126456964367e-06,0.0493132322697745,0.026689774696707053,0.0131027372685448,0.00045490223572200466,0.0006461383262935805
e1_ip1_S11,C44,17,0.01/0.005,-6.825764973958334e-06,-6.738883394439853e-06,0.012728475101318547,0.01043219076005958,0.012004448623240916,0.0009930426068881584,0.00015279832540597972
e1_ip1_S11,C44,18,0.02/0.01,-6.9427490234375e-06,-6.540480498017485e-06,0.05794081336687059,0.031135531135531122,0.012032978294358385,0.0004953440729078356,0.000697200549601024
e1_ip1_S11,C44,19,0.01/0.005,-6.444295247395833e-06,-6.361533333929069e-06,0.012842663206687997,0.01302288871349646,0.011014225911596712,0.0010823210864529989,0.00014145199386501265
e1_ip1_S11,C44,20,0.01/0.005,-6.296793619791667e-06,-6.218870224178662e-06,0.012375091247723416,0.002423263327948306,0.010619107703313455,0.0011225923390303751,0.00013141242679790664
e1_ip1_S11,C44,21,0.02/0.01,-6.1492919921875e-06,-6.120883006864938e-06,0.004619879062281499,0.005376344086021602,0.01023798964836782,0.0005821909068338726,4.729827401634922e-05
e1_ip1_S11,C44,22,0.02/0.01,-6.06536865234375e-06,-6.0434857252383996e-06,0.0036078478258522416,0.004612159329140512,0.009973947296909732,0.0005976033660600769,3.598448407032062e-05
e1_ip1_S11,C44,23,0.02/0.01,-6.411234537760417e-06,-5.986222277755403e-06,0.06629179723527627,0.03609678698928995,0.010417444910270305,0.0005721618428394843,0.0006905911457012998
e1_ip1_S11,C44,24,0.02/0.01,-6.151835123697917e-06,-5.947099421024203e-06,0.03328042747521583,0.019842910293509732,0.009881010413580128,0.0006032241874117652,0.00032884425045100587
e1_ip1_S11,C44,25,0.01/0.005,-5.971272786458333e-06,-5.910240859412982e-06,0.010220924286654526,0.0046848381601363375,0.00948417403184679,0.001256928533264888,9.693702470096103e-05
root_mises,C44,1,0.02/0.01,0.00010487638753428404,0.00010487648395755691,3.879477279124628e-06,1.052497937364742e-05,0.4971631020873494,1.1988951819863404e-05,1.9287329585669896e-06
root_mises,C44,2,0.01/0.005,0.00020537176770623944,0.0002053812027286298,4.725480761080821e-05,2.093899009898134e-05,0.4875686565110919,2.444974424808403e-05,2.303996306049188e-05
root_mises,C44,3,0.01/0.005,0.00018463422442044456,0.00018468147207128456,0.004536677679509219,7.465098056420679e-05,0.3425431443064076,3.480124811493748e-05,0.0015540078370437848
root_mises,C44,4,0.02/0.01,0.00018776693442028148,0.00018740855445369486,0.003576143430559174,0.004338931252243112,0.31576857320517354,1.8876053487647725e-05,0.001129233708644725
root_mises,C44,5,0.02/0.01,0.00024591884408331076,0.00024601698321000283,0.0018148906818383275,0.003187047736671541,0.39319741694063537,1.5158961429390491e-05,0.0007136103281284589
root_mises,C44,6,0.02/0.01,0.0003053606954541408,0.0003054821570141001,0.002156912339312048,0.001109472625716217,0.4734208371598914,1.2590203070267471e-05,0.0010211272453576096
root_mises,C44,7,0.02/0.01,0.0003491768181058603,0.0003491664057686621,0.0036746707816104436,0.000697726960207866,0.5272643443443498,1.130450890805231e-05,0.0019375228803471698
root_mises,C44,8,0.02/0.01,0.0002813949212686424,0.00028184539989649165,0.005485309318469646,0.0008286318677522558,0.414181890774502,1.4390934539395854e-05,0.002271915785006753
root_mises,C44,9,0.02/0.01,0.00023637432717951866,0.00023628142389118037,0.003969266762678852,0.0007172615033085321,0.33956666311672046,1.755314971979523e-05,0.0013478306696229655
root_mises,C44,10,0.02/0.01,0.000237013381982545,0.0002369993223718432,0.004236690983655833,0.0006018546572380633,0.3328560353760782,1.7907034405443836e-05,0.0014102081639332578
root_mises,C44,11,0.02/0.01,0.00022610682242292531,0.0002264375363254077,0.003597244829428589,0.0005159561661308978,0.3108573459655277,1.9174275772785e-05,0.0011182299804643886
root_mises,C44,12,0.02/0.01,0.00020408855705295062,0.00020379881137122774,0.003253310034378772,0.0006238255394046817,0.2750217994015319,2.1672698275225753e-05,0.0008947311796659095
root_mises,C44,13,0.01/0.005,0.0002111449491801712,0.00021096027423427879,0.003299267689401222,0.0005721278664008591,0.2792182159198954,4.269395145228672e-05,0.0009212156380767647
root_mises,C44,14,0.01/0.005,0.00020896636573774192,0.00020903405074668873,0.0025481311098965558,0.0005719704785630297,0.27146878510168454,4.391270602479354e-05,0.000691738056683425
root_mises,C44,15,0.01/0.005,0.00020108935838059001,0.00020096611278713533,0.002200664557826937,0.000597848213646169,0.256870573474632,4.640830903215705e-05,0.0005652859669943028
root_mises,C44,16,0.02/0.01,0.00022232233157949347,0.00022272332782327428,0.005248135245905228,0.002543849425397352,0.27946350193176106,2.132823941709025e-05,0.001466662254432179
root_mises,C44,17,0.02/0.01,0.0002416207403960797,0.00024215590247450087,0.002358483083890842,0.0017033174568094121,0.2990998672783825,1.9928007764682333e-05,0.0007054219773700611
root_mises,C44,18,0.02/0.01,0.0002557076971534376,0.0002567331045069942,0.004343542806332939,0.002769396616044928,0.31192774131421924,1.9108478304707148e-05,0.001354871496881059
root_mises,C44,19,0.02/0.01,0.0002595228672897676,0.0002607006314495015,0.004538190303004573,0.0025544193580421403,0.3121520832705219,1.9094745148228003e-05,0.0014166055573609586
root_mises,C44,20,0.02/0.01,0.00024351488758719123,0.00024473266001389,0.005000813045825572,0.0023283459536709373,0.28896949564984714,2.0626621727441894e-05,0.0014450824236913913
root_mises,C44,21,0.02/0.01,0.0002291407570539145,0.0002295103881657645,0.00442369604789347,0.0020203221566492025,0.2683942247146238,2.2207871588431754e-05,0.0011872944711475133
root_mises,C44,22,0.02/0.01,0.00023189268953323724,0.00023225129420244582,0.0027012910703029026,0.0015597272360738958,0.2682332445727719,2.2221199639263894e-05,0.0007245760683228034
root_mises,C44,23,0.02/0.01,0.00022545497109099935,0.00022650613504834473,0.005541060604689671,0.00318579767625582,0.25763711481861945,2.313511576829807e-05,0.0014275828672273617
root_mises,C44,24,0.02/0.01,0.00021541778778272659,0.00021631254323791857,0.004153582043535106,0.0027334492700257307,0.24329522049086072,2.449889671286397e-05,0.0010105466591087534
root_mises,C44,25,0.02/0.01,0.0002083342806284397,0.00020885842378995574,0.002515875735549161,0.0022307240259642966,0.23263603458940732,2.562141539275731e-05,0.0005852833546378651
tip_RF2,a,1,0.02/0.01,0.0,8.156655725434516e-22,8.156655725434516e+278,0.0,1.5780564709154573e-301,3.777092003609539e+295,1.2871663348551551e-22
tip_RF2,a,2,0.01/0.005,0.0,4.1686541241495344e-08,4.168654124149534e+292,0.0,7.890626349592143e-302,1.5107709359085674e+296,3.2893292074350273e-09
tip_RF2,a,3,0.01/0.005,0.011181831359863281,0.011293444705077352,0.009981669515666487,0.00026652452025586353,0.0006038796453832022,0.019740570900536804,6.027727047452998e-06
tip_RF2,a,4,0.02/0.01,0.11778175830841064,0.11870420922406043,0.007831865722655902,4.428025606639508e-05,0.005346112918145645,0.0011149155599217144,4.18700385130728e-05
tip_RF2,a,5,0.02/0.01,0.3128364682197571,0.3141131989813432,0.004081144275958489,6.430378058597415e-05,0.013121511044863997,0.0004542513783023563,5.355077969267279e-05
tip_RF2,a,6,0.02/0.01,0.5400329828262329,0.5407150888820769,0.0012630822144865889,4.276923925940233e-05,0.021640738900634247,0.0002754279558062767,2.733403241373917e-05
tip_RF2,a,7,0.02/0.01,0.7696866989135742,0.7695837204936631,0.0001337926458343284,1.6456029489204843e-05,0.029862639524347437,0.00019959603613335688,3.995401553559235e-06
tip_RF2,a,8,0.01/0.005,0.9935647249221802,0.9935789755321268,1.4342910521263063e-05,4.499302608095745e-06,0.03755421803280477,0.00031743249039734565,5.386367889405226e-07
tip_RF2,a,9,0.02/0.01,1.2137576937675476,1.2136811717749199,6.304552631936512e-05,2.1484545245838442e-05,0.04485743711948458,0.0001328757249698074,2.828060732535731e-06
tip_RF2,a,10,0.01/0.005,1.4276564121246338,1.4272430805565184,0.00028951753699637444,1.043749817343782e-05,0.051716819698937294,0.00023050390616581327,1.4972926260521903e-05
tip_RF2,a,11,0.02/0.01,1.6346633434295654,1.6339972739134525,0.00040746586677321015,6.381015930662057e-06,0.05814075140896734,0.00010251784390629239,2.3690371667700616e-05
tip_RF2,a,12,0.02/0.01,1.835605502128601,1.8348776964026854,0.00039649354127110106,2.1106397349036494e-05,0.0641865909253493,9.286152125560368e-05,2.5449568738111266e-05
tip_RF2,a,13,0.02/0.01,2.0298033952713013,2.0290558101974785,0.00036830417939214005,3.30353301844546e-05,0.06985560016293818,8.532550666856028e-05,2.572810949395639e-05
tip_RF2,a,14,0.01/0.005,2.2197484970092773,2.218869733909808,0.0003958840835588031,1.2083391512625802e-05,0.07525136160718376,0.00015841479410440474,2.9790816326412044e-05
tip_RF2,a,15,0.02/0.01,2.405041456222534,2.4042039927017735,0.0003482116778460847,3.7174813320479108e-06,0.08037551037504898,7.415771856037101e-05,2.7987691325431195e-05
tip_RF2,a,16,0.01/0.005,2.5865018367767334,2.5856198448470264,0.0003409979908640144,5.761125309084373e-06,0.085271674888473,0.00013979939963263926,2.9077469814578716e-05
tip_RF2,a,17,0.01/0.005,2.765589952468872,2.7646875290493163,0.00032630412861827795,6.4656705223615215e-06,0.08999694111765537,0.00013245926813772014,2.9366373449707007e-05
tip_RF2,a,18,0.01/0.005,2.941840887069702,2.9409430771446745,0.0003051864324048893,8.104400892294539e-06,0.09454405271975246,0.00012608861807959673,2.8853562154641023e-05
tip_RF2,a,19,0.02/0.01,3.114771842956543,3.113817243050346,0.0003064750660166279,1.1003268449132369e-05,0.09890672141988967,6.026349263196224e-05,3.031244397664891e-05
tip_RF2,a,20,0.02/0.01,3.285437822341919,3.284486926523784,0.000289427427805337,3.1748623470396676e-06,0.10312494003181043,5.7798477028936634e-05,2.9847186135986518e-05
tip_RF2,a,21,0.01/0.005,3.4553587436676025,3.454314990425914,0.00030206798168251554,7.762461769875783e-06,0.10725306281662325,0.00011114767860252183,3.239771621428544e-05
tip_RF2,a,22,0.01/0.005,3.623533248901367,3.6224793941795177,0.000290836222399508,1.398191891145004e-05,0.11126229690075476,0.00010714257468288216,3.2359106126108e-05
tip_RF2,a,23,0.02/0.01,3.78972589969635,3.788563808280072,0.0003066426034587621,1.1795967509187093e-05,0.11515237598931427,5.176154140399302e-05,3.5310624367825575e-05
tip_RF2,a,24,0.02/0.01,3.9536654949188232,3.9526001316145685,0.00026946217519513443,1.3945109035676866e-05,0.11891793302437458,5.0122503191485406e-05,3.2043884902457284e-05
tip_RF2,a,25,0.02/0.01,4.116600751876831,4.115581725043459,0.00024754084614780816,1.375513826809778e-05,0.12260122242002157,4.861668064873781e-05,3.034881033660777e-05
tip_region_U,a,1,0.02/0.01,0.0,4.727423009074539e-26,5.371623556690806e+274,0.0,2.0000000447034846e-298,2.9802321721561495e+292,1.0743247353511902e-23
tip_region_U,a,2,0.02/0.01,5.609876875788692e-17,-1.029782724655061e-23,48926.47878654256,0.9845005289796038,5.609877001179215e-15,1062494681.4852008,2.744715280933078e-10
tip_region_U,a,3,0.02/0.01,-6.984919309616089e-07,-6.831287161215031e-07,0.062482265331312195,0.06666666666666667,4.656612977160803e-05,0.12799999713897706,2.9095572758419293e-06
tip_region_U,a,4,0.02/0.01,-6.938353180885315e-06,-6.993933700108929e-06,0.016530506651933743,0.013422818791946308,0.00034691766679847985,0.017181207669661348,5.7347247986856044e-06
tip_region_U,a,5,0.02/0.01,-1.955777406692505e-05,-1.967758491852491e-05,0.011050776168269901,0.004761904761904762,0.0007823109510196604,0.007619047732580275,8.645143213704624e-06
tip_region_U,a,6,0.02/0.01,-3.632158041000366e-05,-3.6436439096916414e-05,0.00485675373633813,0.002564102564102564,0.001210719374061809,0.004923076813037579,5.880165843631653e-06
tip_region_U,a,7,0.02/0.01,-5.541369318962097e-05,-5.551230682146069e-05,0.002926029274735299,0.0016806722689075631,0.0015832483701056737,0.003764705898381081,4.632631080106148e-06
tip_region_U,a,8,0.02/0.01,-7.646158337593079e-05,-7.652474024164962e-05,0.002591951062804738,0.00243605359317905,0.0019115396271245097,0.0031181485295731317,4.954617168118746e-06
tip_region_U,a,9,0.02/0.01,-9.94652509689331e-05,-9.949302949620819e-05,0.0021528901296130314,0.0018726591760299626,0.002210338822589762,0.0026966293206375637,4.758616634253988e-06
tip_region_U,a,10,0.02/0.01,-0.00012405216693878174,-0.0001239735524442158,0.001683864893623707,0.0015015015015015015,0.0024810433018052085,0.0024024024382009877,4.177741715470038e-06
tip_region_U,a,11,0.02/0.01,-0.00015031546354293823,-0.00015049649813784954,0.0012043644123120466,0.0012391573729863693,0.002733008442862513,0.0021809169646384843,3.291538107131972e-06
tip_region_U,a,12,0.02/0.01,-0.00017844140529632568,-0.00017839134484531836,0.001093826567823142,0.0010438413361169101,0.002974023488080033,0.0020041753205476574,3.2530659045919916e-06
tip_region_U,a,13,0.02/0.01,-0.0002078711986541748,-0.00020766251235050353,0.0010767651070775148,0.0008960573476702509,0.0031980185581360803,0.0018637992147903717,3.4435147951872757e-06
tip_region_U,a,14,0.02/0.01,-0.0002384185791015625,-0.0002382732279109023,0.0014152485525912085,0.0015625,0.0034059796869500207,0.0017500000074505806,4.820307822111074e-06
tip_region_U,a,15,0.02/0.01,-0.00027026981115341187,-0.0002701475240826772,0.0014173463473036237,0.0013783597518952446,0.003603597338851399,0.0016540317679996084,5.107545525374088e-06
tip_region_U,a,16,0.02/0.01,-0.000303611159324646,-0.00030321484858808684,0.0015906190431330951,0.001226993865030675,0.0037951395763860547,0.0015705521121346878,6.036621281547727e-06
tip_region_U,a,17,0.02/0.01,-0.0003378838300704956,-0.000337389161069148,0.0015800380427518689,0.0011025358324145535,0.003975103841370304,0.0014994487478556943,6.28081529325417e-06
tip_region_U,a,18,0.02/0.01,-0.0003729015588760376,-0.0003725771306220984,0.0014529287651468537,0.000999000999000999,0.004143350489536239,0.0014385614957247344,6.019993110332501e-06
tip_region_U,a,19,0.02/0.01,-0.00040903687477111816,-0.0004087213903701208,0.001521712001288395,0.0009107468123861566,0.004305651367408995,0.0013843351374558412,6.551961359150058e-06
tip_region_U,a,20,0.02/0.01,-0.0004462897777557373,-0.0004457934425551837,0.0015046462987846764,0.0008347245409015025,0.004462897711055015,0.001335559285343788,6.715082522793532e-06
tip_region_U,a,21,0.02/0.01,-0.00048428773880004883,-0.00048371495350729975,0.0016343241644321378,0.0007692307692307692,0.004612264323049805,0.0012923076519599328,7.537935035908532e-06
tip_region_U,a,22,0.02/0.01,-0.0005230307579040527,-0.000522476971084918,0.0014838571742666964,0.0007122507122507123,0.00475482509761954,0.0012535612467687014,7.055481333486099e-06
tip_region_U,a,23,0.02/0.01,-0.000562518835067749,-0.0005620246334685148,0.0014866236986448627,0.0006622516556291391,0.004891468042290013,0.0012185430684626497,7.271772312832325e-06
tip_region_U,a,24,0.02/0.01,-0.0006027519702911377,-0.0006023409985393249,0.001604991633965332,0.0006180469715698393,0.0050229331980307865,0.0011866501588903928,8.061765760806142e-06
tip_region_U,a,25,0.02/0.01,-0.0006441026926040649,-0.0006433797302707243,0.0016064342206969244,0.000578368999421631,0.0051528215408325195,0.001156737998843262,8.277668856337614e-06
e1_ip1_S11,a,1,0.02/0.01,0.0,3.023015007691962e-20,3.023015007691962e+280,0.0,1.495956431090698e-301,3.984383738497854e+295,4.5222987420404864e-21
e1_ip1_S11,a,2,0.02/0.01,0.0,1.534609741404804e-06,1.534609741404804e+294,0.0,7.485813501886739e-302,7.96234701283538e+295,1.1487802322334997e-07
e1_ip1_S11,a,3,0.02/0.01,0.089263916015625,0.09026540391361237,0.011219403569658216,0.0,0.0053149686780264655,0.0011214486554137662,5.9630778558871734e-05
e1_ip1_S11,a,4,0.01/0.005,0.34027099609375,0.346435451603994,0.018116311942571864,0.0,0.020398073433979074,0.0005844144543190173,0.00036953786135745294
e1_ip1_S11,a,5,0.02/0.01,0.5993843078613281,0.6021496028321974,0.00461355917163763,7.955449482895784e-05,0.03580178627273499,0.00016648511423795302,0.0001651736594195867
e1_ip1_S11,a,6,0.01/0.005,0.7877349853515625,0.7872466570797121,0.0006199144140239941,0.0,0.046307238774475,0.0002574312196228175,2.8706524789947845e-05
e1_ip1_S11,a,7,0.02/0.01,0.9646415710449219,0.9649230301416409,0.0002917758317363186,0.0,0.05535647655452096,0.00010767420270451212,1.615168198868737e-05
e1_ip1_S11,a,8,0.02/0.01,1.1485099792480469,1.1498631244875681,0.0011781745600566468,0.0,0.0642214349531199,9.281113824208472e-05,7.56640608720986e-05
e1_ip1_S11,a,9,0.01/0.005,1.3391494750976562,1.3397220610724112,0.0004275743562631068,0.0,0.07303875444008737,0.00016321374928233054,3.122949841197949e-05
e1_ip1_S11,a,10,0.02/0.01,1.529693603515625,1.529198035622394,0.00032396546085574143,0.0,0.0815247527751707,7.311232815359596e-05,2.6411204103958556e-05
e1_ip1_S11,a,11,0.01/0.005,1.71051025390625,1.7096479323589717,0.0005041311768280928,5.575379125780553e-05,0.08920404290865658,0.00013363664433107538,4.497053912936472e-05
e1_ip1_S11,a,12,0.01/0.005,1.8846511840820312,1.8838418347346795,0.0004294425165715681,0.0,0.09629563432178724,0.00012379511323683102,4.135343953800379e-05
e1_ip1_S11,a,13,0.01/0.005,2.05535888671875,2.054469778404207,0.0004325805679427767,0.0,0.10302035292501417,0.00011571430903323598,4.456460277796792e-05
e1_ip1_S11,a,14,0.01/0.005,2.2245407104492188,2.2235633622546955,0.0004393483067908685,0.0,0.10950703805479896,0.00010885993418169811,4.811173175105912e-05
e1_ip1_S11,a,15,0.02/0.01,2.3895263671875,2.3887238522787215,0.0003358468522458878,3.9910600255427844e-05,0.11564411594098015,5.154144185408474e-05,3.883871231953668e-05
e1_ip1_S11,a,16,0.02/0.01,2.5506019592285156,2.5497274564143213,0.00034286134339002645,0.0,0.12146714323994132,4.9070590766796915e-05,4.1646387908995047e-05
e1_ip1_S11,a,17,0.01/0.005,2.7093887329101562,2.7085313937125344,0.0003164327020364506,0.0,0.12706646251351505,9.381648563491085e-05,4.0207984071364926e-05
e1_ip1_S11,a,18,0.01/0.005,2.8656005859375,2.8648059886815664,0.0002772882096105527,0.0,0.13244209955636657,9.000860749723051e-05,3.672463266304746e-05
e1_ip1_S11,a,19,0.01/0.005,3.0185699462890625,3.0177929827557692,0.0002573945766101718,0.0,0.1375778526258323,8.664860460861555e-05,3.541179312756272e-05
e1_ip1_S11,a,20,0.01/0.005,3.1690597534179688,3.1683124489271797,0.0002358126854449746,0.0,0.14251734611514785,8.364545986876945e-05,3.360739810990393e-05
e1_ip1_S11,a,21,0.02/0.01,3.318500518798828,3.3174880214152833,0.00030510689325168283,1.4369054803575021e-05,0.14733305450548181,4.045571781257879e-05,4.495233053344841e-05
e1_ip1_S11,a,22,0.02/0.01,3.4659385681152344,3.4648934361260233,0.000301543714255564,2.751561511157582e-05,0.1519845562312748,3.921756674059059e-05,4.582998759546223e-05
e1_ip1_S11,a,23,0.02/0.01,3.611469268798828,3.6103230321782407,0.00031738789264810076,2.6406823523198393e-05,0.1564848160678406,3.808973053944757e-05,4.966638600319758e-05
e1_ip1_S11,a,24,0.01/0.005,3.7549972534179688,3.7537945580400995,0.00032029194609249417,2.539747041194697e-05,0.16083294916258947,7.411994256865241e-05,5.151349828308097e-05
e1_ip1_S11,a,25,0.02/0.01,3.8971900939941406,3.8960167057603172,0.0003010857067587442,1.223540927444023e-05,0.16506421286687353,3.610997425799531e-05,4.9698475191598416e-05
root_mises,a,1,0.02/0.01,0.0,-7.915971365852419e-20,7.91597136585246e+280,0.0,1.2641246551322513e-301,4.715092339461954e+295,1.0006774572895016e-20
root_mises,a,2,0.01/0.005,-4.171774037331488e-09,-4.011935899061574e-06,960.685811158629,0.5,2.641098187113374e-10,45136.25814156979,2.537265554236596e-07
root_mises,a,3,0.02/0.01,-0.09497863360650172,-0.09496815260366627,0.012195217020694721,0.0004343687548350879,0.004698916451287465,0.0012684763688245496,5.730430588556334e-05
root_mises,a,4,0.02/0.01,-0.3283114437197199,-0.3226410969392701,0.020493359408942813,0.0001290923324836119,0.014723279008327707,0.0004048326785200317,0.00030172944839580284
root_mises,a,5,0.02/0.01,-0.6600750673714018,-0.6607206907431079,0.010579932960833822,0.00015286188149154494,0.028143681567775084,0.00021178694987666004,0.0002977582642581149
root_mises,a,6,0.02/0.01,-1.0301569287586076,-1.0303671729794568,0.003993814843447705,6.99615126349031e-05,0.04258987380098325,0.00013995027328306983,0.00017009607016693143
root_mises,a,7,0.02/0.01,-1.3327681099678301,-1.3294761797130774,0.004337083239085325,7.184196770543313e-05,0.053666877236369225,0.0001110641197043555,0.0002327577137559067
root_mises,a,8,0.02/0.01,-1.6083521766397268,-1.6030932743696895,0.004636217219858886,5.232780223927524e-05,0.06312839313030498,9.441812442835206e-05,0.0002926769432927414
root_mises,a,9,0.02/0.01,-1.8763447108604225,-1.8717236078466435,0.0027118295495700273,4.540525556565329e-05,0.07187967434829937,8.292280859060519e-05,0.0001949254249111889
root_mises,a,10,0.02/0.01,-2.141350587144686,-2.1385894732255006,0.004534577856961469,4.407450212428657e-05,0.08019366792149699,7.432587424949645e-05,0.00036364443082534154
root_mises,a,11,0.02/0.01,-2.397600059136451,-2.39563828899831,0.002491229472891545,3.876138509231741e-05,0.08790082293355056,6.780897241479674e-05,0.00021898112078348218
root_mises,a,12,0.02/0.01,-2.6473016873614696,-2.645717143901248,0.0019193157561380435,2.9403502801399314e-05,0.09513068694363783,6.265553912241235e-05,0.00018258582634315973
root_mises,a,13,0.02/0.01,-2.892109405027554,-2.890751165835099,0.0020715270558958705,4.7499350287449146e-05,0.10198739541436995,5.8443148325555115e-05,0.00021126964896121776
root_mises,a,14,0.02/0.01,-3.1334851141764375,-3.1327139121427607,0.0025400506668686626,3.013299963325493e-05,0.10855251198938809,5.490858173896286e-05,0.0002757288804689137
root_mises,a,15,0.02/0.01,-3.369041188946298,-3.3687382197551807,0.0018347542854263536,4.7341548076455564e-05,0.1147625843865075,5.1937349698094e-05,0.00021056114350974817
root_mises,a,16,0.02/0.01,-3.5991111017887434,-3.598853219618545,0.0018427961572911186,3.839482853730751e-05,0.12064407387855777,4.940536477190715e-05,0.0002223224357433521
root_mises,a,17,0.02/0.01,-3.8259376320608496,-3.8261448814220307,0.001819854154206659,2.60083997461905e-05,0.12629571849821614,4.719450942925868e-05,0.00022983978796749347
root_mises,a,18,0.02/0.01,-4.049845393081242,-4.050459916073646,0.0016701530739409685,3.3401404099944764e-05,0.13173991399277105,4.5244180726170285e-05,0.00022002582231574539
root_mises,a,19,0.02/0.01,-4.270010724086326,-4.270629572075452,0.0012954397858884674,3.1417367850435504e-05,0.13695828369249005,4.352029184975759e-05,0.00017742120970225126
root_mises,a,20,0.02/0.01,-4.486920611494938,-4.487614046875748,0.0012277342200494648,2.7043893366577707e-05,0.1419853708846008,4.197942675646109e-05,0.00017432029858143936
root_mises,a,21,0.02/0.01,-4.701877157617496,-4.70283281676112,0.0011889471500852562,2.5034172198625525e-05,0.14686247185904414,4.058534765273327e-05,0.00017461171737128664
root_mises,a,22,0.01/0.005,-4.914457057068233,-4.915683392516397,0.0010322210940147203,2.683066538372655e-05,0.15158974488120175,7.863941564398272e-05,0.00015647413230268642
root_mises,a,23,0.01/0.005,-5.124471447960133,-5.125822855710404,0.0008634365996614152,2.3205857368639333e-05,0.15615878504802969,7.63385098789774e-05,0.0001348332103691286
root_mises,a,24,0.01/0.005,-5.331947766934064,-5.333245558546931,0.0007375115265772198,3.0232913642534944e-05,0.16058561315718117,7.423410304763678e-05,0.00011843374070589156
root_mises,a,25,0.02/0.01,-5.537566908916602,-5.538916869395376,0.000757142916150895,3.387221239397578e-05,0.16489366391716434,3.614732268022954e-05,0.00012484806955304743
