output,parameter,increment,steps,fd,oti,rel_error,plateau_spread,weighted_fd,float32_floor_rel,weighted_error
tip_RF2,E,1,0.01/0.005,-0.0003014993220567703,-0.00030149918802897823,4.4453762333981537e-07,3.953882508320237e-07,1.000000457167874,1.192092350521487e-05,4.445378265681355e-07
tip_RF2,E,2,0.01/0.005,-0.0006029986441135406,-0.0006029983760579564,4.445376235196171e-07,3.953882508320237e-07,1.000000457167874,1.192092350521487e-05,4.4453782674793733e-07
tip_RF2,E,3,0.02/0.01,-0.0009044963866472244,-0.0009044975865503747,1.3265980582887985e-06,1.5321321472338912e-06,0.9999987196004514,5.96047210932486e-06,1.3265963597132434e-06
tip_RF2,E,4,0.01/0.005,-0.0012059972882270812,-0.0012059967521159134,4.4453762298021187e-07,3.953882508320237e-07,1.000000457167874,1.192092350521487e-05,4.445378262085318e-07
tip_RF2,E,5,0.02/0.01,-0.001507496267557144,-0.001507495917681452,2.32090585915965e-07,7.907766814457374e-08,1.000000234465341,5.960463080017054e-06,2.3209064033316336e-07
tip_RF2,E,6,0.02/0.01,-0.0018089927732944488,-0.0018089951731007485,1.3265980578093262e-06,1.5321321472338912e-06,0.9999987196004514,5.96047210932486e-06,1.326596359233772e-06
tip_RF2,E,7,0.02/0.01,-0.0021036187410354615,-0.0021040231071619464,0.00019222405590751092,0.00010711796542680202,0.9968053212909643,5.9795672737979115e-06,0.00019160996180873872
tip_RF2,E,8,0.01/0.005,-0.0022539712190628052,-0.0022557428921484842,0.0007860229406192981,0.001336599660212209,0.9374988340256524,1.2715673366642221e-05,0.0007368955903480066
tip_RF2,E,9,0.02/0.01,-0.00226958966255188,-0.002249081867415218,0.009035904364140947,0.0001433921584343406,0.848726048791313,7.0228367398732184e-06,0.007669007408233528
tip_RF2,E,10,0.01/0.005,-0.0020351502895355226,-0.002033106399377863,0.0010042944583350867,0.0017257711685713627,0.7014713760425366,1.699417732813555e-05,0.0007044838156402072
tip_RF2,E,11,0.02/0.01,-0.001737781822681427,-0.001724233915738677,0.007796091986878559,0.0011923797590277206,0.5637995231893043,1.0571957286912684e-05,0.004395432944942088
tip_RF2,E,12,0.01/0.005,-0.0014483431577682496,-0.0014591068389653622,0.00743172026558841,0.004284879571586892,0.4496042945639428,2.651426843384551e-05,0.0033413333474064345
tip_RF2,E,13,0.02/0.01,-0.0011833573579788207,-0.0011453749614841768,0.03209714820172163,0.008402900615419696,0.3555222953733515,1.6765374647684708e-05,0.011411251803614715
tip_RF2,E,14,0.01/0.005,-0.0010390418767929077,-0.0010462631682007578,0.006949952229201011,0.0021947278116453374,0.30463278486486384,3.913212742471659e-05,0.002117183302259272
tip_RF2,E,15,0.02/0.01,-0.0008447908163070678,-0.0008463087570271966,0.0017968243627035762,0.0015466825576484625,0.2431178677931969,2.4516768477951637e-05,0.0004368401078593633
tip_RF2,E,16,0.01/0.005,-0.0006776440143585205,-0.0006782715022662159,0.0009259845795131411,0.0015670711004856105,0.19222899373860927,6.201420879978212e-05,0.00017800108393728034
tip_RF2,E,17,0.02/0.01,-0.0006119884252548217,-0.0006202109871995436,0.013435812844496431,0.0033704531850227222,0.17158317011172156,3.4738048455790126e-05,0.0023053593608864846
tip_RF2,E,18,0.01/0.005,-0.0004942086935043335,-0.0004945301366617973,0.0006504198766406163,0.00034445137796227184,0.13727562589075704,8.683937062916556e-05,8.928679565762958e-05
tip_RF2,E,19,0.01/0.005,-0.0004633158445358276,-0.0004588210862926707,0.009701283252378264,0.011053433936049102,0.127686725982168,9.336075354256428e-05,0.001238725096321819
tip_RF2,E,20,0.01/0.005,-0.0003606103658676147,-0.0003661431449959017,0.015342817766692145,0.0001489246844399721,0.09873123093676932,0.00012074121675554391,0.0015148152841440493
tip_RF2,E,21,0.01/0.005,-0.0003349708318710327,-0.00033516581964254823,0.0005821037325142562,0.004722700386022483,0.09121588355768702,0.00013068917923202548,5.309710628351539e-05
tip_RF2,E,22,0.01/0.005,-0.00031358397006988524,-0.0003108809228546391,0.008619851373919874,9.883928466216478e-05,0.08496729189196753,0.000140300210700314,0.0007324054277532273
tip_RF2,E,23,0.01/0.005,-0.00028469181060791017,-0.0002868381995984402,0.007539342230978732,0.0018436726394459046,0.07678852278936181,0.00015524362915247584,0.0005789349527203083
tip_RF2,E,24,0.01/0.005,-0.000246307373046875,-0.00024109456300966652,0.021163840825083276,0.004825339177301573,0.06616253620632907,0.00018017642065446966,0.0014002533848545575
tip_RF2,E,25,0.01/0.005,-0.0002243802547454834,-0.00022446778099989348,0.00039008002067452135,0.0009042427153208033,0.060059415814724494,0.00019848559619448588,2.3427978162707406e-05
tip_RF2,E,26,0.02/0.01,-0.00021817773580551147,-0.00021790033021441116,0.0012714660828068794,0.0013174735651559231,0.0582017586478775,0.00010241038442841673,7.400156208048822e-05
tip_RF2,E,27,0.02/0.01,-0.00019781583547592163,-0.00019669884591210252,0.00564661348335314,0.0054344960330529385,0.05260109080633585,0.00011331446527380986,0.0002970180285861389
tip_RF2,E,28,0.02/0.01,-0.00018926721811294555,-0.00019014678440075215,0.004647219400042702,0.0003618467980337098,0.0501780377048104,0.00011878632067287185,0.00023318835027786908
tip_RF2,E,29,0.01/0.005,-0.000186501145362854,-0.00018705385768252064,0.002963586730747947,0.0023327165169368764,0.049301915354980935,0.0002417944388011238,0.00014611050214647996
tip_RF2,E,30,0.01/0.005,-0.00017467820644378662,-0.00017427644368008994,0.0023000165382736338,0.006251249738109544,0.04604755787787885,0.000258882978912654,0.00010591014466623371
tip_RF2,E,31,0.02/0.01,-0.00015656793117523193,-0.00015901682509690903,0.01564109523128518,0.002354599215615788,0.041165787757950975,0.00014479170209460713,0.0006438780065929848
tip_RF2,E,32,0.02/0.01,-0.00015077459812164306,-0.0001512078623923137,0.002873589292017717,0.0004309019132836171,0.03954456332919484,0.00015072778596441318,0.00011363483374029079
tip_RF2,E,33,0.01/0.005,-0.0001491997241973877,-0.0001489909374884902,0.0013993773113230759,7.270821315181465e-05,0.03903656052677786,0.00030537856804522363,5.462687711326292e-05
tip_RF2,E,34,0.01/0.005,-0.0001465764045715332,-0.00014859018277437402,0.013738761083186822,0.005728009421164351,0.03825862402689979,0.00031158802121833944,0.0005256260948770471
tip_RF2,E,35,0.01/0.005,-0.00013915634155273437,-0.00013908092737666068,0.000541938478923791,4.4546177252586446e-05,0.03623812365196513,0.0003289609878692401,1.9638833610998237e-05
tip_RF2,E,36,0.02/0.01,-0.00013702821731567384,-0.0001356564692816968,0.010010697510695292,0.0002705580629781933,0.0356028008030549,0.0001674156061628619,0.000356408869372922
tip_RF2,E,37,0.02/0.01,-0.00013353121280670167,-0.00013308344276686008,0.0033532986814833687,0.0012815350924569495,0.03461701277709791,0.0001721830972510261,0.00011608118330233536
tip_RF2,E,38,0.02/0.01,-0.00013265466690063477,-0.0001328305409726201,0.0013258038793091684,0.00013839114009137082,0.03431439247580424,0.00017370158838574525,4.5494154660558606e-05
tip_RF2,E,39,0.01/0.005,-0.00013112163543701173,-0.00013127638833433373,0.001180223971476782,0.0005254889410945097,0.03384420646599927,0.00035222953054178376,3.994374376678184e-05
tip_RF2,E,40,0.01/0.005,-0.00013000655174255372,-0.0001299837777938625,0.00017517539220873957,0.00025307773704495734,0.03348457745602328,0.0003560125245938787,5.865673988802797e-06
tip_region_U,E,1,0.01/0.005,-2.2737367544323206e-16,5.021093757093387e-23,1.000000241120421,1.5,2.5985562797165076e-09,4587.52001953125,2.5985569062814917e-09
tip_region_U,E,2,0.01/0.005,-1.9022163003624643e-20,2.694145194762265e-22,1.0141631905596062,0.7581689364727952,1.0869807384364724e-13,109670103.00684212,1.1023758537695696e-13
tip_region_U,E,3,0.02/0.01,-1.6409929937904633e-20,-2.6330596035771254e-22,0.9839544738244426,1.137141183043703,6.251402076284556e-14,95346042.45263316,6.151095040635599e-14
tip_region_U,E,4,0.02/0.01,3.54972119080719e-20,-3.9294602053941717e-22,1.0110697713825254,1.0203868731645636,1.0142060501983836e-13,58769758.63408789,1.0254330793088537e-13
tip_region_U,E,5,0.01/0.005,-8.185776694846801e-20,-1.222275420183839e-22,0.9985068302425678,0.9941145494307355,1.8710347049713714e-13,63713029.60551192,1.868240932534802e-13
tip_region_U,E,6,0.01/0.005,-1.1706485021977063e-20,-1.7296025443136079e-22,0.9852252615446349,0.9878396910404208,2.2298067404706418e-14,534617136.93456656,2.196861929074178e-14
tip_region_U,E,7,0.02/0.01,1.471489667892456e-10,1.379420008579852e-10,0.06256901514268721,0.036392405063291174,0.00024024320640869128,0.02481012706515155,1.5031780819713137e-05
tip_region_U,E,8,0.01/0.005,3.032386302947998e-09,3.0028401361543655e-09,0.009812486675037951,0.02088452088452077,0.0043319804143395575,0.0027518427635586525,4.2507500092232285e-05
tip_region_U,E,9,0.02/0.01,7.527880370616913e-09,7.892835516234052e-09,0.04849167483612495,0.0004948657676605225,0.00955921324138954,0.0006235308625328501,0.0004635422601906417
tip_region_U,E,10,0.01/0.005,1.4875084161758422e-08,1.49187779528733e-08,0.0029832336368821296,0.0015026296018031014,0.017000096474376687,0.0007012271355663121,5.071525963260183e-05
tip_region_U,E,11,0.02/0.01,2.1496787667274476e-08,2.1677022497929512e-08,0.008414771030765385,0.0019062472922623899,0.022334325402354586,0.0002668746143060441,0.0001879382343874208
tip_region_U,E,12,0.02/0.01,2.7508474886417388e-08,2.7435696171886415e-08,0.002645683369633428,0.0033178724988996507,0.026198548328831173,0.0002275112499641687,6.931306362212626e-05
tip_region_U,E,13,0.02/0.01,3.298092633485794e-08,3.36277139075596e-08,0.019610958350228216,0.0070454352921242944,0.02899422011811282,0.0002055742300795852,0.0005686044431336594
tip_region_U,E,14,0.01/0.005,3.5896897315979e-08,3.5774717700160234e-08,0.003408440720069132,0.0014269406392693992,0.029303589075368976,0.000406807811985673,9.987954624866057e-05
tip_region_U,E,15,0.01/0.005,3.9791688323020934e-08,3.973775243494469e-08,0.0013804878397274535,0.0008425782895661041,0.030317478194349295,0.0003932031839409387,4.185290997850143e-05
tip_region_U,E,16,0.01/0.005,4.353374242782593e-08,4.353508367706796e-08,0.0003091594351948361,0.0006417935991785285,0.03109553017320152,0.0003833647115414587,9.613476545430966e-06
tip_region_U,E,17,0.02/0.01,4.468299448490143e-08,4.432527229171672e-08,0.008017187718780936,0.0032098044937263633,0.030038986444602147,0.00019842428733510506,0.00024082819320829136
tip_region_U,E,18,0.02/0.01,4.7776848077774045e-08,4.772807687692302e-08,0.0010509111639866447,0.00023391812865494502,0.030334506945644157,0.00019649122658296406,3.187887200320786e-05
tip_region_U,E,19,0.01/0.005,4.8708170652389524e-08,4.88524233261987e-08,0.002961570346053474,0.00118546845124292,0.02929814681546734,0.0004068833783297421,8.67685228030091e-05
tip_region_U,E,20,0.01/0.005,5.0920993089675905e-08,5.077749849609917e-08,0.002831181686493151,0.0002926329651036166,0.029097710832488723,0.00040968614416801285,8.238090602781544e-05
tip_region_U,E,21,0.01/0.005,5.1859766244888303e-08,5.185747019849822e-08,0.000270463602768915,0.0019395158393794285,0.02822300148873748,0.00042238345768557707,7.63329466359639e-06
tip_region_U,E,22,0.01/0.005,5.264207720756531e-08,5.267318911922796e-08,0.000623642261578684,0.0004245984006793735,0.027346534291714117,0.00043592101389937793,1.705445449202363e-05
tip_region_U,E,23,0.01/0.005,5.3647905588150024e-08,5.352657327478004e-08,0.002262762587586535,0.0004513575446150155,0.026657344154772455,0.00044719117125341704,6.0319241037837716e-05
tip_region_U,E,24,0.01/0.005,5.4780393838882447e-08,5.493157543231582e-08,0.0027597755847509355,0.0006120367222033554,0.026085902642479765,0.00045698740497733087,7.199123721890557e-05
tip_region_U,E,25,0.01/0.005,5.52348792552948e-08,5.5233254912081826e-08,0.0002200757868214815,0.000269778107506606,0.025250230516706197,0.00047211168813650773,5.556964348387899e-06
tip_region_U,E,26,0.02/0.01,5.5618584156036376e-08,5.5620377027715595e-08,0.0001346209879675454,0.00020093770931012148,0.02444772859477731,0.00024380442765600636,3.2911773769913314e-06
tip_region_U,E,27,0.01/0.005,5.689263343811035e-08,5.6884673617346095e-08,0.0002592875748538175,0.0007202723939235862,0.024081538145490713,0.0004950235688043177,6.244043624493984e-06
tip_region_U,E,28,0.01/0.005,5.702301859855652e-08,5.69948899422754e-08,0.0005474577658968824,0.00026131835108123393,0.0232747010158091,0.0005121839780876652,1.2741915820032747e-05
tip_region_U,E,29,0.01/0.005,5.7198107242584226e-08,5.722178124886288e-08,0.00044378407918097744,0.0002605184316791283,0.022541126324617824,0.0005288524088549617,1.000339298967261e-05
tip_region_U,E,30,0.01/0.005,5.774572491645813e-08,5.7715205570595414e-08,0.0005760351837550535,0.0005160957357589837,0.021998372395759417,0.0005419004979375701,1.2671836485303373e-05
tip_region_U,E,31,0.02/0.01,5.850940942764282e-08,5.839798323841741e-08,0.0019161383113096074,0.0004934419966892574,0.021570288431535415,0.00027632752786119257,4.133165604966343e-05
tip_region_U,E,32,0.02/0.01,5.882047116756439e-08,5.874845507672894e-08,0.0012243371976789288,0.000649165584723975,0.021007311041834904,0.00028373286165321804,2.5720032331729766e-05
tip_region_U,E,33,0.02/0.01,5.9003010392189025e-08,5.8936597755188266e-08,0.0011503411233692949,0.0006313729204154299,0.020433943499130237,0.0002916942820064452,2.3506005519654176e-05
tip_region_U,E,34,0.01/0.005,5.930662155151367e-08,5.911942947296417e-08,0.00318570333478234,0.0010050251256281417,0.019934997882282136,0.0005979899785027432,6.350698923246509e-05
tip_region_U,E,35,0.02/0.01,5.993619561195373e-08,5.991365104295474e-08,0.0003813060126892246,0.0003729256013425463,0.019571002267895866,0.00030455591369056074,7.462540839103145e-06
tip_region_U,E,36,0.02/0.01,6.023980677127838e-08,6.027773208340129e-08,0.0006508002959906694,0.0003710460406295555,0.01912374832610288,0.00031167867176976765,1.2445741071078821e-05
tip_region_U,E,37,0.02/0.01,6.049498915672303e-08,6.045373192986811e-08,0.0007511179527796058,0.0003694808793645069,0.018685711555670236,0.0003189851486137461,1.403517340992525e-05
tip_region_U,E,38,0.02/0.01,6.065890192985535e-08,6.061927866576947e-08,0.000677059361407725,0.00042989621077195065,0.018243278187237276,0.0003267211307290657,1.2351782279434348e-05
tip_region_U,E,39,0.02/0.01,6.078183650970459e-08,6.080603207601232e-08,0.00043252719170419385,0.0004596714881098483,0.017811527057888556,0.000334640845681967,7.703969778311798e-06
tip_region_U,E,40,0.02/0.01,6.075948476791381e-08,6.07381692329084e-08,0.0003508182317021565,0.0004904966278358474,0.017359853086469052,0.0003433476336378031,6.090152962404297e-06
e1_ip1_S11,E,1,0.02/0.01,-0.0001810121536254883,-0.00018101249603685556,1.8916484910769346e-06,2.6342825530843578e-06,0.9999981033201591,5.960475782653321e-06,1.8916449032253755e-06
e1_ip1_S11,E,2,0.02/0.01,-0.0003620243072509766,-0.0003620249920737111,1.8916484910769346e-06,2.6342825530843578e-06,0.9999981033201591,5.960475782653321e-06,1.8916449032253755e-06
e1_ip1_S11,E,3,0.02/0.01,-0.0005430374145507813,-0.0005430375015970486,1.6029515646092683e-07,0.0,0.9999998595051971,5.960465314953463e-06,1.6029513394029043e-07
e1_ip1_S11,E,4,0.02/0.01,-0.0007240486145019532,-0.0007240499841474223,1.8916484912266762e-06,2.6342825530843578e-06,0.9999981033201591,5.960475782653321e-06,1.891644903375117e-06
e1_ip1_S11,E,5,0.02/0.01,-0.0009050636291503906,-0.0009050624666977958,1.2843877019851824e-06,2.1074193807415514e-06,1.0000012644532272,5.960456940820047e-06,1.2843893260333574e-06
e1_ip1_S11,E,6,0.02/0.01,-0.0010860748291015626,-0.0010860750031940968,1.6029515606161652e-07,0.0,0.9999998595051971,5.960465314953463e-06,1.6029513354098017e-07
e1_ip1_S11,E,7,0.02/0.01,-0.0013546867370605468,-0.0013495525785959769,0.00378992303099555,0.0026751294621863092,1.0677002594545033,5.582526017727402e-06,0.004046501803506546
e1_ip1_S11,E,8,0.01/0.005,-6.00128173828125e-05,-6.538935665271973e-05,0.08958984937519468,0.20493262140859397,0.0436789904056149,0.0002729213483273574,0.0039131941712996126
e1_ip1_S11,E,9,0.01/0.005,7.78961181640625e-05,7.981066729656255e-05,0.02457823544515633,0.021449559255631676,0.05692603640790801,0.00020941083741818538,0.0013991415257931042
e1_ip1_S11,E,10,0.01/0.005,1.56097412109375e-05,1.5170890161349368e-05,0.028113922175765124,0.02443792766373403,0.011458492479062207,0.0010403575319232364,0.0003221431658079449
e1_ip1_S11,E,11,0.01/0.005,-1.94244384765625e-05,-1.9438809237704393e-05,0.0007398289098155512,0.06755695208169685,0.014240855033017976,0.0008370936244655948,1.0535796253918994e-05
e1_ip1_S11,E,12,0.01/0.005,-5.74188232421875e-05,-5.623350205132135e-05,0.020643425342706353,0.019399415360085027,0.04194773488362709,0.0002841852840957824,0.0008659449333657947
e1_ip1_S11,E,13,0.01/0.005,-6.48956298828125e-05,-6.3737489515732e-05,0.01784619964659948,0.00493769104161766,0.0471983302023147,0.0002525709893544814,0.0008423108237766341
e1_ip1_S11,E,14,0.01/0.005,-6.5948486328125e-05,-6.529236924930507e-05,0.009948933104475527,0.007172605275335422,0.04773686714273202,0.0002497216442678329,0.0004749308978202767
e1_ip1_S11,E,15,0.01/0.005,-7.17620849609375e-05,-7.24131479820112e-05,0.009072520975778467,0.008505209440782487,0.05169175359905071,0.00023061568093710495,0.00046897451880215975
e1_ip1_S11,E,16,0.01/0.005,-7.7667236328125e-05,-7.76672443294342e-05,1.0302039282772206e-07,0.002750491159135606,0.0556681069650098,0.00021414288369049495,5.73495024751096e-09
e1_ip1_S11,E,17,0.02/0.01,-7.332611083984375e-05,-7.060961690398939e-05,0.03704674780567097,0.016335448964727918,0.05229827834132998,0.00011397056780029143,0.0019374811283820364
e1_ip1_S11,E,18,0.01/0.005,-8.203125e-05,-8.188225923659066e-05,0.0018162683539424604,0.0024181547619047433,0.058223727923638544,0.0002047434848334108,0.00010574991447626065
e1_ip1_S11,E,19,0.02/0.01,-8.1298828125e-05,-8.1839632807199e-05,0.006652059994856147,0.002064564564564587,0.057419665006690886,0.00010380528128898894,0.00038195905650904985
e1_ip1_S11,E,20,0.01/0.005,-8.26416015625e-05,-8.217552543552287e-05,0.005639727669419062,0.001015509601181777,0.05809043359102919,0.00020521328931721132,0.0003276142256518779
e1_ip1_S11,E,21,0.02/0.01,-8.3740234375e-05,-8.298473314431102e-05,0.009021962218373382,0.008837463556851268,0.05858263332352686,0.00010174456386454946,0.0005285303044976808
e1_ip1_S11,E,22,0.01/0.005,-8.154296875e-05,-8.07857466208489e-05,0.009286173176655383,0.0025261976047903484,0.05677629428224257,0.00020996313876734524,0.0005272345010336534
e1_ip1_S11,E,23,0.02/0.01,-8.217620849609376e-05,-8.07103940241911e-05,0.01783745561797649,0.0005106303964350007,0.05695785911636685,0.00010464691914353085,0.0010159832840831516
e1_ip1_S11,E,24,0.01/0.005,-8.43048095703125e-05,-8.496441987527678e-05,0.007824112388441405,0.0017194570135746722,0.058169651129491434,0.00020493382242470304,0.00045512588803356846
e1_ip1_S11,E,25,0.01/0.005,-8.04901123046875e-05,-8.057129155237901e-05,0.0010085617396607732,0.00028436018957347047,0.05529094514603675,0.0002156036385992692,5.5764331823975215e-05
e1_ip1_S11,E,26,0.02/0.01,-8.11767578125e-05,-8.130921375531532e-05,0.001631697869989549,0.0001409774436090279,0.05552199652089986,0.00010735320865659786,9.059512346071945e-05
e1_ip1_S11,E,27,0.01/0.005,-8.51287841796875e-05,-8.506829343887443e-05,0.0007105791700887578,0.0012547051442911923,0.05797315901967897,0.00020562841764464775,4.1194519223627064e-05
e1_ip1_S11,E,28,0.02/0.01,-8.086395263671875e-05,-8.107647587457588e-05,0.0026281579236163023,0.00033021983205952906,0.05483448872568973,0.0001086991894345248,0.00014411369603187026
e1_ip1_S11,E,29,0.01/0.005,-7.84912109375e-05,-7.887981892165425e-05,0.004950974504185941,0.003499222395023288,0.053005348655973346,0.00022490049131550647,0.0002624281297812105
e1_ip1_S11,E,30,0.01/0.005,-7.82012939453125e-05,-7.786164187036321e-05,0.004343305050512543,0.005073170731707278,0.05259499065810341,0.00022665521575183402,0.0002284360885570006
e1_ip1_S11,E,31,0.02/0.01,-8.123779296875e-05,-8.054695839273044e-05,0.008503857019913222,0.00028174305033810233,0.054417541173452336,0.0001095320433266265,0.0004627589895142794
e1_ip1_S11,E,32,0.01/0.005,-8.02764892578125e-05,-8.024406857593306e-05,0.0004038627271718722,0.00047519482988015637,0.053558461437755056,0.00022257788284177043,2.163026629938131e-05
e1_ip1_S11,E,33,0.02/0.01,-7.94830322265625e-05,-7.89282104540005e-05,0.006980380051185039,0.0022557112689576024,0.052820507620389985,0.00011284375607246493,0.00036870721768683765
e1_ip1_S11,E,34,0.01/0.005,-7.9803466796875e-05,-7.915630004145982e-05,0.008109506784491377,0.0014340344168258883,0.05282801602012111,0.0002256554353761399,0.0004284091543263914
e1_ip1_S11,E,35,0.02/0.01,-8.118438720703125e-05,-8.107995719616355e-05,0.0012863312080116296,4.698806503153943e-05,0.053534968129563376,0.00011133777950728883,6.886370022496534e-05
e1_ip1_S11,E,36,0.02/0.01,-8.005523681640625e-05,-7.935946380931982e-05,0.008691161687299444,0.0006671114076050389,0.05258889944709737,0.00011334073426531937,0.00045705862805185557
e1_ip1_S11,E,37,0.02/0.01,-7.807159423828125e-05,-7.797426058809827e-05,0.0012467229743754744,0.0005863383172090518,0.05109424979231259,0.0001166562676185109,6.370037507455542e-05
e1_ip1_S11,E,38,0.02/0.01,-7.753753662109375e-05,-7.732399297661783e-05,0.002754067949301158,0.0011315556430187782,0.05055827015995477,0.00011789296703944815,0.00013924091141964055
e1_ip1_S11,E,39,0.01/0.005,-7.647705078125e-05,-7.65878338622692e-05,0.0014485794089533967,0.0007980845969671908,0.049685391939625706,0.0002399282463055464,7.197323568952086e-05
e1_ip1_S11,E,40,0.01/0.005,-7.501220703125e-05,-7.497055063877735e-05,0.0005553281808559148,0.0006102522375915609,0.04855986801514799,0.00024548931952120327,2.6966663167455455e-05
root_mises,E,1,0.02/0.01,0.00018233811619537476,0.00018233815202723118,4.1069772825255265e-06,2.6878869619729047e-06,0.9999998508030639,5.9604653668222325e-06,4.106976669777099e-06
root_mises,E,2,0.02/0.01,0.0003646762323907495,0.00036467630405446236,4.106977282376874e-06,2.6878869619729047e-06,0.9999998508030639,5.9604653668222325e-06,4.1069766696284466e-06
root_mises,E,3,0.02/0.01,0.0005470144678272817,0.0005470144696669445,2.8769776805854222e-06,3.3944203079440675e-06,1.0000000306507495,5.960464294846364e-06,2.8769777687669443e-06
root_mises,E,4,0.02/0.01,0.000729352464781499,0.0007293526081089249,4.106977282376874e-06,2.6878869619729047e-06,0.9999998508030639,5.9604653668222325e-06,4.1069766696284466e-06
root_mises,E,5,0.02/0.01,0.0009116907293702567,0.0009116907465509053,3.168677012170084e-06,4.1607720204635775e-06,0.9999999932452022,5.960464517800796e-06,3.168676990766312e-06
root_mises,E,6,0.02/0.01,0.0010940289356545633,0.001094028939333889,2.8769776802881166e-06,3.3944203079440675e-06,1.0000000306507495,5.960464294846364e-06,2.876977768469639e-06
root_mises,E,7,0.01/0.005,0.0013452871307660247,0.001326348284282142,0.018051300687636246,0.011920530341167723,1.0760088651340587,1.1078838977402765e-05,0.01942335956709713
root_mises,E,8,0.02/0.01,0.0018238786658834414,0.0019069105716913303,0.4232002010017357,0.052634250039543466,1.456117217261994,4.093396058283553e-06,0.616229099027364
root_mises,E,9,0.02/0.01,0.0019021147831318572,0.0019399459024966217,0.3197864563749839,0.10576741710950639,1.5144893692229133,3.935626488152496e-06,0.48431318860138
root_mises,E,10,0.01/0.005,0.0016550126215812355,0.0016494307833521302,0.006063720074937976,0.003371968807306201,1.3142351648053279,9.070620901278288e-06,0.007969154152019486
root_mises,E,11,0.02/0.01,0.001609633973257445,0.0016529831020354903,0.38152302602782984,0.024692534180732587,1.2745565287016318,4.676500683426637e-06,0.4862726636737731
root_mises,E,12,0.01/0.005,0.0015851799293973982,0.0016115092814684847,0.025480363301042155,0.013924915973818652,1.2512650216091596,9.527101572572929e-06,0.031882687336487754
root_mises,E,13,0.02/0.01,0.0014518572511008259,0.001419961934862263,0.16785481789863937,0.16259647188039486,1.1421742885682866,5.218524473187445e-06,0.19171945721613776
root_mises,E,14,0.02/0.01,0.001467686637916124,0.0014393218059409036,0.3471435705029065,0.02494402772210386,1.1505028399365567,5.180747296432355e-06,0.39938966372931023
root_mises,E,15,0.02/0.01,0.0013933826842538223,0.001394978399445558,0.22888680075682208,0.13069084099524728,1.0881700060263193,5.477512194353662e-06,0.24906775135889603
root_mises,E,16,0.01/0.005,0.001265542364192683,0.0012665428492464798,0.0010492557293596693,0.0035194532550279086,0.9844760833693003,1.2108906611808774e-05,0.0010329671708928056
root_mises,E,17,0.01/0.005,0.0013107872002229043,0.001322818297140602,0.020249696506593858,0.05635250043744324,1.015620813646959,1.1737578429760271e-05,0.02056601324213084
root_mises,E,18,0.01/0.005,0.0012457225048638349,0.0012445084481066664,0.15912527143588368,0.07757456168993283,0.9613053540127693,1.2400772455200302e-05,0.15296797539005016
root_mises,E,19,0.01/0.005,0.0012367927776212326,0.0012263003027006931,0.011012731073025082,0.028388400976977937,0.9504547741522043,1.2542342128494717e-05,0.010467102824811015
root_mises,E,20,0.02/0.01,0.0009106584233287549,0.0009264009010299772,0.40210545759710253,0.10114072918813799,0.6969232350205727,8.552540908415996e-06,0.28023663632800044
root_mises,E,21,0.01/0.005,0.0010120330794551506,0.0010205892206184828,0.018934626212211928,0.09005313084180783,0.7712396406487404,1.5456841592129064e-05,0.014603134315724547
root_mises,E,22,0.01/0.005,0.0010791860639159693,0.0010693796326687764,0.009086877208630021,0.002530129272376843,0.8189422526176175,1.455649518262709e-05,0.007441627690495159
root_mises,E,23,0.01/0.005,0.0009764990290772176,0.000981152294397817,0.019059913047074883,0.07666650065001379,0.7379100570452055,1.615498913622725e-05,0.014064501523843684
root_mises,E,24,0.02/0.01,0.0008296090221248562,0.0008310261422758422,0.2769181124944901,0.1397251670504452,0.6242778458436801,9.547775108828016e-06,0.17287384274315817
root_mises,E,25,0.01/0.005,0.0008249417543068063,0.0008240125712441928,0.0011263620226394776,0.0017799863268038274,0.6181516351464683,1.9284797252463005e-05,0.0006962625260614764
root_mises,E,26,0.01/0.005,0.0008907513118202957,0.0008898345604855437,0.0010291888689573738,0.0054673893118736315,0.6646933731737259,1.793447841695639e-05,0.0006840950209401284
root_mises,E,27,0.01/0.005,0.0007636610967996375,0.0007628771898500737,0.001026511568872072,0.004967050280869778,0.567483340191584,2.1006658893375768e-05,0.0005825282138488267
root_mises,E,28,0.01/0.005,0.0007647823284065538,0.0007663517467128474,0.0026405844013642154,0.0029004448344875327,0.5659548765307484,2.1063391180852313e-05,0.0014944516188431045
root_mises,E,29,0.01/0.005,0.000785595653789855,0.0007873720741547304,0.002261240061990688,0.10964926235584539,0.5789754014323827,2.058969850115531e-05,0.0013092023726260446
root_mises,E,30,0.01/0.005,0.0007235390102398185,0.0007221647330281515,0.0025854149999101766,0.008101566603358661,0.53107720734698,2.2446696619931514e-05,0.0013730549779852892
root_mises,E,31,0.01/0.005,0.0007122051174756052,0.0007104851541019281,0.028951121966472093,0.008800037413323115,0.5206482412334457,2.28963204155588e-05,0.015073350733578671
root_mises,E,32,0.02/0.01,0.0007323854037835744,0.0007336373347390818,0.004334923064586981,0.0009389181009572084,0.5332502103570366,1.1177612988747338e-05,0.0023115986360725768
root_mises,E,33,0.02/0.01,0.0005432439578073627,0.0005404997554431576,0.3804067789466375,0.14621838984259897,0.3939619446481326,1.5129543750380905e-05,0.1498657943911496
root_mises,E,34,0.01/0.005,0.0005641477364206935,0.0005734957664070374,0.03217321211181496,0.011901265055037764,0.4075126991183905,2.925290176445486e-05,0.013110992506994205
root_mises,E,35,0.01/0.005,0.0005418330205449706,0.000542227794051954,0.0008910810535479706,0.001332893608844831,0.38985771424150995,3.0577640302106016e-05,0.0003473948227401283
root_mises,E,36,0.02/0.01,0.0005508588769750417,0.000548619127592213,0.01178745523120033,0.0020049056961837673,0.394808041655128,1.5097120242412986e-05,0.004653782115927697
root_mises,E,37,0.02/0.01,0.0005631184391082443,0.0005634935679233895,0.013125201206313278,0.006236780670756964,0.4020391204413108,1.4825583318848108e-05,0.005276844348601421
root_mises,E,38,0.02/0.01,0.0005765352143469187,0.0005733794144051416,0.016265404245040006,0.0052108285132458215,0.4100521062765356,1.4535870896171857e-05,0.006669663270117958
root_mises,E,39,0.01/0.005,0.0005919511967139783,0.000592509385380018,0.0012672219545676745,0.0010740083528317746,0.41942927204117036,2.8421785864072907e-05,0.0005315099819189088
root_mises,E,40,0.01/0.005,0.0005997318622307262,0.0005999597932717587,0.0008059483596409676,0.0009274766400996615,0.4233652754592458,2.8157550101733993e-05,0.0003412105492853255
tip_RF2,nu,1,0.01/0.005,-0.09181102116902669,-0.09172982052402037,0.0008844324349341792,0.0005410084397316095,0.00045677248550224906,0.026098176517725974,4.039844015636912e-07
tip_RF2,nu,2,0.01/0.005,-0.18362204233805338,-0.1834596410479145,0.0008844324356216367,0.0005410084397316095,0.00045677248550224906,0.026098176517725974,4.0398440187770287e-07
tip_RF2,nu,3,0.02/0.01,-0.27556220690409344,-0.27518946840632086,0.0013526473820929742,3.605032625551976e-05,0.00045698665822616036,0.013042972634420452,6.181418069010326e-07
tip_RF2,nu,4,0.01/0.005,-0.36724408467610675,-0.3669192820958984,0.0008844324354326916,0.0005410084397316095,0.00045677248550224906,0.026098176517725974,4.03984401791398e-07
tip_RF2,nu,5,0.01/0.005,-0.4583597183227539,-0.4586490957853844,0.0006313326652904171,0.00034677069787594875,0.0004560805578659716,0.026137770508913753,2.8793855418466416e-07
tip_RF2,nu,6,0.02/0.01,-0.5511244138081869,-0.5503789368126331,0.0013526473821086871,3.605032625551976e-05,0.00045698665822616036,0.013042972634420452,6.181418069082131e-07
tip_RF2,nu,7,0.02/0.01,-0.6484587987263998,-0.6483062842861191,0.00023519526696250018,0.0005208652490960885,0.0004609108831837926,0.012931923925003676,1.0840405821633384e-07
tip_RF2,nu,8,0.01/0.005,3.18757692972819,3.188867433112594,0.000404854035793889,4.986412027235098e-05,0.001988723034513587,0.005994263026170366,8.051425465990952e-07
tip_RF2,nu,9,0.02/0.01,1.8758376439412434,1.876270344302268,0.0002306704753591402,0.000222424640413498,0.001052220340521487,0.005664654301004121,2.4271616613064775e-07
tip_RF2,nu,10,0.02/0.01,-2.0377238591512046,-1.9194301759493901,0.05805187129284956,0.05464987032234168,0.0010535376430109247,0.005657571437603825,6.115983165424229e-05
tip_RF2,nu,11,0.02/0.01,-3.430922826131185,-3.5568516268068344,0.036704060993890265,0.02464617451529971,0.0016696739155269704,0.0035698374527566735,6.12838132354095e-05
tip_RF2,nu,12,0.01/0.005,-5.175193150838216,-5.173860660782699,0.00025747639106009037,9.981725763607743e-05,0.0024097767024357447,0.004946901902997375,6.20460608603841e-07
tip_RF2,nu,13,0.02/0.01,-5.086739857991536,-5.087238647442025,9.805680345630401e-05,0.0002031059588164774,0.0022923541457110295,0.0026001499326319317,2.2478091991823012e-07
tip_RF2,nu,14,0.02/0.01,-6.044308344523112,-5.982604484289321,0.010208589091868992,0.006212609295904279,0.0026581620886022292,0.002242325440986678,2.7136084502124416e-05
tip_RF2,nu,15,0.01/0.005,-5.512317021687825,-5.510809449240849,0.00027349160816490646,0.00015859056241969622,0.0023795407129978243,0.005009760450813948,6.507844162916432e-07
tip_RF2,nu,16,0.01/0.005,-4.637082417805989,-4.63753420328041,9.742882133942233e-05,5.9984918077804304e-05,0.001973119369839752,0.006041666377258405,1.9223869456547076e-07
tip_RF2,nu,17,0.01/0.005,-4.190127054850261,-4.190732273907178,0.00014443930911763514,2.8450041726727864e-05,0.0017621786301172397,0.006764881125748876,2.545278638759948e-07
tip_RF2,nu,18,0.02/0.01,-3.436128298441569,-3.3854444836918494,0.01475026842644577,0.011755114313138292,0.0014316724968903409,0.004163287686594152,2.1117553627892375e-05
tip_RF2,nu,19,0.02/0.01,-3.0481417973836265,-3.050726283617097,0.0008478891092563057,5.866325985216858e-05,0.0012600710218336356,0.004730260734720721,1.0684004963022043e-06
tip_RF2,nu,20,0.02/0.01,-2.5803248087565103,-2.468755666795888,0.0432384099792416,0.03301712455340649,0.0010596976766278248,0.005624683915988644,4.581964259608368e-05
tip_RF2,nu,21,0.01/0.005,-2.237399419148763,-2.242266588632805,0.0021753690657046925,0.03369090327851396,0.0009138991165998846,0.013044031598837012,1.9880678674262347e-06
tip_RF2,nu,22,0.01/0.005,-1.8668969472249348,-1.8628543781008062,0.0021653948977407157,0.0005321186837512636,0.0007587689087474702,0.01571088221676936,1.6430343235660629e-06
tip_RF2,nu,23,0.01/0.005,-1.4635721842447917,-1.4506722611632639,0.008813998530714275,0.0029050825369245146,0.0005921431975007148,0.02013183467342582,5.219149272743752e-06
tip_RF2,nu,24,0.01/0.005,-1.723925272623698,-1.7276180997516564,0.002142103945339894,0.0012907984510419446,0.0006946154322708667,0.017161912046937556,1.4879384579613994e-06
tip_RF2,nu,25,0.02/0.01,-1.1914173762003581,-1.1914656803046366,4.054339414834131e-05,0.0011840042690858773,0.00047835647361621763,0.012460298556179056,1.9394195053232944e-08
tip_RF2,nu,26,0.02/0.01,-0.7571379343668619,-0.7559412899715445,0.0015804840056232012,0.0013120604597459363,0.0003029646390577729,0.019673795912540308,4.788307663002163e-07
tip_RF2,nu,27,0.02/0.01,-0.8450746536254883,-0.8457741988249787,0.0008277910081544881,0.0019043588658484976,0.00033706994553702846,0.017683168008475803,2.790234700346752e-07
tip_RF2,nu,28,0.02/0.01,-0.6697972615559896,-0.6689135042099688,0.0013194400705189935,0.0007712387280494697,0.0002663623889548498,0.022377275188613058,3.514492092661946e-07
tip_RF2,nu,29,0.01/0.005,-0.617822011311849,-0.6175102604273834,0.0005045965970095519,0.0001929508618471829,0.00024498355047803067,0.048660119962410105,1.2361786589453204e-07
tip_RF2,nu,30,0.02/0.01,-0.6817181905110677,-0.6805249640746771,0.0017503221316363942,0.000495453485660939,0.00026956532076653203,0.02211139200172326,4.7182614685932467e-07
tip_RF2,nu,31,0.01/0.005,-0.7143020629882812,-0.7115717310462517,0.0038223772315695154,0.0003337783711615487,0.00028171293028518123,0.042315874329979915,1.076813090560807e-06
tip_RF2,nu,32,0.01/0.005,-0.6373723347981771,-0.6395641188571695,0.0034387812889405778,0.0021197007481296177,0.00025075123036343824,0.04754085927235515,8.622786391526198e-07
tip_RF2,nu,33,0.02/0.01,-0.5788803100585938,-0.5132504056629026,0.11337387583462316,0.05711147721032393,0.00022718704457656648,0.02623593474992483,2.5757075783058645e-05
tip_RF2,nu,34,0.02/0.01,-0.625451405843099,-0.6591988232516295,0.053956897519543474,0.04269377382465057,0.0002448781942754889,0.02434052772715858,1.3212867633293412e-05
tip_RF2,nu,35,0.02/0.01,-0.6945927937825521,-0.6967011161933505,0.0030353358538562935,0.0022883295194507476,0.00027132151436286565,0.02196827071209521,8.235519204681914e-07
tip_RF2,nu,36,0.01/0.005,-0.6812413533528646,-0.6828918902435728,0.002422837196515903,0.00011665888940742716,0.00026550115746982675,0.04489972499058839,6.432660800359224e-07
tip_RF2,nu,37,0.02/0.01,-0.6321271260579427,-0.6416186233807211,0.015015171682267436,0.0015086748805632386,0.00024581166087933283,0.024248094887837766,3.6909042896064844e-06
tip_RF2,nu,38,0.02/0.01,-0.5726019541422526,-0.5735597617600701,0.0016727285174083543,0.00027758501040956715,0.0002221763694326049,0.02682762569557206,3.71640749044172e-07
tip_RF2,nu,39,0.02/0.01,-0.5232493082682291,-0.5204892105321828,0.005274919034640109,0.007138517618468946,0.00020258621961813785,0.02942186536070498,1.0686259060194968e-06
tip_RF2,nu,40,0.02/0.01,-0.49765904744466144,-0.49835536245593914,0.0013991808545490826,0.00031938677738745335,0.0001922661131015573,0.031001118092977058,2.6901506443026754e-07
tip_region_U,nu,1,0.02/0.01,0.00015917855004469553,0.00015911668396062536,0.0017243633897149095,0.001950268161872261,0.002728775132005661,0.0021843003505965315,4.705399936395031e-06
tip_region_U,nu,2,0.02/0.01,0.00031835710008939105,0.0003182333679213105,0.0017243633897276805,0.001950268161872261,0.002728775132005661,0.0021843003505965315,4.705399936429881e-06
tip_region_U,nu,3,0.02/0.01,0.0004774580399195353,0.0004773888855752773,0.001196410573577466,0.001300390117035113,0.002728331741865615,0.0021846553284108096,3.2642049441950477e-06
tip_region_U,nu,4,0.02/0.01,0.0006367142001787821,0.0006364667358425977,0.0017243633897205447,0.001950268161872261,0.002728775132005661,0.0021843003505965315,4.705399936410408e-06
tip_region_U,nu,5,0.02/0.01,0.0007956599195798238,0.0007956481110090573,0.0015433964767798307,0.0015606710885680956,0.0027279769135879943,0.0021849394867860194,4.2103499571684274e-06
tip_region_U,nu,6,0.02/0.01,0.0009549160798390706,0.0009547777711505784,0.0011964105735789634,0.001300390117035113,0.002728331741865615,0.0021846553284108096,3.2642049441991325e-06
tip_region_U,nu,7,0.02/0.01,0.0011138617992401123,0.0011137190720472688,0.0010210472742593056,0.0011148272017837315,0.0027278247613746337,0.0021850613580233808,2.7852380372586104e-06
tip_region_U,nu,8,0.02/0.01,0.001344829797744751,0.0013446407757637556,0.0015513259126774376,0.00184672206832872,0.002881778125755369,0.0020683287253340193,4.470577081071324e-06
tip_region_U,nu,9,0.02/0.01,0.0014832864205042522,0.0014828296529769726,0.0015175807805293056,0.001674340728338229,0.002825307489011458,0.0021096693017383958,4.2876323444093006e-06
tip_region_U,nu,10,0.02/0.01,0.0015553086996078491,0.0015569611814002554,0.0020692223052370673,0.0023952095808383233,0.0026662435304478835,0.0022355289040449375,5.517050584396786e-06
tip_region_U,nu,11,0.02/0.01,0.0016546497742335002,0.001651625765636198,0.0022129653424053848,0.0015009380863039835,0.002578675036707173,0.002311444595651823,5.7065184855589074e-06
tip_region_U,nu,12,0.02/0.01,0.0017117708921432495,0.0017118072488766342,0.001342567171634938,0.001450852375770766,0.0024453870651246754,0.00243743191519465,3.2830963955770972e-06
tip_region_U,nu,13,0.02/0.01,0.0017819305260976155,0.0017822283873198876,0.0013122057064180654,0.0013937282229965183,0.0023497984282321123,0.0025365854389576134,3.083418906458379e-06
tip_region_U,nu,14,0.02/0.01,0.0017993152141571045,0.0018014796109700236,0.0016716751778290348,0.002070393374741201,0.0022032430764948965,0.002705314062314662,3.6831067617001958e-06
tip_region_U,nu,15,0.02/0.01,0.0018365681171417236,0.0018361900813301578,0.0025011550251615618,0.0027045300878973067,0.0020989350863381833,0.002839756463330045,5.2497620386826635e-06
tip_region_U,nu,16,0.02/0.01,0.0018812716007232666,0.0018814496124767586,0.0024509359804230904,0.0026402640264026594,0.0020156481350505004,0.002957095722160717,4.940224538067972e-06
tip_region_U,nu,17,0.02/0.01,0.0019098321596781411,0.0019094686382969896,0.002486270513446403,0.002600780234070226,0.0019258810768184621,0.0030949286273614022,4.78826133369815e-06
tip_region_U,nu,18,0.02/0.01,0.0019334256649017334,0.0019358469488720113,0.002586092298044999,0.0025690430314707817,0.0018413577900338383,0.0032369941951528756,4.76192119875167e-06
tip_region_U,nu,19,0.02/0.01,0.0019495685895284016,0.001949400083339811,0.0019918043992021898,0.0025477707006369473,0.0017590091969515763,0.0033885351411855904,3.503602256725261e-06
tip_region_U,nu,20,0.02/0.01,0.0019768873850504556,0.0019834362096876417,0.0038086864475322803,0.003140703517587867,0.001694474930328555,0.0035175878797943268,6.453723702825572e-06
tip_region_U,nu,21,0.02/0.01,0.0019880632559458413,0.0019836557426514924,0.0035464839961843577,0.004996876951905069,0.0016229087487776993,0.003672704631131117,5.755619904807691e-06
tip_region_U,nu,22,0.02/0.01,0.0019979973634084067,0.0019968804790570613,0.0024480319594653954,0.0024860161591050522,0.0015568811009612914,0.0038284647901877618,3.8112946922409123e-06
tip_region_U,nu,23,0.02/0.01,0.002020349105199178,0.002019384323574951,0.0022458014588632186,0.0036877688998156115,0.001505850251365002,0.003958205320971394,3.3818406913450654e-06
tip_region_U,nu,24,0.02/0.01,0.0019917885462443032,0.001990196267243489,0.0024025066524384167,0.0037406483790523694,0.001422706148879209,0.004189526053735443,3.4180609871473397e-06
tip_region_U,nu,25,0.02/0.01,0.0020228326320648193,0.002022112874999632,0.0020540236050746665,0.002455494168201355,0.001387085233415876,0.004297114794352364,2.849105811686713e-06
tip_region_U,nu,26,0.02/0.01,0.0020526349544525146,0.0020522956067085363,0.0023507780684784057,0.00241984271022384,0.0013533856452500634,0.004404113859533182,3.181509293047345e-06
tip_region_U,nu,27,0.02/0.01,0.002036492029825846,0.0020361905732590043,0.0021085222664324593,0.0024390243902439003,0.0012930108223744357,0.004609756062670452,2.726342109714643e-06
tip_region_U,nu,28,0.02/0.01,0.0020501514275868735,0.002049952850400246,0.002185200581295835,0.0024227740763173877,0.00125519472715427,0.004748637282003567,2.7428522474169775e-06
tip_region_U,nu,29,0.02/0.01,0.0020538767178853354,0.0020531177396688046,0.0020462241979861038,0.002418379685610645,0.0012141143331027054,0.004909310692599203,2.4843501275165164e-06
tip_region_U,nu,30,0.02/0.01,0.0020427008469899497,0.00204283569778764,0.003963301230757273,0.004863221884498482,0.001167257679860146,0.005106382746826913,4.626193799200596e-06
tip_region_U,nu,31,0.02/0.01,0.0020489096641540527,0.0020485371340013855,0.0039175310252847605,0.004848484848484857,0.0011330375624612706,0.005260606245561079,4.438709803755047e-06
tip_region_U,nu,32,0.02/0.01,0.0020600855350494385,0.002059371484105468,0.004436318656590141,0.00482218203737191,0.0011036172462207197,0.0054008439048504955,4.8959977791436135e-06
tip_region_U,nu,33,0.02/0.01,0.0020675361156463623,0.002075351248765914,0.004962599980339763,0.004804804804804813,0.0010740447620056143,0.005549549412082981,5.330054514813087e-06
tip_region_U,nu,34,0.02/0.01,0.0020613272984822593,0.002057601528294701,0.004014698995253441,0.004819277108433737,0.0010393246383350611,0.005734940034797392,4.172575581265916e-06
tip_region_U,nu,35,0.02/0.01,0.0020600855350494385,0.0020599368881657715,0.003601060733297286,0.004822182037371919,0.0010090214669165032,0.00590717311075037,3.6335475835670466e-06
tip_region_U,nu,36,0.02/0.01,0.0020662943522135415,0.002066501531990719,0.003896672139370134,0.004807692307692343,0.0009839496989776193,0.006057692261842581,3.834129378547719e-06
tip_region_U,nu,37,0.02/0.01,0.0020737449328104654,0.002074373983092591,0.004045805616726001,0.004790419161676649,0.0009608084949186922,0.006203592608788771,3.8872444053401005e-06
tip_region_U,nu,38,0.02/0.01,0.002081195513407389,0.002080381562024854,0.0044751750175080355,0.004773269689737473,0.000938885163723198,0.006348448892197348,4.201675429002997e-06
tip_region_U,nu,39,0.02/0.01,0.002088646094004313,0.002087104891851885,0.004547237683096019,0.004756242568370989,0.000918086188752407,0.006492271151185461,4.174756113824949e-06
tip_region_U,nu,40,0.02/0.01,0.0021010637283325195,0.002099568928748062,0.004383659977983925,0.004728132387706864,0.0009004558989057522,0.006619385230062137,3.947292485972685e-06
e1_ip1_S11,nu,1,0.01/0.005,-3.4001668294270835,-3.400238751036092,2.1152376520446386e-05,0.0,0.02817623274706257,0.0004230845571901696,5.959942839935989e-07
e1_ip1_S11,nu,2,0.01/0.005,-6.800333658854167,-6.800477502072226,2.1152376526715575e-05,0.0,0.02817623274706257,0.0004230845571901696,5.95994284170241e-07
e1_ip1_S11,nu,3,0.02/0.01,-10.201772054036459,-10.200716506445332,0.00010346708253587147,0.0,0.028179745117138246,0.00021151591161532724,2.915676013874764e-06
e1_ip1_S11,nu,4,0.01/0.005,-13.600667317708334,-13.60095500414397,2.115237649119018e-05,0.0,0.02817623274706257,0.0004230845571901696,5.959942831692693e-07
e1_ip1_S11,nu,5,0.01/0.005,-17.003377278645832,-17.001193501843147,0.00012843194424836096,0.00014956625785208925,0.028180447591153377,0.00042302127801619566,3.6192696739208686e-06
e1_ip1_S11,nu,6,0.02/0.01,-20.403544108072918,-20.401433012890664,0.00010346708253587147,0.0,0.028179745117138246,0.00021151591161532724,2.915676013874764e-06
e1_ip1_S11,nu,7,0.02/0.01,-22.78900146484375,-22.787298229842406,7.473934318584704e-05,0.00011159468809289874,0.026941825860256317,0.00022123461522077984,2.0136143690230258e-06
e1_ip1_S11,nu,8,0.02/0.01,-30.237833658854164,-30.24464835848437,0.000225369968863801,0.0,0.03301189905433264,0.00018055503161841827,7.439890662009889e-06
e1_ip1_S11,nu,9,0.02/0.01,-24.444580078125,-24.446160808599302,6.46658878675784e-05,0.0,0.026795938391420752,0.00022243910216808915,1.7327831473261535e-06
e1_ip1_S11,nu,10,0.02/0.01,-22.9339599609375,-22.95665519161321,0.0009895905772210436,0.0011088933244622384,0.025252366856349705,0.0002360358738428633,2.4989504293572657e-05
e1_ip1_S11,nu,11,0.02/0.01,-25.980631510416668,-25.90640358964663,0.002857048364674183,0.0016640563821456083,0.028571204834507393,0.00020861789035722436,8.162931404920045e-05
e1_ip1_S11,nu,12,0.02/0.01,-23.157755533854168,-23.161374157482328,0.0001562596868625753,0.0,0.025377097651495366,0.0002348757355704874,3.965417332503661e-06
e1_ip1_S11,nu,13,0.02/0.01,-22.511800130208332,-22.51149876857687,1.3386829561298024e-05,0.00022593764121097315,0.024559112329584395,0.00024269869356633743,3.2876865093291915e-07
e1_ip1_S11,nu,14,0.01/0.005,-20.090738932291668,-20.08945784840637,6.37648963344083e-05,0.0005063291139241095,0.021814047340790316,0.0005464794665952272,1.3909704673193693e-06
e1_ip1_S11,nu,15,0.02/0.01,-18.442789713541668,-18.43952364106508,0.00017709210630917485,0.0005515719801432803,0.019927099569440557,0.00029911349902018877,3.52893203538488e-06
e1_ip1_S11,nu,16,0.02/0.01,-16.743977864583332,-16.738362123426555,0.00033538871122469545,0.0004556500607533415,0.018001906495954054,0.000331101846289374,6.037636219265502e-06
e1_ip1_S11,nu,17,0.01/0.005,-15.096028645833332,-15.093467878198226,0.00016963187439454722,0.0,0.016150378744882673,0.0007381207056122649,2.739619018676303e-06
e1_ip1_S11,nu,18,0.02/0.01,-13.392130533854166,-13.418870829118532,0.001996717041905234,0.001709077098366882,0.014258098551240725,0.0004180406283571654,2.8469388362426685e-05
e1_ip1_S11,nu,19,0.02/0.01,-12.044270833333334,-12.034094249396503,0.0008449315095660642,0.00021114864864874697,0.012759925557042417,0.0004671237658004503,1.0781263162862454e-05
e1_ip1_S11,nu,20,0.02/0.01,-11.006673177083334,-11.133963379870465,0.0115648207900057,0.008780036968576764,0.01160521586881344,0.0005136022065351278,0.00013421224175215772
e1_ip1_S11,nu,21,0.01/0.005,-9.684244791666666,-9.703651784551198,0.0020039758702951995,0.007878151260504201,0.010162293535713842,0.0011730549716148055,2.0364991032427428e-05
e1_ip1_S11,nu,22,0.02/0.01,-8.9263916015625,-8.921655248275442,0.000530601109436944,0.0005698005698006361,0.009322829010604014,0.0006393407484744689,4.946703416117417e-06
e1_ip1_S11,nu,23,0.01/0.005,-8.463541666666666,-8.456311564274756,0.0008542644056902785,0.0006009615384616084,0.008799357308479661,0.001354749959248763,7.516977741584786e-06
e1_ip1_S11,nu,24,0.01/0.005,-7.303873697916666,-7.310800433690474,0.0009483646706245551,0.0013927576601671715,0.007559422535923049,0.0015769629093265799,7.169089263392501e-06
e1_ip1_S11,nu,25,0.02/0.01,-7.120768229166666,-7.113399973329251,0.0010347557454874706,0.0007142857142857976,0.007337187033597294,0.0008123637097222465,7.592196438730971e-06
e1_ip1_S11,nu,26,0.01/0.005,-7.008870442708333,-7.010215613351079,0.0001919240273795201,0.0,0.007190724737387217,0.0016578202323747479,1.3800728513768966e-06
e1_ip1_S11,nu,27,0.01/0.005,-6.439208984375,-6.445900372195865,0.0010391630147588197,0.0,0.006577703828545759,0.0018123237630955605,6.835306540662241e-06
e1_ip1_S11,nu,28,0.02/0.01,-6.322224934895833,-6.31808299472209,0.0006551396409326386,0.0,0.00643072643513844,0.0009268726539151475,4.213023807652625e-06
e1_ip1_S11,nu,29,0.01/0.005,-6.134033203125,-6.133257007417569,0.00012653920866215407,0.0,0.006213496352945553,0.0019185541083365926,7.862509115269106e-07
e1_ip1_S11,nu,30,0.02/0.01,-5.818684895833333,-5.814347525113249,0.000745421138578988,0.0,0.00587011407930442,0.0010153915915455853,4.375707120583649e-06
e1_ip1_S11,nu,31,0.02/0.01,-5.701700846354167,-5.697121155099694,0.0008032149314535278,0.00044603033006249614,0.005728969163734041,0.0010404078477626395,4.601593574148012e-06
e1_ip1_S11,nu,32,0.02/0.01,-5.6304931640625,-5.629813813545979,0.00012065559742735008,0.000451671183378553,0.005634785859303825,0.0010577978695849631,6.798684542294872e-07
e1_ip1_S11,nu,33,0.02/0.01,-5.4931640625,-5.594536514207789,0.018454291653115715,0.009259259259259205,0.005475729336726933,0.001088524306261981,0.0001010507061934807
e1_ip1_S11,nu,34,0.02/0.01,-5.177815755208333,-5.150432279049369,0.005288615403400425,0.0029469548133595285,0.005141388174807198,0.0011593103408813477,2.719082469614614e-05
e1_ip1_S11,nu,35,0.02/0.01,-5.091349283854167,-5.085532296349697,0.0011425237555232305,0.0004995004995003832,0.005036040136988342,0.0011835617499870734,5.753795490277644e-06
e1_ip1_S11,nu,36,0.01/0.005,-5.096435546875,-5.094853968647385,0.0003103302716316577,0.0,0.005021831434860531,0.0023738210072774373,1.5584263132686662e-06
e1_ip1_S11,nu,37,0.02/0.01,-5.076090494791667,-5.080455712839239,0.0008599567033036333,0.0,0.004983099901566301,0.0011961358582567355,4.285250163583616e-06
e1_ip1_S11,nu,38,0.02/0.01,-5.060831705729167,-5.054835243279285,0.0011848768737148985,0.0005025125628141288,0.004949865080109711,0.001204167059318504,5.86498066143094e-06
e1_ip1_S11,nu,39,0.01/0.005,-5.035400390625,-5.033824341033778,0.0003129938970009486,0.0,0.004907076817660559,0.0024293340817846433,1.5358850960425915e-06
e1_ip1_S11,nu,40,0.02/0.01,-5.035400390625,-5.0325769386786305,0.0005607204447189967,0.0,0.004889571738709978,0.0012190156512790254,2.741682839814897e-06
root_mises,nu,1,0.01/0.005,-26.930392044315948,-26.93053261341425,3.2760193401245456e-05,4.199299202140689e-05,0.22154217057004252,5.3808847879411826e-05,7.2577643544063025e-06
root_mises,nu,2,0.01/0.005,-53.860784088631895,-53.86106522682854,3.276019340197103e-05,4.199299202140689e-05,0.22154217057004252,5.3808847879411826e-05,7.257764354567047e-06
root_mises,nu,3,0.01/0.005,-80.79191139459378,-80.79159984672393,2.47510561852006e-05,4.233241335595139e-05,0.22154417832446507,5.380836023422467e-05,5.483452405212936e-06
root_mises,nu,4,0.01/0.005,-107.72156817726379,-107.7221304536571,3.276019340230083e-05,4.199299202140689e-05,0.22154217057004252,5.3808847879411826e-05,7.257764354640113e-06
root_mises,nu,5,0.01/0.005,-134.6527760904479,-134.65266106059022,3.103049191859302e-05,4.251346839410495e-05,0.22154350841195783,5.380852294219013e-05,6.874604047394002e-06
root_mises,nu,6,0.01/0.005,-161.58382278918756,-161.58319969344777,2.475105617851661e-05,4.233241335595139e-05,0.22154417832446507,5.380836023422467e-05,5.483452403732137e-06
root_mises,nu,7,0.01/0.005,-188.61017504102998,-188.61321089099928,3.5952869231307955e-05,4.333934504198911e-05,0.22628576728048513,5.268086056999743e-05,8.135622599941467e-06
root_mises,nu,8,0.01/0.005,-220.73946071591877,-220.74496790046874,2.87410074303099e-05,4.182206517120564e-05,0.2643453223807691,4.5096046518678114e-05,7.59755087471335e-06
root_mises,nu,9,0.02/0.01,-241.35516091820364,-241.35263514790068,4.254293739908095e-05,0.00012691519638281294,0.28825533715887686,2.0677724604467085e-05,1.2263228763701071e-05
root_mises,nu,10,0.02/0.01,-265.7624938604073,-265.88654326001335,0.0014541816214934098,0.001389622144022777,0.31656049962688765,1.8828832038628737e-05,0.0004603364606481914
root_mises,nu,11,0.02/0.01,-292.4826709379526,-293.1125286136464,0.12812649092164274,0.08378100212051895,0.3473948462534424,1.7157607666955995e-05,0.04451048261471716
root_mises,nu,12,0.02/0.01,-308.31485431260336,-308.34648915794975,0.0008767256297315581,0.0005286084205893478,0.365053441905367,1.6327649032505757e-05,0.00032005170874015566
root_mises,nu,13,0.01/0.005,-308.20181776720307,-308.19138936876027,7.034183039458856e-05,0.0004648425461948997,0.36369297843517273,3.277745148220671e-05,2.5582829804789677e-05
root_mises,nu,14,0.02/0.01,-332.9974413778416,-332.5216530030935,0.08135516505410918,0.05256185809648063,0.3915493526677881,1.5222766777490361e-05,0.031854562213117506
root_mises,nu,15,0.01/0.005,-355.2263271654681,-355.2176200398509,7.109062937804466e-05,0.0003059046794610095,0.41612398260068406,2.8647541246180814e-05,2.9582515822381135e-05
root_mises,nu,16,0.01/0.005,-363.1835121011496,-363.1727000126678,6.882586984914148e-05,0.0003048062927554982,0.4237852777442175,2.8129643904886182e-05,2.9167390370005784e-05
root_mises,nu,17,0.01/0.005,-370.10649310710164,-370.10079334095565,7.241533257916217e-05,0.00025527740654327413,0.4301474613135558,2.7713586681820187e-05,3.114927146910344e-05
root_mises,nu,18,0.02/0.01,-382.37719300424544,-380.90184352655285,0.11984805744147023,0.08595148203006664,0.44261210837746007,1.3466564435819663e-05,0.053046201389112084
root_mises,nu,19,0.02/0.01,-393.16190335613516,-393.0630638339187,0.0006553843381100254,0.0004714181377742337,0.45320762073617926,1.3151730475884387e-05,0.0002970251765426003
root_mises,nu,20,0.02/0.01,-379.1586408938817,-374.6966127472633,0.20264329095782893,0.15631518565410132,0.4352528782941481,1.3694256315775406e-05,0.08820107565639355
root_mises,nu,21,0.01/0.005,-396.1052864795344,-396.2058444216492,0.00025386670046427886,0.014655140739090912,0.45278969384282963,2.632773916275591e-05,0.00011494822558011017
root_mises,nu,22,0.01/0.005,-401.5175098012757,-401.52295619196894,0.00012575292294918003,0.0010244130273151441,0.4570384083013092,2.608299157916522e-05,5.7473915743930416e-05
root_mises,nu,23,0.01/0.005,-401.33028224929984,-401.3824905327223,0.00016804138788048423,0.0010199094895780615,0.454909287132222,2.6205068334015432e-05,7.644358796942029e-05
root_mises,nu,24,0.01/0.005,-427.85180381750365,-427.8638528499685,2.81616960765574e-05,0.014110165325195805,0.48293544664584,2.4684311408229105e-05,1.3600281273036646e-05
root_mises,nu,25,0.01/0.005,-427.67543868686175,-427.70887727402675,7.818683080717559e-05,0.0005796457255116184,0.4807035230476614,2.479892154627744e-05,3.758468502494074e-05
root_mises,nu,26,0.01/0.005,-426.77182055861823,-426.7921115794903,4.75453624035766e-05,0.0005648106681821741,0.4776962950572045,2.4955037496471654e-05,2.2712243467340647e-05
root_mises,nu,27,0.01/0.005,-430.31219113985725,-430.36624018756316,0.00012560426782956506,0.00021468428954618413,0.4796532137945385,2.4853224396792022e-05,6.024649073076085e-05
root_mises,nu,28,0.01/0.005,-431.19309098563957,-431.1947643161488,2.7899760365102822e-05,0.0002007678432119625,0.478637823153181,2.4905948461292008e-05,1.3353880567648213e-05
root_mises,nu,29,0.01/0.005,-436.85026224945506,-436.8616909316157,2.616155499674436e-05,0.00019997497678878547,0.48293079537462075,2.4684549151252157e-05,1.2634220562814636e-05
root_mises,nu,30,0.01/0.005,-444.195134114229,-444.2167514016402,4.866619589618898e-05,0.0002044256661121533,0.489058450209157,2.437526424495859e-05,2.3800614342565415e-05
root_mises,nu,31,0.01/0.005,-444.4212476788986,-444.43464795992304,7.175480725839237e-05,0.00019906225292368787,0.4873325155067796,2.446159157404363e-05,3.496845072093648e-05
root_mises,nu,32,0.01/0.005,-444.1964236012173,-444.20920940531767,2.8784122116232312e-05,0.00019888654886474603,0.4851294859950309,2.4572674511069047e-05,1.3964026367065983e-05
root_mises,nu,33,0.02/0.01,-415.7430728272402,-406.96221308566123,0.2743577380770263,0.12830951857114464,0.45224695210440663,1.317966754624588e-05,0.12407745083159423
root_mises,nu,34,0.02/0.01,-440.4657245740111,-439.94345869413183,0.0011857128733365992,0.0008832924022450809,0.4772563054913343,1.2489021955200314e-05,0.0005658889453021398
root_mises,nu,35,0.02/0.01,-440.05717640577774,-439.77366390380007,0.0006442628757908325,0.00040351401864872064,0.47494249637067976,1.2549865558644559e-05,0.0003059878185470511
root_mises,nu,36,0.02/0.01,-440.40259893980743,-440.122050684778,0.0006370267925675216,0.0003757279088225111,0.4734637896244668,1.2589060891576675e-05,0.00030160911930133784
root_mises,nu,37,0.02/0.01,-441.00113908254457,-440.7066471965484,0.0006677803295837635,0.0003578893345524623,0.4722799799038759,1.2620616437631356e-05,0.00031537928063602344
root_mises,nu,38,0.02/0.01,-441.4384384307226,-441.17744627990004,0.0005912311391646259,0.00034772194181492824,0.4709497970778461,1.2656262970114035e-05,0.0002784401850156844
root_mises,nu,39,0.02/0.01,-441.87253590565945,-441.6177505328007,0.000576603776338743,0.0003353465237556485,0.46963569910505815,1.2691676737729637e-05,0.00027079371760746214
root_mises,nu,40,0.02/0.01,-442.2173007856429,-441.97187235136863,0.0005549950982137259,0.0003291971832666433,0.4682578861082711,1.2729021025309282e-05,0.0002598808314900116
tip_RF2,SIGY0,1,0.02/0.01,0.0,0.0,0.0,0.0,4.145948199593217e-300,1.4376601420451606e+294,0.0
tip_RF2,SIGY0,2,0.02/0.01,0.0,0.0,0.0,0.0,2.0729740997966086e-300,2.875320284090321e+294,0.0
tip_RF2,SIGY0,3,0.02/0.01,0.0,0.0,0.0,0.0,1.3819827452645137e-300,4.3129803884767173e+294,0.0
tip_RF2,SIGY0,4,0.02/0.01,0.0,0.0,0.0,0.0,1.0364870498983043e-300,5.750640568180642e+294,0.0
tip_RF2,SIGY0,5,0.02/0.01,0.0,0.0,0.0,0.0,8.291896437709044e-301,7.188300676830294e+294,0.0
tip_RF2,SIGY0,6,0.02/0.01,0.0,0.0,0.0,0.0,6.909913726322569e-301,8.625960776953435e+294,0.0
tip_RF2,SIGY0,7,0.02/0.01,-0.005397510528564453,-0.005068965408303752,0.06086975069747247,0.0231107655882821,0.003197030854286796,0.0018643750245784672,0.00019460247107256468
tip_RF2,SIGY0,8,0.01/0.005,-0.12012729644775391,-0.11868014372738875,0.01204682668434616,0.019814611638692824,0.06245598845825654,0.00019086927049510503,0.0007523964683561407
tip_RF2,SIGY0,9,0.02/0.01,-0.32314324378967285,-0.33934086955738624,0.050125218704111546,0.00025417582474337097,0.1510515827048471,3.94597949310186e-05,0.007571493618682653
tip_RF2,SIGY0,10,0.01/0.005,-0.6908613204956054,-0.6924842627757946,0.0023491578295696956,0.004263683280127691,0.2976558068183381,4.004937475435704e-05,0.0006992404691041837
tip_RF2,SIGY0,11,0.02/0.01,-1.0716239929199218,-1.0823109054873807,0.009972632787307792,0.0010527025862896696,0.43459216827504893,1.3715075679336094e-05,0.004334028106446938
tip_RF2,SIGY0,12,0.01/0.005,-1.4113271713256836,-1.4026650515973542,0.006137570298595572,0.0033932056016830825,0.547641933007583,2.1767743185058582e-05,0.003361190862292808
tip_RF2,SIGY0,13,0.02/0.01,-1.705244541168213,-1.7352449282039029,0.017593011624677354,0.004261446015932772,0.6403945196281223,9.307488266764542e-06,0.011266468228197225
tip_RF2,SIGY0,14,0.01/0.005,-1.882138729095459,-1.8763441976887953,0.003078695165817264,0.001013470290193007,0.6897714800438238,1.728243237067549e-05,0.00212359612112954
tip_RF2,SIGY0,15,0.02/0.01,-2.0837209224700928,-2.0824489766853325,0.0006104204123710164,0.0003617834313280689,0.7495787388550177,7.951752322436037e-06,0.0004575581628764264
tip_RF2,SIGY0,16,0.01/0.005,-2.2519598960876466,-2.2514191838563513,0.00024010739810892924,0.00036210201862815473,0.7985239587307889,1.4928705425477533e-05,0.0001917315100584917
tip_RF2,SIGY0,17,0.02/0.01,-2.332736587524414,-2.3263718141369227,0.0027284578213976358,0.0007319857847643496,0.8175365787277297,7.290761823544191e-06,0.002230614072508338
tip_RF2,SIGY0,18,0.01/0.005,-2.4473950386047365,-2.447141846659741,0.00010345364806314034,5.31703539562428e-05,0.8497616749315963,1.4028555660665365e-05,8.791094525591803e-05
tip_RF2,SIGY0,19,0.01/0.005,-2.489373207092285,-2.4927417555690647,0.0013531713393485998,0.0016278798925945975,0.8575681101511619,1.3900853837693251e-05,0.0011604365881958954
tip_RF2,SIGY0,20,0.01/0.005,-2.584520721435547,-2.5801582117344317,0.0016879375990036388,0.00013069790467133436,0.8845173917663957,1.347732567617674e-05,0.0014930101625351309
tip_RF2,SIGY0,21,0.01/0.005,-2.61504545211792,-2.6147972249927753,9.492268095893209e-05,0.0004030343602336563,0.8901285528581678,1.3392367784181836e-05,8.449338863539178e-05
tip_RF2,SIGY0,22,0.01/0.005,-2.64086332321167,-2.6430193654985663,0.0008164157031324204,2.271458502779029e-05,0.8944454526012224,1.3327731635741152e-05,0.000730239313099023
tip_RF2,SIGY0,23,0.01/0.005,-2.671444892883301,-2.669819223764741,0.0006085355243114483,0.00017886893999128725,0.9006946257062173,1.3235261557968278e-05,0.0005481046762986367
tip_RF2,SIGY0,24,0.01/0.005,-2.7085089683532715,-2.7125219086869277,0.0014816049644081407,0.0003393745417158839,0.9094420340887249,1.3107959065277954e-05,0.0013474338325472925
tip_RF2,SIGY0,25,0.02/0.01,-2.7312163352966308,-2.7309443473692547,9.958490796244393e-05,1.1330750760084082e-05,0.9138240447427909,6.522551591665245e-06,9.100308338957908e-05
tip_RF2,SIGY0,26,0.01/0.005,-2.740677261352539,-2.7406363761441606,1.491792154988693e-05,4.158245205115485e-06,0.9138892879470935,1.304417188416399e-05,1.3633328702876768e-05
tip_RF2,SIGY0,27,0.02/0.01,-2.7600777626037596,-2.7608306400981104,0.0002727740154830222,0.00021857875916840545,0.9174132891963324,6.497033068662563e-06,0.0002502465067515707
tip_RF2,SIGY0,28,0.02/0.01,-2.770472002029419,-2.7697413702842173,0.00026372103550103583,2.0421332097756257e-05,0.9181255077080701,6.491993118041406e-06,0.00024212900961268651
tip_RF2,SIGY0,29,0.02/0.01,-2.775616455078125,-2.775461837877306,5.570553544448959e-05,0.0001109022923232808,0.9171740424161589,6.498727833418731e-06,5.109167112857914e-05
tip_RF2,SIGY0,30,0.01/0.005,-2.7881547927856447,-2.788610844140199,0.0001635674445817034,0.0002807847140926058,0.9187445432309759,1.2975237831786673e-05,0.00015027669715967506
tip_RF2,SIGY0,31,0.02/0.01,-2.8046245098114015,-2.802900322447513,0.0006147658475696017,3.443718260912333e-05,0.9217610564070898,6.466387830239013e-06,0.000566667217098756
tip_RF2,SIGY0,32,0.02/0.01,-2.811358404159546,-2.8110750605021972,0.00010078532033824372,3.247201559324783e-05,0.9216899086397959,6.466886988418206e-06,9.289281269478842e-05
tip_RF2,SIGY0,33,0.01/0.005,-2.814662742614746,-2.8149418130380917,9.9148796451006e-05,3.896472027066484e-07,0.920534145636099,1.2950012785066908e-05,9.12698526318743e-05
tip_RF2,SIGY0,34,0.01/0.005,-2.818625259399414,-2.8171604391044425,0.0005196931695998263,0.00024717963820394665,0.9196289504039674,1.2962759545403168e-05,0.00047792488409119924
tip_RF2,SIGY0,35,0.01/0.005,-2.826108932495117,-2.8261563675969947,1.6784597837729836e-05,2.227179007856925e-06,0.919944465043218,1.2958313689640053e-05,1.5440897878795925e-05
tip_RF2,SIGY0,36,0.02/0.01,-2.829376697540283,-2.8305190912368055,0.00040376161205942895,1.495710975046822e-05,0.9189141562652592,6.4864214321870555e-06,0.00037102226107789106
tip_RF2,SIGY0,37,0.01/0.005,-2.8339609146118163,-2.8341981948098973,8.372740670402084e-05,3.344972986816125e-05,0.9183551464192734,1.2980739533674532e-05,7.689149484297711e-05
tip_RF2,SIGY0,38,0.02/0.01,-2.8359612464904784,-2.835855268601693,3.736930076765783e-05,3.640220573490942e-05,0.9169889150143767,6.500039836845371e-06,3.426723456578047e-05
tip_RF2,SIGY0,39,0.01/0.005,-2.83884334564209,-2.838517668551967,0.0001147217547677345,1.434453696546402e-05,0.9159281761007816,1.3015135101342748e-05,0.0001050768876034922
tip_RF2,SIGY0,40,0.01/0.005,-2.841606330871582,-2.841623325303914,5.9805723780164845e-06,1.3961417220652167e-05,0.9148576168878105,1.3030365310430591e-05,5.471372193377227e-06
tip_region_U,SIGY0,1,0.02/0.01,0.0,0.0,0.0,0.0,1.428571422489322e-296,4.172325152040912e+290,0.0
tip_region_U,SIGY0,2,0.02/0.01,0.0,0.0,0.0,0.0,7.14285711244661e-297,8.344650304081823e+290,0.0
tip_region_U,SIGY0,3,0.02/0.01,0.0,0.0,0.0,0.0,4.761904910578484e-297,1.2516975012033527e+291,0.0
tip_region_U,SIGY0,4,0.02/0.01,0.0,0.0,0.0,0.0,3.571428556223305e-297,1.6689300608163647e+291,0.0
tip_region_U,SIGY0,5,0.02/0.01,0.0,0.0,0.0,0.0,2.857142905799711e-297,2.0861625316115352e+291,0.0
tip_region_U,SIGY0,6,0.02/0.01,0.0,0.0,0.0,0.0,2.380952455289242e-297,2.5033950024067054e+291,0.0
tip_region_U,SIGY0,7,0.02/0.01,-1.1771917343139649e-07,-1.1048467464552612e-07,0.06303703850058094,0.025316455696202552,0.0002402432064086913,0.024810127065151552,1.5144220251887688e-05
tip_region_U,SIGY0,8,0.01/0.005,-2.4244189262390135e-06,-2.400654729537319e-06,0.010004709150916252,0.019360786724031995,0.004329319492709128,0.002753534123585425,4.3313582345947116e-05
tip_region_U,SIGY0,9,0.02/0.01,-6.015598773956299e-06,-6.300427592361267e-06,0.047360320513885945,0.0017958880356701084,0.009548569554741947,0.0006242259056047843,0.00045222331456171177
tip_region_U,SIGY0,10,0.01/0.005,-1.185983419418335e-05,-1.1894614541327147e-05,0.0029836302773140967,0.0015077271013947049,0.016942620565935894,0.0007036059686684971,5.055051569757083e-05
tip_region_U,SIGY0,11,0.01/0.005,-1.7084181308746338e-05,-1.7258246782942985e-05,0.010254407984763077,0.002180549498473615,0.022187249002512375,0.000537287383114881,0.00022751710333128949
tip_region_U,SIGY0,12,0.02/0.01,-2.1865963935852052e-05,-2.1802021769456262e-05,0.002924339272834501,0.002811094452773613,0.026030910260166476,0.00022897641373148599,7.612321318143538e-05
tip_region_U,SIGY0,13,0.02/0.01,-2.615898847579956e-05,-2.6667180867063084e-05,0.019427065833837562,0.006465394474508765,0.028746140353738493,0.00020734833978377525,0.0005584531611208122
tip_region_U,SIGY0,14,0.01/0.005,-2.8389692306518555e-05,-2.82926594941707e-05,0.003471814445275357,0.001443418013856813,0.02896907321834422,0.00041150536177765536,0.00010057524686568694
tip_region_U,SIGY0,15,0.01/0.005,-3.1381845474243164e-05,-3.133873482977e-05,0.0013874307417266626,0.0008784425451091686,0.029887473237513278,0.00039886038074692657,4.146679916225882e-05
tip_region_U,SIGY0,16,0.01/0.005,-3.423541784286499e-05,-3.423621858591393e-05,0.00033627208633593084,0.0006964091403699773,0.03056733722956122,0.0003899891202675505,1.0278942263918525e-05
tip_region_U,SIGY0,17,0.02/0.01,-3.501027822494507e-05,-3.4724775498944664e-05,0.008155995069699709,0.003192168546499255,0.029420400455038867,0.00020259630682621137,0.00023995264105988807
tip_region_U,SIGY0,18,0.02/0.01,-3.732144832611084e-05,-3.728373168120904e-05,0.001029329687102288,0.00015970614070114628,0.029620197308405597,0.00020122973576032211,3.0488948427369166e-05
tip_region_U,SIGY0,19,0.01/0.005,-3.789365291595459e-05,-3.802037191816746e-05,0.003385973358309298,0.0012583562721196512,0.028491467438521396,0.00041840347398044644,9.64713496859703e-05
tip_region_U,SIGY0,20,0.01/0.005,-3.945231437683105e-05,-3.934232486367455e-05,0.0029026727285112234,0.00030216044719746617,0.0281802250347857,0.0004230246188723802,8.179797069178169e-05
tip_region_U,SIGY0,21,0.02/0.01,-4.009753465652466e-05,-4.002724488015698e-05,0.0017678092298603395,0.001820952097811175,0.027277233929331113,0.00021851425599022324,4.822094590533115e-05
tip_region_U,SIGY0,22,0.01/0.005,-4.0474534034729e-05,-4.050338833483476e-05,0.0007569479219153496,0.00044179368235035916,0.026282165608645488,0.0004535748359776239,1.9894230640899272e-05
tip_region_U,SIGY0,23,0.01/0.005,-4.108250141143799e-05,-4.0992024982419857e-05,0.0022023106166788025,0.0002901704751541778,0.02551708139528771,0.00046717446914910834,5.619653926349927e-05
tip_region_U,SIGY0,24,0.01/0.005,-4.1744112968444826e-05,-4.1851937981620905e-05,0.002597109047127727,0.0007496251874064267,0.024847687066522545,0.00047976010496120875,6.453215288066432e-05
tip_region_U,SIGY0,25,0.02/0.01,-4.184991121292114e-05,-4.18567426256727e-05,0.0001760525477623927,0.0001424247819120851,0.02391423497881208,0.0002492433683460922,4.210161995808397e-06
tip_region_U,SIGY0,26,0.02/0.01,-4.194080829620361e-05,-4.1932988949693524e-05,0.00021435049697172623,0.00028423221772194343,0.023044399498613602,0.00025865132558119627,4.939578484942824e-06
tip_region_U,SIGY0,27,0.01/0.005,-4.271268844604492e-05,-4.270558978022719e-05,0.00032606861031150993,0.0007326262908177188,0.022599306227159045,0.0005274909253962838,7.368924375494003e-06
tip_region_U,SIGY0,28,0.02/0.01,-4.2583048343658445e-05,-4.256291117120947e-05,0.00047827842312247434,0.0002274556461490328,0.021726044650446745,0.0002743465077715607,1.0391098376104137e-05
tip_region_U,SIGY0,29,0.01/0.005,-4.2498111724853516e-05,-4.252382163260606e-05,0.0006357620783974696,0.0002805049088359684,0.020935030701384014,0.0005694249569115766,1.3309698630026737e-05
tip_region_U,SIGY0,30,0.01/0.005,-4.26948070526123e-05,-4.266554037732297e-05,0.0007536707994039381,0.000558425240820893,0.020330861424530635,0.0005863464762341389,1.5322776582396693e-05
tip_region_U,SIGY0,31,0.02/0.01,-4.300624132156372e-05,-4.2909611612624646e-05,0.00224767371292856,0.00027719067253389285,0.01981854369102711,0.00030075189027323315,4.4545619682847795e-05
tip_region_U,SIGY0,32,0.02/0.01,-4.296749830245972e-05,-4.2916314917523984e-05,0.001197574987861885,0.000554881220738733,0.019181918803360128,0.0003107334849366039,2.2971786178101668e-05
tip_region_U,SIGY0,33,0.02/0.01,-4.2815506458282473e-05,-4.275112775813019e-05,0.0015220857818759005,0.0004176382556641555,0.018534851739764154,0.00032158144889563094,2.8211634302272817e-05
tip_region_U,SIGY0,34,0.01/0.005,-4.276335239410401e-05,-4.262934740030797e-05,0.00317904299357273,0.0005575301414733209,0.017967794259602158,0.000663460900255326,5.712039045094457e-05
tip_region_U,SIGY0,35,0.02/0.01,-4.2879581451416014e-05,-4.286565029120362e-05,0.00041218614274987365,0.0004343897692521546,0.01750186963953544,0.00034056158572195105,7.214028137631236e-06
tip_region_U,SIGY0,36,0.02/0.01,-4.28512692451477e-05,-4.2868946514954044e-05,0.0004125261661029153,0.00027819313558444275,0.01700447205138185,0.0003505233481832617,7.01478966196073e-06
tip_region_U,SIGY0,37,0.02/0.01,-4.2772293090820314e-05,-4.272692300777052e-05,0.0010651000217181143,0.00027870680044593483,0.016514399424039608,0.0003609252946166822,1.7589487185206203e-05
tip_region_U,SIGY0,38,0.02/0.01,-4.2638182640075685e-05,-4.261755977088148e-05,0.0005575159644998384,0.00027958342070317615,0.01602939145273007,0.00037184596153361124,8.936641636114268e-06
tip_region_U,SIGY0,39,0.02/0.01,-4.246234893798828e-05,-4.251903738104942e-05,0.0013447770305175073,0.00028074115665362924,0.015553973861289292,0.0003832116815094731,2.0916626781931543e-05
tip_region_U,SIGY0,40,0.02/0.01,-4.208981990814209e-05,-4.2085325950881826e-05,0.0003088670422034411,0.0004248389152446525,0.015032078794616951,0.00039651631414236134,4.642913715462406e-06
e1_ip1_S11,SIGY0,1,0.02/0.01,0.0,0.0,0.0,0.0,6.905600558382545e-300,8.631348464405164e+293,0.0
e1_ip1_S11,SIGY0,2,0.02/0.01,0.0,0.0,0.0,0.0,3.452800279191272e-300,1.7262696928810329e+294,0.0
e1_ip1_S11,SIGY0,3,0.02/0.01,0.0,0.0,0.0,0.0,2.301866852794182e-300,2.589404539321549e+294,0.0
e1_ip1_S11,SIGY0,4,0.02/0.01,0.0,0.0,0.0,0.0,1.726400139595636e-300,3.4525393857620657e+294,0.0
e1_ip1_S11,SIGY0,5,0.02/0.01,0.0,0.0,0.0,0.0,1.3811201116765092e-300,4.3156742322025817e+294,0.0
e1_ip1_S11,SIGY0,6,0.02/0.01,0.0,0.0,0.0,0.0,1.150933426397091e-300,5.178809078643098e+294,0.0
e1_ip1_S11,SIGY0,7,0.02/0.01,0.06878662109375,0.06459729882632662,0.060903155305647494,0.03571428571428571,0.06776796729050076,8.795401007069247e-05,0.004127283036641408
e1_ip1_S11,SIGY0,8,0.01/0.005,-1.05015869140625,-1.0458059036388665,0.004144885723465959,0.00923525787815724,0.9554182216131818,1.2477184007387006e-05,0.003960099346703713
e1_ip1_S11,SIGY0,9,0.01/0.005,-1.1529541015625,-1.1544658717596077,0.0013112145531716433,0.001169931180518716,1.0532153063128131,1.1318605876334953e-05,0.0013809912372604906
e1_ip1_S11,SIGY0,10,0.01/0.005,-1.0950927734375,-1.0947472488014793,0.00031552088042373204,0.0002953962768921677,1.0048302642196194,1.1863624514072798e-05,0.00031704492964298563
e1_ip1_S11,SIGY0,11,0.01/0.005,-1.06536865234375,-1.0653744908013092,5.480222781427553e-06,0.00097966198796898,0.9763319897931216,1.2209913307873986e-05,5.350516812700758e-06
e1_ip1_S11,SIGY0,12,0.01/0.005,-1.0357177734375,-1.0366733663810592,0.0009226383558019005,0.0008309171911462264,0.9458138490396556,1.2603884968677711e-05,0.0008726441345726148
e1_ip1_S11,SIGY0,13,0.01/0.005,-1.03135986328125,-1.032311699223731,0.0009228941093874765,0.00024263513593498462,0.9376298425730936,1.2713896693351908e-05,0.0008653330584966149
e1_ip1_S11,SIGY0,14,0.01/0.005,-1.0322998046875,-1.0328153582606907,0.0004994223294915115,0.0003547525010051321,0.9340388493272271,1.276277637023832e-05,0.0004664798579665746
e1_ip1_S11,SIGY0,15,0.01/0.005,-1.02950439453125,-1.0289808335069472,0.000508556376334099,0.00046243048721219095,0.926967344946447,1.2860139054592938e-05,0.0004714151539260059
e1_ip1_S11,SIGY0,16,0.01/0.005,-1.02662353515625,-1.026609571564504,1.3601472465625907e-05,0.0001664665105051826,0.9197924290499586,1.2960455618656367e-05,1.2510531397814184e-05
e1_ip1_S11,SIGY0,17,0.01/0.005,-1.03280029296875,-1.034003431564236,0.0011649285962414262,0.000921909534672201,0.920778365544669,1.2946578026978867e-05,0.001072641048823426
e1_ip1_S11,SIGY0,18,0.01/0.005,-1.02655029296875,-1.0266622285361773,0.00010904050994283511,0.00016053273084016455,0.9107746279275266,1.308878024215966e-05,9.931132987221342e-05
e1_ip1_S11,SIGY0,19,0.02/0.01,-1.028802490234375,-1.0283177996953556,0.0004711210787495576,0.00018984450548455373,0.9082771503249634,6.562385143572673e-06,0.00042790851086467083
e1_ip1_S11,SIGY0,20,0.01/0.005,-1.02938232421875,-1.0297596145202048,0.00036652106081291923,6.522228942085837e-05,0.9044667639273853,1.3180063027761174e-05,0.0003315061177846934
e1_ip1_S11,SIGY0,21,0.02/0.01,-1.030010986328125,-1.0305614065626667,0.0005343828773165293,0.0005303483707342941,0.9007133246882674,6.617493395694963e-06,0.0004813257780842536
e1_ip1_S11,SIGY0,22,0.01/0.005,-1.03321533203125,-1.033815884303984,0.0005812459940497273,0.00017131177561710372,0.8992519319504665,1.3256495239572936e-05,0.0005226865830876866
e1_ip1_S11,SIGY0,23,0.02/0.01,-1.034033203125,-1.0351616250277906,0.001091282078158095,5.90263021215132e-06,0.8958845659695853,6.653161248612709e-06,0.0009776627709410521
e1_ip1_S11,SIGY0,24,0.01/0.005,-1.03377685546875,-1.0332879172165474,0.00047296304769847117,0.00011808187797418729,0.8916223068241161,1.3369931263316497e-05,0.0004217044036314753
e1_ip1_S11,SIGY0,25,0.01/0.005,-1.03818359375,-1.0380738142328454,0.00010574191098318727,4.115323111637485e-05,0.8914472611905465,1.3372556598757703e-05,9.426333693901686e-05
e1_ip1_S11,SIGY0,26,0.01/0.005,-1.0387939453125,-1.0387747093502726,1.8517591784304658e-05,2.3502314977897087e-05,0.8881223420931458,1.3422620274344889e-05,1.6445886985401447e-05
e1_ip1_S11,SIGY0,27,0.01/0.005,-1.03702392578125,-1.0370676796926341,4.219180512278271e-05,0.00011771214671641968,0.8827735755868055,1.3503948560256728e-05,3.7245810668700585e-05
e1_ip1_S11,SIGY0,28,0.02/0.01,-1.041705322265625,-1.0415093955190586,0.00018808269707233218,4.10141029923144e-05,0.8829858188772188,6.75035130815377e-06,0.00016607435429104913
e1_ip1_S11,SIGY0,29,0.01/0.005,-1.04466552734375,-1.0443396743351059,0.00031192089727763146,0.00020448941913319858,0.8818321797491333,1.3518364637667715e-05,0.00027506188475563925
e1_ip1_S11,SIGY0,30,0.01/0.005,-1.04610595703125,-1.0464787488849148,0.00035636146717166775,0.00029756000793506086,0.8794600808639003,1.3554826665205892e-05,0.0003134056847355731
e1_ip1_S11,SIGY0,31,0.02/0.01,-1.04510498046875,-1.0456758526778402,0.0005462343207226874,8.760147170472464e-05,0.8750859856433361,6.81129006214985e-06,0.0004780019989418311
e1_ip1_S11,SIGY0,32,0.01/0.005,-1.047119140625,-1.0471414690607586,2.1323682179306695e-05,3.4973187223044114e-05,0.8732645546722352,1.3650993723834859e-05,1.8621215822284537e-05
e1_ip1_S11,SIGY0,33,0.02/0.01,-1.0488525390625,-1.049368878908995,0.0004922902193252338,0.00011056539652251199,0.8712696593893547,6.841124803676237e-06,0.0004289175317122072
e1_ip1_S11,SIGY0,34,0.01/0.005,-1.04974365234375,-1.050171985141282,0.0004080356157198361,9.884295598585543e-05,0.8686319766061789,1.3723797046540053e-05,0.0003544327834084405
e1_ip1_S11,SIGY0,35,0.01/0.005,-1.050146484375,-1.0501905450517224,4.195669592579859e-05,2.9060305946901012e-05,0.8656153065031629,1.3771624491294237e-05,3.631835820367015e-05
e1_ip1_S11,SIGY0,36,0.01/0.005,-1.0521728515625,-1.0526152261658384,0.0004204390967524645,0.00015662343086529965,0.8639755263400571,1.3797762311135301e-05,0.0003632490899106487
e1_ip1_S11,SIGY0,37,0.02/0.01,-1.054840087890625,-1.054936221412473,9.113563558257983e-05,5.786199913122801e-06,0.8629301006895752,6.9072390368304475e-06,7.864368318968404e-05
e1_ip1_S11,SIGY0,38,0.02/0.01,-1.056317138671875,-1.0564421257704728,0.00011832345989852086,5.778109055946241e-06,0.860963115396329,6.9230195474695446e-06,0.00010187213465870312
e1_ip1_S11,SIGY0,39,0.01/0.005,-1.05841064453125,-1.0581474226898726,0.0002486953837222303,6.343348134470589e-05,0.8595315060106239,1.3869100634143341e-05,0.00021376151770865863
e1_ip1_S11,SIGY0,40,0.01/0.005,-1.0609619140625,-1.06098787479453,2.446905179724051e-05,1.1505626251278712e-05,0.8585297739358366,1.3885283093244303e-05,2.100740950790917e-05
root_mises,SIGY0,1,0.02/0.01,0.0,0.0,0.0,0.0,6.855395018803742e-300,8.694560213073116e+293,0.0
root_mises,SIGY0,2,0.02/0.01,0.0,0.0,0.0,0.0,3.427697509401871e-300,1.738912042614623e+294,0.0
root_mises,SIGY0,3,0.02/0.01,0.0,0.0,0.0,0.0,2.285131585784896e-300,2.608368163399118e+294,0.0
root_mises,SIGY0,4,0.02/0.01,0.0,0.0,0.0,0.0,1.7138487547009355e-300,3.477824085229246e+294,0.0
root_mises,SIGY0,5,0.02/0.01,0.0,0.0,0.0,0.0,1.3710789758934265e-300,4.347280194895474e+294,0.0
root_mises,SIGY0,6,0.02/0.01,0.0,0.0,0.0,0.0,1.142565792892448e-300,5.216736326798236e+294,0.0
root_mises,SIGY0,7,0.01/0.005,0.9900565553750085,0.9902700386409101,0.019751691152013157,0.0129547561664908,0.9898533983977426,1.2043125754151385e-05,0.019551278610922845
root_mises,SIGY0,8,0.02/0.01,0.9866864193330116,0.9865557401036671,0.6237885333028249,0.0783231248722869,0.9846673946190584,6.0532769848086705e-06,0.6142242298805364
root_mises,SIGY0,9,0.02/0.01,0.9874587694489037,0.987581329393309,0.4886270070134323,0.16276906638675637,0.9827849389916616,6.064871612353466e-06,0.48021526327737435
root_mises,SIGY0,10,0.01/0.005,0.9884996359967773,0.9885886428111305,0.008122443238983652,0.004694009682575847,0.9812017179535334,1.214931520904926e-05,0.007969755260070823
root_mises,SIGY0,11,0.02/0.01,0.9911700987027586,0.99070568711852,0.4925983439838215,0.032612915235380326,0.981047819988909,6.075610542212353e-06,0.48326253149547477
root_mises,SIGY0,12,0.01/0.005,0.9916095901941049,0.991492837950394,0.03235981259290708,0.017507176222714468,0.9784113243959557,1.2183964614716391e-05,0.03166120709623114
root_mises,SIGY0,13,0.02/0.01,0.9916894677246262,0.9919493368151393,0.19828696908442,0.1860072623737112,0.9752010841804664,6.112036352531417e-06,0.19336966722998503
root_mises,SIGY0,14,0.02/0.01,0.9925589168596503,0.9927170725607417,0.4066373822198622,0.02477120534772762,0.9725695383048112,6.128574094483931e-06,0.3954831310830484
root_mises,SIGY0,15,0.02/0.01,0.9931187345751141,0.9931258873744763,0.25321393540879844,0.1456264918693095,0.9694770428109044,6.148123384394205e-06,0.24548509729863324
root_mises,SIGY0,16,0.01/0.005,0.9931813371449039,0.993181949940354,0.0011159149504898238,0.003448594228350907,0.965755177911049,1.2343634523258133e-05,0.0010777006415438992
root_mises,SIGY0,17,0.01/0.005,0.9935415263542609,0.9935125308001128,0.02085009449450626,0.05471225688464662,0.9622666566475869,1.2388384106136553e-05,0.0200633507200148
root_mises,SIGY0,18,0.02/0.01,0.9934719932084988,0.99357034381572,0.23389439575902327,0.07427903490783697,0.9583092767492569,6.219771238944844e-06,0.22414316923553404
root_mises,SIGY0,19,0.01/0.005,0.9936555404458431,0.9937458175628383,0.010452311822945832,0.020799248174792014,0.9545097907346956,1.2489058855962567e-05,0.00997683397081381
root_mises,SIGY0,20,0.02/0.01,0.9945330224290501,0.9944717713500356,0.29363546830448856,0.07347892936478397,0.951390161187558,6.265005379180089e-06,0.2793618955205915
root_mises,SIGY0,21,0.01/0.005,0.9950683218552172,0.9949476466998031,0.01690637111775815,0.06470546957513985,0.9478891433342875,1.2576290211685681e-05,0.016025365635703316
root_mises,SIGY0,22,0.01/0.005,0.9942934157952891,0.994313092129733,0.007893077817947156,0.0021922679211021402,0.9431516456249178,1.2639461544044171e-05,0.007444369333042396
root_mises,SIGY0,23,0.01/0.005,0.9946748548113078,0.9946775289680051,0.014310262798464885,0.0597943309923215,0.9395562066621413,1.2687829499235927e-05,0.013445296231264026
root_mises,SIGY0,24,0.02/0.01,0.9948182322672153,0.9948303640979543,0.16805844144585985,0.09290051964572915,0.9357464879286354,6.3697428250392075e-06,0.15726009634972357
root_mises,SIGY0,25,0.01/0.005,0.9952921162487769,0.995281892160871,0.0006764801126583346,0.001319042693678468,0.9322498314207558,1.2787268555372693e-05,0.0006306484709852263
root_mises,SIGY0,26,0.01/0.005,0.9951363636796031,0.9951239187257442,0.0006865281109713077,0.0014180075864672066,0.9282340334002747,1.2842589827707343e-05,0.0006372587574895683
root_mises,SIGY0,27,0.01/0.005,0.9952908447952609,0.9952929995858242,0.0005888913972418314,0.0034436197454592397,0.9245118276836684,1.2894295776556576e-05,0.0005444370619712347
root_mises,SIGY0,28,0.01/0.005,0.9951672018457088,0.995151770606314,0.0016325967552915238,0.001693424767157816,0.9205556109369105,1.2949710819692257e-05,0.0015028961034810064
root_mises,SIGY0,29,0.01/0.005,0.9955599446820884,0.9955487236486326,0.0015238844360345124,0.04964254774491595,0.9171459831810943,1.2997853312000264e-05,0.0013976244893412404
root_mises,SIGY0,30,0.01/0.005,0.9956890456111864,0.9956890742433909,0.0020047182205883583,0.0042433614492932235,0.9135439662643432,1.3049102610600226e-05,0.001831398234478685
root_mises,SIGY0,31,0.02/0.01,0.9963870967080084,0.9963109437009829,0.019783629222476205,0.0032904214617043054,0.9104947029296176,6.546402146394271e-06,0.018012889611788176
root_mises,SIGY0,32,0.02/0.01,0.9965860206144725,0.9965727298033612,0.002092541153634145,0.000542439400656172,0.907018528745473,6.571491417913123e-06,0.0018979735985085971
root_mises,SIGY0,33,0.02/0.01,0.9966350576541118,0.9966721309217577,0.15585652453691642,0.06353101179665238,0.9034529509602678,6.59742654136418e-06,0.14080903701928854
root_mises,SIGY0,34,0.01/0.005,0.9968017059262706,0.9966799051583758,0.012804899489807594,0.0043191443911815616,0.9000509251465695,1.3244727183783352e-05,0.01152506163221016
root_mises,SIGY0,35,0.02/0.01,0.9973616284812465,0.9973547787002977,0.0007568011230445193,0.00032156508479550834,0.8970224912667931,6.64472132590742e-06,0.0006788676287869016
root_mises,SIGY0,36,0.02/0.01,0.9974767414494693,0.997475391097474,0.005194963753874208,0.0007472495232513498,0.8936314166587495,6.669936135218915e-06,0.004642382818865464
root_mises,SIGY0,37,0.02/0.01,0.9975247320580933,0.9975067986347407,0.004346900536950378,0.0028665528802989016,0.8902300520699167,6.69542042944978e-06,0.0038697414913520843
root_mises,SIGY0,38,0.02/0.01,0.997564509630314,0.9976012331369399,0.005477978025400581,0.0024517447018436414,0.8868786722420605,6.720721406537828e-06,0.004858301877738452
root_mises,SIGY0,39,0.02/0.01,0.997549872418341,0.9975355748059002,0.0012761018913696083,0.0004488713250038123,0.8835221956130118,6.746253243138425e-06,0.0011274643448887934
root_mises,SIGY0,40,0.01/0.005,0.9976613747336274,0.9976526717501185,0.00038277463618405385,0.000473142126780311,0.8803417187935265,1.354125188048033e-05,0.00033697248112883675
tip_RF2,H,1,0.02/0.01,0.0,0.0,0.0,0.0,3.3167585596745737e-299,1.7970751775564507e+293,0.0
tip_RF2,H,2,0.02/0.01,0.0,0.0,0.0,0.0,1.6583792798372868e-299,3.5941503551129015e+293,0.0
tip_RF2,H,3,0.02/0.01,0.0,0.0,0.0,0.0,1.105586196211611e-299,5.3912254855958966e+293,0.0
tip_RF2,H,4,0.02/0.01,0.0,0.0,0.0,0.0,8.291896399186434e-300,7.188300710225803e+293,0.0
tip_RF2,H,5,0.02/0.01,0.0,0.0,0.0,0.0,6.633517150167235e-300,8.985375846037868e+293,0.0
tip_RF2,H,6,0.02/0.01,0.0,0.0,0.0,0.0,5.527930981058055e-300,1.0782450971191793e+294,0.0
tip_RF2,H,7,0.02/0.01,-2.384185791015625e-07,-1.300257246973078e-07,0.45463258279918306,0.30000000000000004,1.1297527622618851e-06,5.275901663303375,5.136224162316323e-07
tip_RF2,H,8,0.02/0.01,-1.4597177505493164e-05,-1.458031040934138e-05,0.0011555039421448018,0.0018374846876275566,6.0714337324837003e-05,0.09817227264870035,7.015565612355844e-08
tip_RF2,H,9,0.02/0.01,-8.557438850402832e-05,-8.553685244256015e-05,0.0004386366309402315,0.00020895730305771018,0.0003200103253514731,0.018625850497144356,1.4036825097825753e-07
tip_RF2,H,10,0.02/0.01,-0.00025451183319091797,-0.00025367848580141734,0.0032742972263906643,0.000234192037470726,0.0008772461019981374,0.006794518053671236,2.872364478634523e-06
tip_RF2,H,11,0.02/0.01,-0.0005145668983459473,-0.0005146493482886094,0.00016023172677283236,0.00020850225877438577,0.0016694418605944195,0.003570333665538246,2.674975520698939e-07
tip_RF2,H,12,0.01/0.005,-0.0008936047554016114,-0.0008934206165765543,0.0002060629421945592,0.00010005202705406812,0.0027739871833303014,0.004297398714281906,5.7161596060704e-07
tip_RF2,H,13,0.02/0.01,-0.001407015323638916,-0.0014071121100904182,6.878848430158315e-05,6.142558184855957e-05,0.004227170381903683,0.0014100364875415314,2.9078064345569877e-07
tip_RF2,H,14,0.01/0.005,-0.0019103169441223144,-0.0019107624773859572,0.00023322478765299136,0.0002964137061697733,0.005600786490518948,0.00212843838544068,1.3062422399410245e-06
tip_RF2,H,15,0.02/0.01,-0.0025449156761169433,-0.0025449838020827867,2.6769439350295305e-05,4.684213731406378e-06,0.007323877828072181,0.0008138399653108356,1.9605610332755073e-07
tip_RF2,H,16,0.02/0.01,-0.003264617919921875,-0.003264596378082002,6.598579190910907e-06,1.7344881981718306e-05,0.009260824332399316,0.0006436213736056056,6.110828273045151e-08
tip_RF2,H,17,0.01/0.005,-0.0038538575172424316,-0.0038540147557202843,4.0800283131688703e-05,1.3919606539144334e-05,0.010805058767116528,0.0011032729402044132,4.408494569528896e-07
tip_RF2,H,18,0.01/0.005,-0.00466606616973877,-0.00466623030226634,3.517578225412315e-05,1.5328881144928052e-05,0.012960863746783936,0.0009197634654585536,4.559085209822305e-07
tip_RF2,H,19,0.01/0.005,-0.005378139019012451,-0.005378737238536181,0.00011123169587383806,0.00012745178443580974,0.014821788879304033,0.0008042840882535821,1.6486527129289812e-06
tip_RF2,H,20,0.01/0.005,-0.00611039400100708,-0.006110384927945094,1.4848571113831333e-06,4.8773159934995134e-05,0.01672960009833869,0.0007125650873305643,2.4841065676614168e-08
tip_RF2,H,21,0.02/0.01,-0.006861960887908936,-0.006861425187098148,7.806818190002995e-05,5.646056533479198e-06,0.01868580084518791,0.0003189836243531429,1.4587664993298635e-06
tip_RF2,H,22,0.01/0.005,-0.007598590850830078,-0.007598222155601224,4.85215267004364e-05,1.3335090427578611e-05,0.020588797528337557,0.0005790007375938618,9.989998890011096e-07
tip_RF2,H,23,0.02/0.01,-0.008348041772842407,-0.008336108369162806,0.001429485381640276,2.7488827755046847e-05,0.022516762760110193,0.00026471231859752,3.218738320743967e-05
tip_RF2,H,24,0.01/0.005,-0.009101378917694091,-0.009101497359012252,1.3013557531476004e-05,4.191339905893472e-05,0.024447920690334177,0.00048760502400481154,3.1815442242862633e-07
tip_RF2,H,25,0.02/0.01,-0.009779274463653564,-0.009781850592355736,0.00026342738530815924,0.0001231189316690639,0.02617598915043165,0.00022770732533867864,6.895472379752954e-06
tip_RF2,H,26,0.02/0.01,-0.01049494743347168,-0.010494867656529948,7.601461773601113e-06,4.543492582682242e-06,0.027996642062945536,0.00021289926356660933,2.128154044306735e-07
tip_RF2,H,27,0.02/0.01,-0.011294007301330566,-0.011294150726481666,1.2699225994170924e-05,1.0291214996736585e-05,0.0300318274416924,0.000198471587821669,3.813809636999958e-07
tip_RF2,H,28,0.01/0.005,-0.011959278583526611,-0.011958875321994007,3.3719553381722445e-05,2.491983289756852e-06,0.031706131556729654,0.0003759818170737356,1.0691165955550603e-06
tip_RF2,H,29,0.01/0.005,-0.012645459175109864,-0.01264558272441051,9.770250248346926e-06,1.2726508279826888e-05,0.033428500219833346,0.00035660974547716505,3.26604812574692e-07
tip_RF2,H,30,0.02/0.01,-0.013342326879501343,-0.013338812386024336,0.00026340933697304776,0.00035626997177984435,0.035172193584843775,0.00016946524711803918,9.264684192071381e-06
tip_RF2,H,31,0.01/0.005,-0.014070916175842284,-0.014070738452326115,1.2630557523644928e-05,1.694406932157641e-05,0.036996104151517,0.00032222119675780274,4.6728142163649444e-07
tip_RF2,H,32,0.01/0.005,-0.014785170555114746,-0.014772516074238852,0.0008558900845087712,0.00040233175034463606,0.038777958663698445,0.00030741507201197186,3.3189670317750495e-05
tip_RF2,H,33,0.01/0.005,-0.015439915657043456,-0.015438249731724104,0.00010789730697732624,0.00016290995789052312,0.04039693808529674,0.0002950948641183521,4.358720829533304e-06
tip_RF2,H,34,0.02/0.01,-0.016123533248901367,-0.01611581193407086,0.0004788847897859939,0.0002081269315509647,0.042084822475904664,0.00014162978781606314,2.0153781364554478e-05
tip_RF2,H,35,0.01/0.005,-0.016827321052551268,-0.01682764062632831,1.8991363868547152e-05,3.117078900347115e-05,0.04382053553790677,0.00027203978246148944,8.322117353149891e-07
tip_RF2,H,36,0.01/0.005,-0.01750037670135498,-0.01749989045977737,2.7784634919995425e-05,0.0001382797992968674,0.04546964398153167,0.0002621733515204128,1.2633574579690245e-06
tip_RF2,H,37,0.02/0.01,-0.018165552616119386,-0.01815542278682937,0.0005576394786375729,8.36703663187073e-05,0.047092897143497604,0.00012656822661338555,2.6260858610632848e-05
tip_RF2,H,38,0.01/0.005,-0.018820595741271973,-0.018821100691116747,2.6829641936723172e-05,1.5834951665393534e-05,0.04868410015142604,0.0002448628796259869,1.306176975074331e-06
tip_RF2,H,39,0.02/0.01,-0.019468915462493897,-0.019484759142993285,0.0008137936871681288,0.00020695934473498158,0.050251813317128476,0.00011861192828851453,4.089460844623045e-05
tip_RF2,H,40,0.01/0.005,-0.020057249069213866,-0.020056684771143002,2.813437021783744e-05,1.4264283897253051e-05,0.05165958953690269,0.00023075926583896855,1.4534100173327416e-06
tip_region_U,H,1,0.02/0.01,0.0,0.0,0.0,0.0,1.1428571379914577e-295,5.21540644005114e+289,0.0
tip_region_U,H,2,0.02/0.01,0.0,0.0,0.0,0.0,5.714285689957288e-296,1.043081288010228e+290,0.0
tip_region_U,H,3,0.02/0.01,0.0,0.0,0.0,0.0,3.809523928462787e-296,1.564621876504191e+290,0.0
tip_region_U,H,4,0.02/0.01,0.0,0.0,0.0,0.0,2.857142844978644e-296,2.086162576020456e+290,0.0
tip_region_U,H,5,0.02/0.01,0.0,0.0,0.0,0.0,2.2857143246397688e-296,2.607703164514419e+290,0.0
tip_region_U,H,6,0.02/0.01,0.0,0.0,0.0,0.0,1.9047619642313935e-296,3.129243753008382e+290,0.0
tip_region_U,H,7,0.02/0.01,1.8626451492309571e-10,4.008050247093616e-13,0.9978481944085011,0.5,3.041053245679637e-06,1.9600000381469724,3.0345094903015376e-06
tip_region_U,H,8,0.02/0.01,3.7252902984619143e-10,8.452576732456219e-11,0.8836851714428806,0.5,5.3218432608594075e-06,1.1200000047683716,4.702833974364684e-06
tip_region_U,H,9,0.02/0.01,-1.769512891769409e-09,-1.7069054527667145e-09,0.14663042911656451,0.2105263157894737,2.2470005144921598e-05,0.2652631558870015,3.2947864966512658e-06
tip_region_U,H,10,0.02/0.01,-5.122274160385132e-09,-5.0493604148839944e-09,0.07162544657999642,0.0363636363636364,5.85402771156222e-05,0.10181818008422852,4.192973491323185e-06
tip_region_U,H,11,0.02/0.01,-1.0430812835693359e-08,-1.035712304852052e-08,0.0325841570627449,0.017857142857142873,0.00010837208409426017,0.05499999863760813,3.531213009344372e-06
tip_region_U,H,12,0.02/0.01,-1.8347054719924926e-08,-1.8290761602150926e-08,0.019011520689039413,0.0203045685279188,0.0001747338599309253,0.03411167406188655,3.321956393152501e-06
tip_region_U,H,13,0.02/0.01,-2.9336661100387573e-08,-2.9322141730838183e-08,0.010721912764148037,0.012698412698412681,0.00025790470553767086,0.023111111777169364,2.7652317542381946e-06
tip_region_U,H,14,0.02/0.01,-4.0885061025619506e-08,-4.087715209540105e-08,0.00834649765132668,0.009111617312072941,0.00033375559371334013,0.017858770279243485,2.7856902790455346e-06
tip_region_U,H,15,0.02/0.01,-5.6438148021698e-08,-5.643338977322012e-08,0.012083156163043462,0.013201320132013212,0.00043000495683601726,0.013861385509125863,5.1958170443323595e-06
tip_region_U,H,16,0.02/0.01,-7.404014468193054e-08,-7.398104446756665e-08,0.008111131834529165,0.010062893081760971,0.0005288581740479036,0.01127044029955594,4.289638371470917e-06
tip_region_U,H,17,0.02/0.01,-9.182840585708618e-08,-9.190572239079132e-08,0.007741274368206793,0.008113590263691727,0.0006173337912038374,0.009655172878056463,4.7789502544741916e-06
tip_region_U,H,18,0.02/0.01,-1.123175024986267e-07,-1.1231148023948292e-07,0.0053946938531652675,0.00663349917081261,0.0007131270053888275,0.008358208891961904,3.8471018724972625e-06
tip_region_U,H,19,0.02/0.01,-1.3280659914016723e-07,-1.3266155330528454e-07,0.004733075113685822,0.005610098176718098,0.0007988366607811937,0.007461430815794357,3.7809539190433504e-06
tip_region_U,H,20,0.02/0.01,-1.6000121831893922e-07,-1.5992028784196102e-07,0.0037079872934912333,0.0046565774155996,0.0009142926916785359,0.006519208270817891,3.3901856832759087e-06
tip_region_U,H,21,0.02/0.01,-1.825392246246338e-07,-1.8234140983018473e-07,0.0035092353069103265,0.004081632653061282,0.0009934107269220145,0.006000000116776446,3.4861119971781863e-06
tip_region_U,H,22,0.02/0.01,-2.0526349544525147e-07,-2.0439537006847003e-07,0.0048583462762130936,0.0054446460980036426,0.0010663038988560243,0.005589836522152549,5.1804735763186695e-06
tip_region_U,H,23,0.02/0.01,-2.2817403078079224e-07,-2.2860106183430994e-07,0.003119188825748908,0.003265306122448997,0.0011337839938058557,0.005257142903853436,3.536486364292194e-06
tip_region_U,H,24,0.02/0.01,-2.6170164346694946e-07,-2.616652955289367e-07,0.002922034192191261,0.002846975088968012,0.0012461983411317262,0.004782918000136406,3.6414341630389334e-06
tip_region_U,H,25,0.02/0.01,-2.9169023036956786e-07,-2.9123266299909115e-07,0.002591523786939822,0.0025542784163474185,0.0013334410531180244,0.004469987228607918,3.4556442076374473e-06
tip_region_U,H,26,0.02/0.01,-3.203749656677246e-07,-3.2034717909129704e-07,0.0018542020666697393,0.00232558139534887,0.0014082415667453776,0.004232558261516482,2.611164423429511e-06
tip_region_U,H,27,0.02/0.01,-3.501772880554199e-07,-3.5019663878769287e-07,0.00193899936877143,0.0021276595744681155,0.0014822319183316706,0.004021276565308266,2.8740467540179744e-06
tip_region_U,H,28,0.02/0.01,-3.7904828786849976e-07,-3.790488597776019e-07,0.0017940303088437304,0.0019656019656019586,0.0015471358387395152,0.003852579927561617,2.7756085865970563e-06
tip_region_U,H,29,0.02/0.01,-4.069879651069641e-07,-4.067004208105398e-07,0.0019117299871405564,0.0018306636155606668,0.0016038934811544205,0.003716247087212394,3.0662112641021625e-06
tip_region_U,H,30,0.02/0.01,-4.3809413909912107e-07,-4.383280098941534e-07,0.001749957899688524,0.0017006802721088678,0.0016689301295021658,0.003571428409239062,2.9205574641505066e-06
tip_region_U,H,31,0.02/0.01,-4.760921001434326e-07,-4.760071710388009e-07,0.003068577299344415,0.0031298904538341324,0.0017551781876672776,0.0033959312618058613,5.38589994298028e-06
tip_region_U,H,32,0.02/0.01,-5.105510354042054e-07,-5.102119679032224e-07,0.002538027357943122,0.0029186428310835873,0.0018233965472519546,0.003268879984730745,4.62783032130449e-06
tip_region_U,H,33,0.02/0.01,-5.4873526096344e-07,-5.496703866035387e-07,0.003459218002035124,0.002715546503733915,0.0019003819032243482,0.003136456134120218,6.573835290375436e-06
tip_region_U,H,34,0.02/0.01,-5.841255187988282e-07,-5.832745222579685e-07,0.0027554660495887617,0.0025510204081633015,0.0019634470276016576,0.0030357144316848442,5.410211624722335e-06
tip_region_U,H,35,0.02/0.01,-6.332993507385254e-07,-6.330515413355052e-07,0.0020649674304364144,0.002352941176470622,0.002067916207062153,0.0028823529972749596,4.27017961645495e-06
tip_region_U,H,36,0.02/0.01,-6.686896085739136e-07,-6.690433317808723e-07,0.002105602402933467,0.0022284122562674412,0.0021228241702702247,0.002807799421645141,4.469823673926228e-06
tip_region_U,H,37,0.02/0.01,-7.029622793197631e-07,-7.045078170155393e-07,0.0026136586401994525,0.0021197668256492086,0.0021713121316306256,0.002745097948245163,5.6750687134062755e-06
tip_region_U,H,38,0.02/0.01,-7.346272468566894e-07,-7.3461291027597e-07,0.0017339294808873967,0.00202839756592295,0.0022094051824130627,0.0026977688497268645,3.830952781011406e-06
tip_region_U,H,39,0.02/0.01,-7.685273885726929e-07,-7.657235349700604e-07,0.0037377924149039903,0.0019389238972370609,0.0022520948958337883,0.00264663113821957,8.417863219291526e-06
tip_region_U,H,40,0.02/0.01,-8.128583431243896e-07,-8.130233176121508e-07,0.0016281010366843024,0.0018331805682860022,0.002322452448477957,0.0025664527518939363,3.7811872390169583e-06
e1_ip1_S11,H,1,0.02/0.01,0.0,0.0,0.0,0.0,5.524480446706036e-299,1.0789185580506455e+293,0.0
e1_ip1_S11,H,2,0.02/0.01,0.0,0.0,0.0,0.0,2.762240223353018e-299,2.157837116101291e+293,0.0
e1_ip1_S11,H,3,0.02/0.01,0.0,0.0,0.0,0.0,1.8414934822353455e-299,3.2367556741519364e+293,0.0
e1_ip1_S11,H,4,0.02/0.01,0.0,0.0,0.0,0.0,1.381120111676509e-299,4.315674232202582e+293,0.0
e1_ip1_S11,H,5,0.02/0.01,0.0,0.0,0.0,0.0,1.1048960893412074e-299,5.394592790253227e+293,0.0
e1_ip1_S11,H,6,0.02/0.01,0.0,0.0,0.0,0.0,9.207467411176728e-300,6.473511348303873e+293,0.0
e1_ip1_S11,H,7,0.02/0.01,1.9073486328125e-06,1.657006887366418e-06,0.1312511730364354,0.09999999999999998,1.5032823267635485e-05,0.39649667739868166,1.973075687926577e-06
e1_ip1_S11,H,8,0.02/0.01,-0.000130462646484375,-0.00013045167122754868,8.412566448774377e-05,0.0,0.0009495432696872805,0.006277191011529219,7.988095852230736e-08
e1_ip1_S11,H,9,0.02/0.01,-0.000510406494140625,-0.0005102455378379648,0.00031534924517613,0.0007473841554560743,0.0037300213865710534,0.0015979705904631335,1.1762594287460034e-06
e1_ip1_S11,H,10,0.01/0.005,-0.00090179443359375,-0.0009023227438023267,0.0005858432796832629,0.0,0.006619715596408373,0.001800821920740221,3.878115895570328e-06
e1_ip1_S11,H,11,0.01/0.005,-0.00128326416015625,-0.0012836997496240277,0.00033943866064547416,0.0,0.009408137535560187,0.0012670870201482785,3.1934856042389614e-06
e1_ip1_S11,H,12,0.02/0.01,-0.00167388916015625,-0.0016742857711345266,0.00023693980922821504,0.00022789425706464423,0.012228717822837873,0.0004874153254568957,2.8974700680488785e-06
e1_ip1_S11,H,13,0.02/0.01,-0.00208282470703125,-0.0020828683119262733,2.0935460807675806e-05,0.0,0.015148300194253367,0.0003934741456866701,3.171366450196992e-07
e1_ip1_S11,H,14,0.02/0.01,-0.002518463134765625,-0.0025188387505085826,0.00014914482478314568,0.00015146925174175862,0.018229916524544004,0.0003269606017950844,2.7188977058644877e-06
e1_ip1_S11,H,15,0.02/0.01,-0.0029632568359375,-0.0029630151609790767,8.155720945014774e-05,0.0,0.021344968209516577,0.0002792444766856861,1.7408360429702885e-06
e1_ip1_S11,H,16,0.02/0.01,-0.00342559814453125,-0.0034254352390040697,4.755535246899378e-05,0.0,0.024553025567081926,0.0002427588592393361,1.1676277850227968e-06
e1_ip1_S11,H,17,0.02/0.01,-0.003896331787109375,-0.0038961032457222526,5.865552514763385e-05,9.790483649894531e-05,0.027789752105834172,0.0002144842622143335,1.6300225034902672e-06
e1_ip1_S11,H,18,0.02/0.01,-0.00436859130859375,-0.004368703997769631,2.5795312017120192e-05,0.0,0.03100716760516688,0.00019222860189738324,7.998395631424211e-07
e1_ip1_S11,H,19,0.01/0.005,-0.00486297607421875,-0.004863386191060602,8.433453827309222e-05,0.0,0.034346184755316034,0.00034708160571555265,2.896569632781897e-06
e1_ip1_S11,H,20,0.01/0.005,-0.0053253173828125,-0.005326180183154678,0.0001620185765758401,0.0001432664756447317,0.037432720316228185,0.0003184628008429847,6.064796062996822e-06
e1_ip1_S11,H,21,0.02/0.01,-0.005825042724609375,-0.0058247504059525165,5.018309232712835e-05,0.0,0.040750583584650835,0.00014626697223016306,2.044990298412894e-06
e1_ip1_S11,H,22,0.01/0.005,-0.00631561279296875,-0.006315867171608081,4.0277744641783016e-05,0.0,0.043974004871669525,0.0002710903632695562,1.7711737390976275e-06
e1_ip1_S11,H,23,0.02/0.01,-0.0068145751953125,-0.006809036714337705,0.0008127404593913175,0.00011195700850863081,0.04723308862941126,0.00012619256225872936,3.8388242151138516e-05
e1_ip1_S11,H,24,0.02/0.01,-0.007271575927734375,-0.007271764730696319,2.5964517708485386e-05,0.00010492078480749421,0.05017329818236949,0.00011879754159023023,1.3027254891492502e-06
e1_ip1_S11,H,25,0.01/0.005,-0.00775909423828125,-0.007759192983237155,1.2726350895125581e-05,9.832841691251006e-05,0.05329942295120319,0.00022365962509560375,6.783071589847217e-07
e1_ip1_S11,H,26,0.02/0.01,-0.008228302001953125,-0.00822875380158384,5.4908002964293534e-05,9.272137227622536e-05,0.05627864027047979,0.00010590988781698667,3.0901477467979136e-06
e1_ip1_S11,H,27,0.01/0.005,-0.0087005615234375,-0.008701343908529724,8.992351701849023e-05,0.0,0.05925129104323526,0.0002011927292247439,5.328084478493884e-06
e1_ip1_S11,H,28,0.01/0.005,-0.00917205810546875,-0.009172789065010036,7.969416818783685e-05,0.0,0.062196454708957634,0.00019166573096265652,4.9566947222628475e-06
e1_ip1_S11,H,29,0.02/0.01,-0.009650421142578126,-0.009651222875311796,8.30774866532256e-05,3.952881650719782e-05,0.06516958156584436,9.146083700900983e-05,5.414125042732732e-06
e1_ip1_S11,H,30,0.02/0.01,-0.010092926025390626,-0.010089662770505586,0.0003233209950048888,0.00034016176581738456,0.06788089086985856,8.780769375826966e-05,2.194731717786094e-05
e1_ip1_S11,H,31,0.02/0.01,-0.010521697998046874,-0.010521870608633445,1.6405202525543028e-05,3.6255528968299546e-05,0.07048011930156658,8.456944364744537e-05,1.1562406311666342e-06
e1_ip1_S11,H,32,0.01/0.005,-0.01096649169921875,-0.010968632831541002,0.00019524314438714753,0.000139140114094767,0.07316568377744642,0.00016293060270356952,1.428509816194435e-05
e1_ip1_S11,H,33,0.01/0.005,-0.01141357421875,-0.011413673252846621,8.676869727504013e-06,0.0002673796791444458,0.07584899155318048,0.0001571666110645641,6.581318186694993e-07
e1_ip1_S11,H,34,0.02/0.01,-0.011871337890625,-0.01187566286632068,0.0003643208318664741,0.00035347043701796564,0.07858546168958744,7.584691047668457e-05,2.8630320775361425e-05
e1_ip1_S11,H,35,0.01/0.005,-0.01226654052734375,-0.012265599505837341,7.67144986241992e-05,0.00012439358129123367,0.08088856475774081,0.0001473747122449385,6.205325689821155e-06
e1_ip1_S11,H,36,0.01/0.005,-0.0127166748046875,-0.012715552548875344,8.825072822824247e-05,5.999520038405113e-05,0.08353681273079375,0.00014270270274130024,7.372184557358864e-06
e1_ip1_S11,H,37,0.02/0.01,-0.013143157958984375,-0.013134647917406797,0.0006474883436792811,0.00011609682475186943,0.0860158937918664,6.929491998259837e-05,5.5694288601388534e-05
e1_ip1_S11,H,38,0.02/0.01,-0.013574981689453125,-0.01357503624088623,4.018527196061719e-06,2.8100938571322725e-05,0.08851552700541918,6.733806688146528e-05,3.5570205254501247e-07
e1_ip1_S11,H,39,0.02/0.01,-0.013982391357421875,-0.013995393857310807,0.0009299196079238899,0.00027282152016151035,0.0908404008457223,6.561468710009267e-05,8.447426993810308e-05
e1_ip1_S11,H,40,0.01/0.005,-0.01435394287109375,-0.014353092342736276,5.925398791903083e-05,0.0,0.09292161888089853,0.0001282901557102408,5.505976482585549e-06
root_mises,H,1,0.02/0.01,0.0,0.0,0.0,0.0,5.484316015042994e-299,1.0868200266341394e+293,0.0
root_mises,H,2,0.02/0.01,0.0,0.0,0.0,0.0,2.742158007521497e-299,2.173640053268279e+293,0.0
root_mises,H,3,0.02/0.01,0.0,0.0,0.0,0.0,1.8281052686279167e-299,3.2604602042488975e+293,0.0
root_mises,H,4,0.02/0.01,0.0,0.0,0.0,0.0,1.3710790037607484e-299,4.347280106536558e+293,0.0
root_mises,H,5,0.02/0.01,0.0,0.0,0.0,0.0,1.0968631807147412e-299,5.434100243619342e+293,0.0
root_mises,H,6,0.02/0.01,0.0,0.0,0.0,0.0,9.140526343139583e-300,6.520920408497795e+293,0.0
root_mises,H,7,0.02/0.01,2.531804562906359e-05,2.5401747506380822e-05,0.01575518163246293,0.010143963290597934,0.0002025028034664155,0.029433984989386028,3.19046844969632e-06
root_mises,H,8,0.02/0.01,0.00025273110593744265,0.00025283126041388335,0.001821163230538876,0.0015981973982127247,0.0020177116031724744,0.0029540715670997512,3.674582181529358e-06
root_mises,H,9,0.02/0.01,0.0005827825311314428,0.0005827833771664496,0.00105132678226831,0.0012641676707192751,0.004640192883176846,0.0012845294640981195,4.8783590529746265e-06
root_mises,H,10,0.02/0.01,0.0009077477557937641,0.0009074809582724056,0.003423483185494504,0.0004962371692356204,0.007208368116839324,0.0008268812553586076,2.4677727042854107e-05
root_mises,H,11,0.02/0.01,0.0012538477500015689,0.0012535788882868516,0.0004790100608933608,0.0005564466656852614,0.009928343103545758,0.0006003483577647888,4.755776234599633e-06
root_mises,H,12,0.02/0.01,0.0016309093011223296,0.0016308392463003146,0.0003854346546258747,0.0005070508901098506,0.01287361594773142,0.00046299846925209936,4.9619377166000135e-06
root_mises,H,13,0.02/0.01,0.002033001961620329,0.002032871668839217,0.00026831822265135187,0.0003611384150108243,0.015993601074837164,0.00037267807604109235,4.2913746141950595e-06
root_mises,H,14,0.02/0.01,0.002461001733791335,0.0024607444849580485,0.0002543385239106877,0.0005191637788877113,0.01929151230698559,0.0003089682334225678,4.90657476416358e-06
root_mises,H,15,0.02/0.01,0.0029024090068574537,0.0029022202859407416,0.00018462781422855828,0.0002453702007425082,0.022666525586789853,0.0002629633048398404,4.1848710752447e-06
root_mises,H,16,0.02/0.01,0.0033611588113558353,0.0033613546319617047,0.00017968070949798138,0.0002207148260272049,0.02614673799795454,0.00022796206846167005,4.698064434530301e-06
root_mises,H,17,0.02/0.01,0.0038238144108305506,0.0038237916855719725,0.00018103272043162494,0.00019121343285362133,0.029627581826419117,0.00020117958031337123,5.363561737847225e-06
root_mises,H,18,0.02/0.01,0.004295488968979555,0.0042951050166340305,0.0001296303168621525,0.00018808267955486673,0.03314764345879897,0.00017981563259384195,4.296939524797767e-06
root_mises,H,19,0.01/0.005,0.004778477360645184,0.0047794824642444075,0.0002813960808273691,0.0007437502428390546,0.036721807426290956,0.00032462805593123787,1.0333372690655652e-05
root_mises,H,20,0.01/0.005,0.005240657665859771,0.005240605966778211,0.00021635380974279275,0.00028293206990869494,0.04010654270100385,0.0002972315276325164,8.67720330897418e-06
root_mises,H,21,0.01/0.005,0.005729814342959117,0.005729221389324125,0.00032857700959517647,0.00024170891356527007,0.04366517305172359,0.00027300771122462257,1.4347371984791223e-05
root_mises,H,22,0.01/0.005,0.00621527702551532,0.006216257614663605,0.0013279478730744026,0.00022017062902001284,0.04716473959502844,0.00025275086976913344,6.263231562932608e-05
root_mises,H,23,0.01/0.005,0.0066961125761395126,0.006694210594051693,0.0055689127746715705,0.0005811007126697028,0.050600447782416604,0.0002355893964879217,0.00028178948005960156
root_mises,H,24,0.01/0.005,0.007155166932935231,0.007153866623533029,0.0003522865653298203,0.00022039802172026931,0.053842377317739464,0.00022140420889533297,1.8967946174458657e-05
root_mises,H,25,0.02/0.01,0.007622311937586801,0.007622789752455264,0.0006461763480692206,0.0006592389546361147,0.0571160880536951,0.00010435701534628215,3.6907065194536744e-05
root_mises,H,26,0.01/0.005,0.008085618128959027,0.008084726351624789,0.00019570519014291892,0.00016956528861961754,0.06033622086224526,0.00019757500195935403,1.1808111576350858e-05
root_mises,H,27,0.01/0.005,0.008545396499022218,0.008546768780903538,0.0001605872684273467,0.00020096668719888155,0.06350159997477167,0.00018772643460659495,1.019754848071465e-05
root_mises,H,28,0.01/0.005,0.009004118028201447,0.009004725719024253,0.00020648817765795525,0.00016028069788305902,0.0666323516854337,0.00017890602167781696,1.375879287258919e-05
root_mises,H,29,0.01/0.005,0.00946533731534771,0.009464543195536856,0.00012477730951068058,0.00015709513784555414,0.06975850038641243,0.00017088854962541718,8.704277993716315e-06
root_mises,H,30,0.02/0.01,0.009904187132866582,0.009902230522376935,0.0014233568313475257,0.0014592129712614282,0.07269667521895298,8.199088142046269e-05,0.00010347330928914912
root_mises,H,31,0.01/0.005,0.010322922205480723,0.010323632181744008,0.00016021411213506493,0.0002246232464297959,0.07546437337776239,0.000157967639847798,1.2090457578547233e-05
root_mises,H,32,0.01/0.005,0.010757193535312126,0.010759391838873878,0.0066567689703723575,0.0033101157714604994,0.0783231845681575,0.00015220179083377838,0.0005213793446940579
root_mises,H,33,0.01/0.005,0.011181309258648752,0.011182015932023798,0.0002714740346966319,0.0007018643978206293,0.08108714834176717,0.0001470137894704798,2.201305532238384e-05
root_mises,H,34,0.02/0.01,0.011616576824788182,0.011619354267342355,0.008509778626520565,0.004487463073422196,0.08391246247694648,7.103193377475483e-05,0.000714076479685028
root_mises,H,35,0.01/0.005,0.012003212678379782,0.012003063017147512,0.0003421752477855823,0.0002766705569171015,0.08636507707930409,0.00013802950634932937,2.9551991649631793e-05
root_mises,H,36,0.01/0.005,0.01242457682493523,0.012424774845942671,0.00019355969327670733,0.0005795165805781911,0.08904863023326783,0.0001338698745152013,1.7236225554662247e-05
root_mises,H,37,0.02/0.01,0.012843069577479582,0.012835842001666695,0.0017091420364450285,0.0003954958773226563,0.09169325737003474,6.500439234572265e-05,0.00015671680062969928
root_mises,H,38,0.02/0.01,0.013257935733577142,0.013257865229804476,0.00016788608808743154,0.000214133285318457,0.09429509832440139,6.321075626893569e-05,1.583083518350347e-05
root_mises,H,39,0.02/0.01,0.013661310383866976,0.01367310223562353,0.0021502207423765613,0.0007148149960787911,0.09679773436124046,6.157648747536945e-05,0.00020813649623859567
root_mises,H,40,0.01/0.005,0.014022242174766575,0.014022420587880313,0.00013633678738123444,0.000235890705917395,0.0989864103400334,0.0001204299551234146,1.3495489180160758e-05
