output,parameter,increment,steps,fd,oti,rel_error,plateau_spread,weighted_fd,float32_floor_rel,weighted_error
tip_RF2,E,1,5e-3/2e-3,-0.000301499217748642,-0.00030149918802897823,9.85729381443553e-08,3.4596483898984734e-07,1.0000001112029964,2.980231907358813e-05,9.857294910596139e-08
tip_RF2,E,2,5e-3/2e-3,-0.000602998435497284,-0.0006029983760579564,9.857293832415713e-08,3.4596483898984734e-07,1.0000001112029964,2.980231907358813e-05,9.857294928576323e-08
tip_RF2,E,3,5e-3/2e-3,-0.0009044987708330155,-0.0009044975865503747,1.3093247652747352e-06,7.743013021962269e-07,1.0000013555233513,2.9802281990006155e-05,1.3093265400950289e-06
tip_RF2,E,4,5e-3/2e-3,-0.001205996870994568,-0.0012059967521159134,9.857293778475166e-08,3.4596483898984734e-07,1.0000001112029964,2.980231907358813e-05,9.857294874635771e-08
tip_RF2,E,5,2e-3/1e-3,-0.0015074962377548218,-0.001507495917681452,2.123211731492081e-07,1.779247567996072e-06,1.0000002146959193,5.960463197851937e-05,2.1232121873369757e-07
tip_RF2,E,6,5e-3/2e-3,-0.001808997541666031,-0.0018089951731007485,1.3093247657542062e-06,7.743013021962269e-07,1.0000013555233513,2.9802281990006155e-05,1.3093265405745006e-06
tip_RF2,E,7,5e-3/2e-3,-0.002104027271270752,-0.0021040231071619464,1.9791135136218687e-06,1.4164418302159445e-06,0.9969989044267779,2.989203123029517e-05,1.9731740048172345e-06
tip_RF2,E,8,2e-3/1e-3,-0.0022557598352432253,-0.0022557428921484842,7.511036625573101e-06,0.00011560198777287683,0.9382427767918605,6.35279548638756e-05,7.047175860163072e-06
tip_RF2,E,9,2e-3/1e-3,-0.002249082326889038,-0.002249081867415218,2.042939087535954e-07,0.001782641027802116,0.8410572132059451,7.08687159916142e-05,1.7182286557124855e-07
tip_RF2,E,10,5e-3/2e-3,-0.002035130858421326,-0.002033106399377863,0.0009947562020818335,0.00015018818919836975,0.7014646785664417,4.248584896477076e-05,0.0006977863395453077
tip_RF2,E,11,2e-3/1e-3,-0.0017238694429397583,-0.001724233915738677,0.00021142714746267047,0.002556036585639907,0.5592858420341646,0.00010657277602201415,0.00011824821019754116
tip_RF2,E,12,2e-3/1e-3,-0.0014591223001480102,-0.0014591068389653622,1.0596221198457903e-05,1.2459145237140552e-05,0.45295042747427067,0.00013159198261000955,4.799562921453436e-06
tip_RF2,E,13,2e-3/1e-3,-0.001152637004852295,-0.0011453749614841768,0.006300373263696135,0.004921905218936371,0.3462928175790217,0.0001721220936434503,0.002181774009284871
tip_RF2,E,14,5e-3/2e-3,-0.0010376453399658203,-0.0010462631682007578,0.008305177022451003,0.0013509259684757152,0.30422333947839386,9.796198555571998e-05,0.002526628688729268
tip_RF2,E,15,5e-3/2e-3,-0.0008440908789634705,-0.0008463087570271966,0.0026275346873190068,0.0017424007846629957,0.24291643653793293,0.00012268549140783026,0.0006382713631233449
tip_RF2,E,16,2e-3/1e-3,-0.0006782680749893189,-0.0006782715022662159,5.052982770884829e-06,1.7136153329161596e-05,0.19240602259822936,0.0003097857539514418,9.7222431720333e-07
tip_RF2,E,17,5e-3/2e-3,-0.0006165555119514465,-0.0006202109871995436,0.005928866383056542,0.0012154772510085234,0.17286364402469734,0.00017240364540410476,0.0010248854479106809
tip_RF2,E,18,2e-3/1e-3,-0.0004945224523544311,-0.0004945301366617973,1.5538844251892272e-05,6.448339160942765e-05,0.13736277822759776,0.00043392136897981993,2.1344588168858607e-06
tip_RF2,E,19,2e-3/1e-3,-0.0004626840353012085,-0.0004588210862926707,0.008348999995262466,0.0001945237067716431,0.1275126036128054,0.00046744120256834645,0.0010646027269592168
tip_RF2,E,20,5e-3/2e-3,-0.0003619369864463806,-0.0003661431449959017,0.011621245429538928,0.0036706055947544973,0.09909444535078782,0.0003007466491405956,0.001151600870125538
tip_RF2,E,21,5e-3/2e-3,-0.0003351762890815735,-0.00033516581964254823,3.123561948231043e-05,9.016018103177685e-05,0.09127183159617173,0.00032652267261989873,2.8509322011915378e-06
tip_RF2,E,22,5e-3/2e-3,-0.00031334102153778075,-0.0003108809228546391,0.007851186132821845,0.0004903946935414428,0.08490146365834499,0.00035102248069154504,0.000666577194130676
tip_RF2,E,23,2e-3/1e-3,-0.0002870005369186401,-0.0002868381995984402,0.000565634203834095,0.003577310402548552,0.0774112441895571,0.0007699739927889106,4.3786447474966834e-05
tip_RF2,E,24,2e-3/1e-3,-0.00024101674556732179,-0.00024109456300966652,0.0003228715173361266,0.002239346719128259,0.06474137967398473,0.0009206576238495235,2.0903147489773717e-05
tip_RF2,E,25,2e-3/1e-3,-0.00022442817687988282,-0.00022446778099989348,0.000176466790227726,8.49870394765233e-05,0.06007224303697669,0.0009922160678884882,1.0600755910515138e-05
tip_RF2,E,26,5e-3/2e-3,-0.00021785944700241088,-0.00021790033021441116,0.0001876586604933147,6.265261314754669e-05,0.05811685095539463,0.0005128000209538013,1.0906130402378972e-05
tip_RF2,E,27,2e-3/1e-3,-0.00019665896892547607,-0.00019669884591210252,0.00020277227549977083,1.5154316404272122e-06,0.05229346911202409,0.0011398104923523891,1.0603665725622105e-05
tip_RF2,E,28,2e-3/1e-3,-0.00019013285636901856,-0.00019014678440075215,7.325420760815624e-05,1.5674472553913022e-05,0.05040753349116489,0.0011824550944520573,3.6925639233768815e-06
tip_RF2,E,29,2e-3/1e-3,-0.0001870352029800415,-0.00018705385768252064,9.973899128035575e-05,3.824177084904559e-05,0.04944309445276092,0.0012055201122643786,4.9314043664977274e-06
tip_RF2,E,30,2e-3/1e-3,-0.00017426371574401855,-0.00017427644368008994,7.303836037840618e-05,0.000928630552116233,0.04593829247565161,0.0012974936934580777,3.3552575610052673e-06
tip_RF2,E,31,2e-3/1e-3,-0.00015900611877441405,-0.00015901682509690903,6.733277044620885e-05,0.0009896239429016498,0.041806850793456404,0.0014257147726783553,2.8149710875547045e-06
tip_RF2,E,32,2e-3/1e-3,-0.00015123605728149415,-0.0001512078623923137,0.00018642967614514394,0.00025223464127517516,0.03966559300659346,0.0015026787766788908,7.394843658324306e-06
tip_RF2,E,33,2e-3/1e-3,-0.00014902830123901368,-0.0001489909374884902,0.00025071580507082255,0.00012398611355544185,0.038991709487499845,0.001528649181039343,9.775837835246153e-06
tip_RF2,E,34,5e-3/2e-3,-0.00014695465564727782,-0.00014859018277437402,0.011129467929357803,0.0025885320970677663,0.03835735318959815,0.0007769650382388006,0.0004268969321786829
tip_RF2,E,35,5e-3/2e-3,-0.00013910114765167236,-0.00013908092737666068,0.00014536382591403941,0.0001002686686120175,0.03622375044130724,0.000822728790492954,5.2656229531037935e-06
tip_RF2,E,36,2e-3/1e-3,-0.0001356792449951172,-0.0001356564692816968,0.00016786438796298557,0.0006589583186898151,0.03525230954104737,0.001690801129100143,5.917607365389633e-06
tip_RF2,E,37,2e-3/1e-3,-0.0001331055164337158,-0.00013308344276686008,0.00016583585299204017,0.00045675595797844374,0.03450665403420124,0.0017273377104692195,5.722440405662987e-06
tip_RF2,E,38,2e-3/1e-3,-0.00013286471366882324,-0.0001328305409726201,0.00025719918599547147,8.523619397965751e-05,0.03436872623887714,0.0017342698231267927,8.839608412340402e-06
tip_RF2,E,39,2e-3/1e-3,-0.0001313316822052002,-0.00013127638833433373,0.0004210246144572698,0.0005083099601520803,0.03389842227993717,0.0017583309418700505,1.427207017112027e-05
tip_RF2,E,40,5e-3/2e-3,-0.00013000428676605225,-0.0001299837777938625,0.0001577561225088588,5.226696498573329e-05,0.03348399408710777,0.0008900468178964946,5.282305073291677e-06
tip_region_U,E,1,5e-3/2e-3,7.275957614183426e-14,-6.212882208563518e-24,1.0000000000853893,1.0,8.315380095092824e-07,35.84000015258789,8.315380095802867e-07
tip_region_U,E,2,2e-3/1e-3,-1.1469874970839944e-19,3.0898998066284825e-22,1.0026939263195842,0.5924648000883873,6.554214241146995e-13,90940946.6678644,6.571870811395415e-13
tip_region_U,E,3,5e-3/2e-3,-1.355539912715559e-19,-2.4508141483019954e-22,0.998192001485672,0.9795597514979735,5.16396173347628e-13,57712128.64436344,5.154625298334108e-13
tip_region_U,E,4,5e-3/2e-3,-1.2585417362373856e-19,-3.910652423034834e-22,0.9968927113734612,0.6178752896186327,3.595833516797646e-13,82880150.73132883,3.584660224207974e-13
tip_region_U,E,5,2e-3/1e-3,-3.665243249922876e-19,-1.3024382127982693e-22,0.999644651630468,1.012185220552113,8.377698999637937e-13,71146796.72540943,8.374721997957986e-13
tip_region_U,E,6,2e-3/1e-3,2.6843506419893245e-19,-2.578750826240921e-22,1.0009606609456692,0.49211594004253945,5.113049001521388e-13,116573584.09366946,5.117960908010442e-13
tip_region_U,E,7,5e-3/2e-3,1.3969838619232177e-10,1.379420008579852e-10,0.06016015350336001,0.06666666666666674,0.00022807899342597272,0.1306666692097982,1.3721267255398357e-05
tip_region_U,E,8,5e-3/2e-3,3.0081719160079956e-09,3.0028401361543655e-09,0.006104804662718156,0.009907120743033996,0.004297388433143971,0.00693498454964936,2.6234716944168387e-05
tip_region_U,E,9,2e-3/1e-3,7.897615432739258e-09,7.892835516234052e-09,0.004267677721926995,0.009433962264150952,0.01002871808573343,0.005943396181430457,4.27993367539709e-05
tip_region_U,E,10,5e-3/2e-3,1.4882534742355347e-08,1.49187779528733e-08,0.0027976079658707585,0.0015018773466833554,0.017008611423775324,0.0017521902079576245,4.7583426807554226e-05
tip_region_U,E,11,2e-3/1e-3,2.1671876311302185e-08,2.1677022497929512e-08,0.0015541405805268081,0.004297378599054485,0.02251623568636995,0.0026471851514448257,3.499339560089343e-05
tip_region_U,E,12,2e-3/1e-3,2.7436763048171998e-08,2.7435696171886415e-08,0.0011696452478371373,0.0013577732518669696,0.026130251337893706,0.0022810589919184145,3.056312430215737e-05
tip_region_U,E,13,2e-3/1e-3,3.349967300891876e-08,3.36277139075596e-08,0.003861901147470714,0.002780094523213631,0.02945026113711118,0.002023908871228343,0.00011373399727872183
tip_region_U,E,14,2e-3/1e-3,3.5921111702919007e-08,3.5774717700160234e-08,0.004186093097969419,0.0010370754472389487,0.029323355921465896,0.0020326679161493106,0.00012275029783214908
tip_region_U,E,15,5e-3/2e-3,3.9767473936080935e-08,3.973775243494469e-08,0.000807322016355162,0.0009367681498829047,0.030299029136795278,0.0009836065127084629,2.4461073296321366e-05
tip_region_U,E,16,5e-3/2e-3,4.353467375040054e-08,4.353508367706796e-08,0.0007736149913829596,0.000855706492673071,0.031096195403609122,0.0009583912758741013,2.40564829392059e-05
tip_region_U,E,17,2e-3/1e-3,4.43682074546814e-08,4.432527229171672e-08,0.001771046822335109,0.0018891687657431446,0.029827364921856815,0.0019983208349629872,5.28256598634842e-05
tip_region_U,E,18,5e-3/2e-3,4.7730281949043274e-08,4.772807687692302e-08,0.0007126282040757576,0.0009365853658536247,0.03030494114940084,0.0009834146267030297,2.1596155785919048e-05
tip_region_U,E,19,5e-3/2e-3,4.8726797103881836e-08,4.88524233261987e-08,0.0027368696055835896,0.0009174311926605852,0.0293093506957027,0.0010168196046753397,8.021587107845896e-05
tip_region_U,E,20,5e-3/2e-3,5.0878152251243594e-08,5.077749849609917e-08,0.0021522311629870315,0.0010250777960826905,0.029073230352967643,0.0010250777786257675,6.257231237435742e-05
tip_region_U,E,21,5e-3/2e-3,5.1865354180335996e-08,5.185747019849822e-08,0.0006674148703363517,0.0005746094451428189,0.02822604254198316,0.0010558448759994466,1.8838480523266036e-05
tip_region_U,E,22,5e-3/2e-3,5.2647665143013e-08,5.267318911922796e-08,0.0008073500163597915,0.0008491066690252656,0.027349437115395215,0.001089686864923423,2.2080568502545416e-05
tip_region_U,E,23,5e-3/2e-3,5.357898771762848e-08,5.352657327478004e-08,0.0011580886506169193,0.001286285416304503,0.026623099250469746,0.001119415966838251,3.0831909086216824e-05
tip_region_U,E,24,2e-3/1e-3,5.492940545082092e-08,5.490937971866125e-08,0.0013085855850035238,0.0013563919972872473,0.026156860555142068,0.0022787384842969313,3.422849067140618e-05
tip_region_U,E,25,5e-3/2e-3,5.523674190044403e-08,5.5233254912081826e-08,0.0005782531146195769,0.0005395380205699474,0.02525108201163156,0.001180239419996628,1.460151682074032e-05
tip_region_U,E,26,5e-3/2e-3,5.562789738178253e-08,5.5620377027715595e-08,0.0006209450550715096,0.0006696802276912632,0.024451822320262034,0.0012188180495242508,1.5183238157253875e-05
tip_region_U,E,27,5e-3/2e-3,5.6894496083259586e-08,5.6884673617346095e-08,0.0005157774488582977,0.0005238173187101584,0.02408232656672387,0.0012375184060860274,1.2421120959157243e-05
tip_region_U,E,28,5e-3/2e-3,5.700625479221344e-08,5.69948899422754e-08,0.000554550725351627,0.0006534879921581302,0.02326785864600632,0.001280836489558551,1.2903207889521929e-05
tip_region_U,E,29,5e-3/2e-3,5.7220458984375e-08,5.722178124886288e-08,0.0005070598071542191,0.0006510416666666529,0.022549934892935376,0.0013216145647068818,1.143416563815201e-05
tip_region_U,E,30,5e-3/2e-3,5.7732686400413515e-08,5.7715205570595414e-08,0.0011023424405910414,0.0012905307307630274,0.021993405341802566,0.001355057205763877,2.4244264121390686e-05
tip_region_U,E,31,5e-3/2e-3,5.841255187988281e-08,5.839798323841741e-08,0.0012029295424861297,0.0015306122448979606,0.02153458058108209,0.0013839286200854242,2.5904583166031772e-05
tip_region_U,E,32,5e-3/2e-3,5.875714123249054e-08,5.874845507672894e-08,0.0011883684040647265,0.0015216357584403246,0.020984693207976253,0.001420193380590739,2.4937546377350646e-05
tip_region_U,E,33,5e-3/2e-3,5.8943405747413634e-08,5.8936597755188266e-08,0.0011829045111282485,0.0012640227524095165,0.020413301197397996,0.0014599462428690417,2.4146986073421767e-05
tip_region_U,E,34,5e-3/2e-3,5.926936864852905e-08,5.911942947296417e-08,0.0025667066311529747,0.0017598994343180684,0.019922475898687737,0.0014959145911005141,5.1135150998147136e-05
tip_region_U,E,35,5e-3/2e-3,5.992129445075989e-08,5.991365104295474e-08,0.0010940864785636344,0.0009947155735156987,0.01956613658270278,0.0015231582515907464,2.1407045472864393e-05
tip_region_U,E,36,5e-3/2e-3,6.028451025485993e-08,6.027773208340129e-08,0.0010958127289084855,0.001483083577939133,0.019137939908299675,0.001557237745049599,2.0971598156600477e-05
tip_region_U,E,37,5e-3/2e-3,6.048008799552917e-08,6.045373192986811e-08,0.001151653606040654,0.0012319063751154923,0.018681108880245472,0.0015953187029068751,2.1514166406772782e-05
tip_region_U,E,38,5e-3/2e-3,6.062909960746765e-08,6.061927866576947e-08,0.0010484519397396528,0.0012288786482335153,0.018234315083048985,0.001634408654888288,1.9117803018646715e-05
tip_region_U,E,39,5e-3/2e-3,6.079673767089844e-08,6.080603207601232e-08,0.0010897175883422114,0.0012254901960784053,0.017815893698500933,0.001672794129334244,1.941429271529164e-05
tip_region_U,E,40,5e-3/2e-3,6.075948476791381e-08,6.07381692329084e-08,0.0011025442874509584,0.001226241569589183,0.017359853086469052,0.0017167381681890154,1.9140006851474344e-05
e1_ip1_S11,E,1,5e-3/2e-3,-0.0001810121536254883,-0.00018101249603685556,1.8916484910769346e-06,5.268565106318457e-06,0.9999981033201591,2.9802378913266605e-05,1.8916449032253755e-06
e1_ip1_S11,E,2,5e-3/2e-3,-0.0003620243072509766,-0.0003620249920737111,1.8916484910769346e-06,5.268565106318457e-06,0.9999981033201591,2.9802378913266605e-05,1.8916449032253755e-06
e1_ip1_S11,E,3,2e-3/1e-3,-0.0005430412292480468,-0.0005430375015970486,6.864397761044673e-06,0.0,1.0000068842453482,5.96042344452169e-05,6.864445017243028e-06
e1_ip1_S11,E,4,5e-3/2e-3,-0.0007240486145019532,-0.0007240499841474223,1.8916484912266762e-06,5.268565106318457e-06,0.9999981033201591,2.9802378913266605e-05,1.891644903375117e-06
e1_ip1_S11,E,5,5e-3/2e-3,-0.0009050559997558594,-0.0009050624666977958,7.1453500537381776e-06,4.214874291394385e-06,0.9999928347650456,2.9802535929867488e-05,7.145298855626211e-06
e1_ip1_S11,E,6,2e-3/1e-3,-0.0010860824584960937,-0.0010860750031940968,6.8643977614439805e-06,0.0,1.0000068842453482,5.96042344452169e-05,6.864445017642339e-06
e1_ip1_S11,E,7,5e-3/2e-3,-0.0013495445251464843,-0.0013495525785959769,5.967531520826756e-06,8.47996608025651e-06,1.0636474103015487,2.8018986460227667e-05,6.3473494480202415e-06
e1_ip1_S11,E,8,2e-3/1e-3,-6.53839111328125e-05,-6.538935665271973e-05,8.328531916927863e-05,0.00875145857642953,0.04758822117672511,0.0012525083581931115,3.963400189401775e-06
e1_ip1_S11,E,9,2e-3/1e-3,7.9803466796875e-05,7.981066729656255e-05,9.022790583614953e-05,0.00047801147227523945,0.058319915849825446,0.0010220289914147575,5.262083875670215e-06
e1_ip1_S11,E,10,5e-3/2e-3,1.5869140625e-05,1.5170890161349368e-05,0.044000521524815234,0.019230769230769246,0.011648907310092568,0.002558379219128535,0.0005125579968383056
e1_ip1_S11,E,11,5e-3/2e-3,-1.89971923828125e-05,-1.9438809237704393e-05,0.02324642747164257,0.021686746987951734,0.013927623343367937,0.0021397995661540203,0.0003237674859039587
e1_ip1_S11,E,12,2e-3/1e-3,-5.62286376953125e-05,-5.623350205132135e-05,8.651029454432666e-05,0.001356852103120731,0.041078236259943085,0.0014510030177102159,3.5536903182091153e-06
e1_ip1_S11,E,13,5e-3/2e-3,-6.473541259765625e-05,-6.3737489515732e-05,0.01541541239763988,0.001532115497937525,0.04708180481620506,0.0006329902284764934,0.0007257854376669884
e1_ip1_S11,E,14,2e-3/1e-3,-6.59942626953125e-05,-6.529236924930507e-05,0.010635673728911756,0.003468208092485475,0.0477700024045155,0.001247742134711646,0.0005080661596037569
e1_ip1_S11,E,15,5e-3/2e-3,-7.183074951171874e-05,-7.24131479820112e-05,0.00810792695678956,0.0013807753584705153,0.05174121413300685,0.0005759880761801406,0.0004195139848460272
e1_ip1_S11,E,16,2e-3/1e-3,-7.75909423828125e-05,-7.76672443294342e-05,0.0009833872908160052,0.0,0.05561342316641942,0.0010717672349897925,5.468953354062926e-05
e1_ip1_S11,E,17,2e-3/1e-3,-7.07244873046875e-05,-7.060961690398939e-05,0.0016241955944231562,0.007011866235167344,0.05044272606639568,0.0011816301263523205,8.192885344773397e-05
e1_ip1_S11,E,18,2e-3/1e-3,-8.18634033203125e-05,-8.188225923659066e-05,0.00023033389174379368,0.0004659832246039871,0.05810459455177098,0.001025816378811199,1.3383457391304641e-05
e1_ip1_S11,E,19,2e-3/1e-3,-8.1634521484375e-05,-8.1839632807199e-05,0.00251255619674658,0.0009345794392523165,0.05765675821805484,0.0010337841845004358,0.00014486584514509298
e1_ip1_S11,E,20,2e-3/1e-3,-8.2244873046875e-05,-8.217552543552287e-05,0.0008431846117946109,0.0,0.0578115651875272,0.0010310159322282158,4.874582214988396e-05
e1_ip1_S11,E,21,2e-3/1e-3,-8.29315185546875e-05,-8.298473314431102e-05,0.0006416690608220249,0.0004599816007360425,0.058016875385089005,0.0010273673716442457,3.722763394017852e-05
e1_ip1_S11,E,22,5e-3/2e-3,-8.152008056640625e-05,-8.07857466208489e-05,0.009008013000663792,0.0008423022929340515,0.056760357822395385,0.0005250552239460424,0.0005112980411864664
e1_ip1_S11,E,23,5e-3/2e-3,-8.136749267578124e-05,-8.07103940241911e-05,0.008075690057311128,0.0064697609001407265,0.05639732313397571,0.0005284350520839057,0.0004554473016920105
e1_ip1_S11,E,24,2e-3/1e-3,-8.49151611328125e-05,-8.496441987527678e-05,0.0005800936111659886,0.0008984725965859445,0.058590788875225314,0.0010173040151810282,3.398814229969348e-05
e1_ip1_S11,E,25,2e-3/1e-3,-8.056640625e-05,-8.057129155237901e-05,6.063696528611478e-05,0.0004734848484849225,0.055343353624848164,0.0010769973424347963,3.3558530125670925e-06
e1_ip1_S11,E,26,5e-3/2e-3,-8.129119873046875e-05,-8.130921375531532e-05,0.00022161101235945664,9.385265133751499e-05,0.055600270012235706,0.0005360103895383394,1.2321632124870695e-05
e1_ip1_S11,E,27,5e-3/2e-3,-8.502960205078125e-05,-8.506829343887443e-05,0.0004550343311035928,0.0004486316733962119,0.057905615457458516,0.0005146706783488065,2.63490429968265e-05
e1_ip1_S11,E,28,2e-3/1e-3,-8.11004638671875e-05,-8.107647587457588e-05,0.00029578120109044167,0.0,0.05499486887008981,0.0010838219273909015,1.6266448368206505e-05
e1_ip1_S11,E,29,2e-3/1e-3,-7.88116455078125e-05,-7.887981892165425e-05,0.0008650170086219886,0.0009680542110357973,0.053221739076225176,0.0011199304233562104,4.60377095293763e-05
e1_ip1_S11,E,30,2e-3/1e-3,-7.78961181640625e-05,-7.786164187036321e-05,0.00044259321917281295,0.0014691478942212332,0.052389741914071794,0.0011377159458649847,2.3187344525381883e-05
e1_ip1_S11,E,31,2e-3/1e-3,-8.056640625e-05,-8.054695839273044e-05,0.00024138916174590885,0.0004734848484847543,0.053967809428217196,0.001104448103543484,1.3027244279140304e-05
e1_ip1_S11,E,32,2e-3/1e-3,-8.026123046875e-05,-8.024406857593306e-05,0.00021382543871689846,0.0,0.05354828115616643,0.0011131009901431124,1.1449984710753113e-05
e1_ip1_S11,E,33,2e-3/1e-3,-7.89642333984375e-05,-7.89282104540005e-05,0.00045619317615904555,0.0,0.05247573947696644,0.0011358514500125019,2.3939074263291933e-05
e1_ip1_S11,E,34,5e-3/2e-3,-7.965087890625e-05,-7.915630004145982e-05,0.00620933342584085,0.0019157088122606658,0.05272700642926045,0.0005652193137055613,0.0003273995634657323
e1_ip1_S11,E,35,5e-3/2e-3,-8.113861083984375e-05,-8.107995719616355e-05,0.0007228820295676091,0.0002820874471086144,0.05350478207479621,0.0005570029674363238,3.867764545780132e-05
e1_ip1_S11,E,36,2e-3/1e-3,-7.9345703125e-05,-7.935946380931982e-05,0.00017342696299681694,0.0014423076923075762,0.05212280131990971,0.0011435426198519191,9.039499135798422e-06
e1_ip1_S11,E,37,2e-3/1e-3,-7.80487060546875e-05,-7.797426058809827e-05,0.0009538334503210279,0.000488758553274585,0.05107927053409145,0.001166904776676659,4.872111685341366e-05
e1_ip1_S11,E,38,5e-3/2e-3,-7.7362060546875e-05,-7.732399297661783e-05,0.0004920702730520691,0.0005917159763313833,0.05044385116815324,0.0005908018856123824,2.4821919618111094e-05
e1_ip1_S11,E,39,2e-3/1e-3,-7.659912109375e-05,-7.65878338622692e-05,0.0001473545821365704,0.000498007968127391,0.049764698231628296,0.0011977294526727077,7.333056313074112e-06
e1_ip1_S11,E,40,5e-3/2e-3,-7.49969482421875e-05,-7.497055063877735e-05,0.0003519823676678216,0.0,0.048549990092443526,0.000613848166208665,1.7088740462987556e-05
root_mises,E,1,5e-3/2e-3,0.0001823354079050965,0.00018233815202723118,1.651223890685715e-05,2.4876895125421468e-05,0.9999849976833174,2.980276949828134e-05,1.651199118501993e-05
root_mises,E,2,5e-3/2e-3,0.000364670815810193,0.00036467630405446236,1.6512238907005805e-05,2.4876895125421468e-05,0.9999849976833174,2.980276949828134e-05,1.6511991185168584e-05
root_mises,E,3,5e-3/2e-3,0.0005470113338274096,0.0005470144696669445,9.476299072049966e-06,1.3639869075740177e-05,0.9999943013690716,2.980249222109922e-05,9.476245070118987e-06
root_mises,E,4,5e-3/2e-3,0.000729341631620386,0.0007293526081089249,1.651223890685715e-05,2.4876895125421468e-05,0.9999849976833174,2.980276949828134e-05,1.651199118501993e-05
root_mises,E,5,5e-3/2e-3,0.0009116910316891591,0.0009116907465509053,1.3128740244343824e-05,1.2617941797181137e-05,1.000000324847675,2.980231270648332e-05,1.3128744509184568e-05
root_mises,E,6,5e-3/2e-3,0.0010940226676548193,0.001094028939333889,9.476299071851762e-06,1.3639869075740177e-05,0.9999943013690716,2.980249222109922e-05,9.476245069920785e-06
root_mises,E,7,5e-3/2e-3,0.0013263625474866103,0.001326348284282142,1.0753624260816905e-05,1.128649050794598e-05,1.0608723051299334,2.8092280516310763e-05,1.1408222158074006e-05
root_mises,E,8,2e-3/1e-3,0.00190691585125343,0.0019069105716913303,2.799769425815009e-05,0.0005176139726566777,1.5224110324986835,3.915147979291997e-05,4.2623998623132735e-05
root_mises,E,9,2e-3/1e-3,0.0019399536410555384,0.0019399459024966217,3.021603184449592e-05,0.009682371260472077,1.544617176743864,3.8588619674060875e-05,4.6672201800047975e-05
root_mises,E,10,5e-3/2e-3,0.0016536930939831862,0.0016494307833521302,0.0056339510473567625,0.0012347474411473853,1.3131873361980568,2.2694646503353487e-05,0.007398433168148679
root_mises,E,11,5e-3/2e-3,0.0016441674841689746,0.0016529831020354903,0.19784106514736421,0.12856533485574517,1.3019011999266095,2.289138560543252e-05,0.25756952011011197
root_mises,E,12,2e-3/1e-3,0.0016144738641420985,0.0016144616083057356,8.768888556071699e-05,0.0010498719599199803,1.2743882489548901,4.677118203520132e-05,0.00011174968532252788
root_mises,E,13,2e-3/1e-3,0.0014314259534549479,0.001419961934862263,0.012749507096954665,0.007141533243901006,1.1261010121938264,5.293010496391542e-05,0.014357232846853021
root_mises,E,14,5e-3/2e-3,0.001437023658044545,0.0014393218059409036,0.22492050013356246,0.10081043445526026,1.1264664792367973,2.6456466248233996e-05,0.2533654038936337
root_mises,E,15,2e-3/1e-3,0.001395523983619995,0.001394978399445558,0.000619761191158451,0.0023184182615246574,1.0898422657511773,5.469107470731825e-05,0.0006754419407967747
root_mises,E,16,2e-3/1e-3,0.0012668563318871406,0.0012665428492464798,0.0006959029700773849,0.0007660374075324394,0.9854982299256808,6.048173701934054e-05,0.0006858111452112868
root_mises,E,17,5e-3/2e-3,0.0013137677023615168,0.001322818297140602,0.014532623377291444,0.005775464055219904,1.0179301587539142,2.927737441650951e-05,0.014793195621557124
root_mises,E,18,2e-3/1e-3,0.001244847625272385,0.0012445084481066664,0.00037099647003883897,0.00037584980857993173,0.9606302225672879,6.204743862429914e-05,0.00035639042158508807
root_mises,E,19,2e-3/1e-3,0.00123665428374089,0.0012263003027006931,0.010100926038787138,0.0004855914689970129,0.9503483438979659,6.271873377599117e-05,0.009599398332797196
root_mises,E,20,2e-3/1e-3,0.0010991273812804537,0.0011006220165600865,0.00715374650264428,0.005221311327768503,0.8411577718258578,7.086024378757138e-05,0.006017429468371286
root_mises,E,21,2e-3/1e-3,0.0010208162104586194,0.0010205892206184828,0.00023378112699388794,0.00041278266193310766,0.7779329977498076,7.661925249063697e-05,0.0001818660529396837
root_mises,E,22,2e-3/1e-3,0.0010777865208719817,0.0010693796326687764,0.007800142274260366,0.0009916750446139781,0.8178802069042772,7.287698647335846e-05,0.006379581977154867
root_mises,E,23,2e-3/1e-3,0.000982041798924058,0.000981152294397817,0.0009057705366904971,0.008957635151092849,0.7420985564620822,8.031904152940654e-05,0.0006721710077639034
root_mises,E,24,2e-3/1e-3,0.0008311453812968495,0.0008310261422758422,0.00023775986897912372,0.003303182256037877,0.625433950669876,9.530126196627256e-05,0.00014870309416636544
root_mises,E,25,2e-3/1e-3,0.0008241160613391685,0.0008240125712441928,0.00026478330542894623,0.00031638659100632677,0.6175329206064301,9.65205947512201e-05,0.00016351240792936156
root_mises,E,26,2e-3/1e-3,0.0008898966105702755,0.0008898345604855437,0.00025644149205291636,0.00024962424380931653,0.6640555809533913,8.975851793883824e-05,0.00017029140398575385
root_mises,E,27,2e-3/1e-3,0.000763079743055144,0.0007628771898500737,0.00026544172861647444,0.00026464305667779734,0.5670513310632669,0.00010511331428078497,0.0001505190855317063
root_mises,E,28,2e-3/1e-3,0.0007665750570818374,0.0007663517467128474,0.00029130920461125753,0.0003039936734655315,0.5672815331471313,0.00010507065943909625,0.00016525433221174554
root_mises,E,29,2e-3/1e-3,0.0007875025409741454,0.0007873720741547304,0.00028247153353061125,0.0002526022409342703,0.5803807564234456,0.00010269920929615231,0.00016394104229858683
root_mises,E,30,2e-3/1e-3,0.0007223005431461616,0.0007221647330281515,0.00029458250404805047,0.0007853596779295979,0.5301681732297008,0.00011242592027410574,0.00015617826803658585
root_mises,E,31,2e-3/1e-3,0.0007105463969904946,0.0007104851541019281,0.0002441287370597111,0.002632079351422318,0.5194356553054874,0.00011474885130928544,0.00012680917051351208
root_mises,E,32,2e-3/1e-3,0.000733752680216071,0.0007336373347390818,0.00023570097564048142,0.0002688983307034114,0.5342457250702988,0.00011156784598987207,0.00012592223863082584
root_mises,E,33,2e-3/1e-3,0.0007440632777910849,0.0007439841200419034,0.00019215472458715435,0.0002503216497758459,0.5395966428103117,0.00011046148186719515,0.00010368604428736854
root_mises,E,34,5e-3/2e-3,0.0005659772645829975,0.0005734957664070374,0.025220632535594804,0.0067051652206182874,0.40883426067292916,7.289585353889268e-05,0.010311058656393524
root_mises,E,35,5e-3/2e-3,0.0005417329354426314,0.000542227794051954,0.0009134733684195842,0.0006104969692295396,0.38978570137454155,7.6458223794768e-05,0.00035605885759639263
root_mises,E,36,2e-3/1e-3,0.0005484123382152006,0.000548619127592213,0.00037706915509125045,0.0007748777316240619,0.39305457408479416,0.0001516447045914088,0.00014820875615490466
root_mises,E,37,2e-3/1e-3,0.0005633072140999218,0.0005634935679233895,0.00033082094246825785,0.000339989728672348,0.4021738965849148,0.00014820614983102395,0.00013304754750435318
root_mises,E,38,2e-3/1e-3,0.0005731897207913761,0.0005733794144051416,0.00033094385137180974,0.0005445999331287491,0.40767267368534726,0.00014620711326213413,0.00013491676472847185
root_mises,E,39,5e-3/2e-3,0.0005919426421579743,0.000592509385380018,0.0009574292873674544,0.0005168469794952334,0.4194232106779747,7.10554915154111e-05,0.000401568065704783
root_mises,E,40,2e-3/1e-3,0.0005998226704853238,0.0005999597932717587,0.0002328816903544344,0.0006347596959572425,0.423429379209843,0.0001407664363928129,9.860894957611705e-05
tip_RF2,nu,1,5e-3/2e-3,-0.09181598822275798,-0.09172982052402037,0.0009384825062118057,5.4097917230287403e-05,0.0004567971972792185,0.06524191165183214,4.286961785331296e-07
tip_RF2,nu,2,5e-3/2e-3,-0.18363197644551596,-0.1834596410479145,0.0009384825068992261,5.4097917230287403e-05,0.0004567971972792185,0.06524191165183214,4.286961788471413e-07
tip_RF2,nu,3,5e-3/2e-3,-0.2737840016682943,-0.27518946840632086,0.005133487455301927,0.002975326560232085,0.0004540377194820642,0.06563842850257419,2.330796937195072e-06
tip_RF2,nu,4,5e-3/2e-3,-0.3672639528910319,-0.3669192820958984,0.0009384825067102913,5.4097917230287403e-05,0.0004567971972792185,0.06524191165183214,4.286961787608364e-07
tip_RF2,nu,5,2e-3/1e-3,-0.46054522196451825,-0.4586490957853844,0.004117133538039302,0.001509922346850653,0.00045825519424938114,0.1300686724850389,1.8866978292248419e-06
tip_RF2,nu,6,5e-3/2e-3,-0.5475680033365886,-0.5503789368126331,0.005133487455286112,0.002975326560232085,0.0004540377194820642,0.06563842850257419,2.3307969371878914e-06
tip_RF2,nu,7,5e-3/2e-3,-0.6504853566487631,-0.6483062842861191,0.0033499176274624947,0.004153940134392238,0.0004623513179556765,0.06445817548324222,1.5488388301002374e-06
tip_RF2,nu,8,5e-3/2e-3,3.1912326812744145,3.188867433112594,0.0007411707004943432,0.00034864898518251083,0.0019910038507789545,0.014968490581289202,1.4756737187687725e-06
tip_RF2,nu,9,5e-3/2e-3,1.8761555353800456,1.876270344302268,6.119371238536916e-05,0.00044477390659759797,0.0010523986565069167,0.028318472475643494,6.440018070103316e-08
tip_RF2,nu,10,2e-3/1e-3,-1.9228458404541018,-1.9194301759493901,0.0017763589950117887,0.00030998140111593303,0.0009941437675805589,0.05995575963871911,1.7659562238766349e-06
tip_RF2,nu,11,2e-3/1e-3,-3.557205200195313,-3.5568516268068344,9.939639930221333e-05,0.0002792672028596545,0.0017311297968309095,0.0344310662808218,1.7206806852976454e-07
tip_RF2,nu,12,5e-3/2e-3,-5.172093709309896,-5.173860660782699,0.0003416317592278242,6.146281499686961e-05,0.0024083334786240314,0.012374665988832436,8.227632031095933e-07
tip_RF2,nu,13,5e-3/2e-3,-5.084276199340821,-5.087238647442025,0.0005826686012037403,0.000515826494724327,0.0022912438907581032,0.013007049362097645,1.3350358728446395e-06
tip_RF2,nu,14,5e-3/2e-3,-5.986690521240235,-5.982604484289321,0.0006825201564065277,0.0008761449621666157,0.0026328229588377617,0.011319531489064234,1.7969547376566461e-06
tip_RF2,nu,15,5e-3/2e-3,-5.512237548828126,-5.510809449240849,0.00025907801952048694,0.00018742791234151453,0.0023795064063887364,0.012524581697985373,6.164778072035048e-07
tip_RF2,nu,16,5e-3/2e-3,-4.6314795811971035,-4.63753420328041,0.0013072759961820844,0.001467118527733496,0.001970735313564067,0.015122437895425913,2.576294970250678e-06
tip_RF2,nu,17,5e-3/2e-3,-4.203120867411296,-4.190732273907178,0.0029474749584699938,0.003091467738123375,0.0017676432421729292,0.01685991928499096,5.2100841918134195e-06
tip_RF2,nu,18,5e-3/2e-3,-3.386338551839193,-3.3854444836918494,0.00026402207979409173,0.00023468669326440447,0.0014109274592646822,0.02112250505297208,3.7251600223365505e-07
tip_RF2,nu,19,2e-3/1e-3,-3.0557314554850263,-3.050726283617097,0.0016379619547212192,0.002730819245773732,0.0012632085098098866,0.047185119726877986,2.06908747994868e-06
tip_RF2,nu,20,5e-3/2e-3,-2.4686257044474287,-2.468755666795888,5.264562717032144e-05,0.0012394366197181898,0.0010138246605966433,0.02939593358298902,5.337343509784856e-08
tip_RF2,nu,21,5e-3/2e-3,-2.2345781326293945,-2.242266588632805,0.00344067450188623,0.0028274206455054683,0.0009127467201007798,0.03265125114270991,3.140464366531041e-06
tip_RF2,nu,22,5e-3/2e-3,-1.8608570098876955,-1.8628543781008062,0.0010733593191189033,0.0016655989750158958,0.0007563140776604665,0.039404690812954196,8.117967634376797e-07
tip_RF2,nu,23,5e-3/2e-3,-1.4549493789672854,-1.4506722611632639,0.0029397021407420966,0.0033046565615187065,0.0005886545171722599,0.05062786663195547,1.7304689442887976e-06
tip_RF2,nu,24,2e-3/1e-3,-1.7348925272623699,-1.7276180997516564,0.004193013340251352,0.0009161704076957461,0.0006990344314250884,0.08526710859417533,2.9310606962604147e-06
tip_RF2,nu,25,2e-3/1e-3,-1.2044111887613933,-1.1914656803046366,0.01074841264972782,0.005113823820521219,0.0004835735155023699,0.12325870392936876,5.197647691099025e-06
tip_RF2,nu,26,5e-3/2e-3,-0.7516145706176759,-0.7559412899715445,0.005756566627377837,0.0035421623050487057,0.0003007544950025074,0.09909186024783055,1.7313132889653084e-06
tip_RF2,nu,27,2e-3/1e-3,-0.8296966552734376,-0.8457741988249787,0.019377616444943423,0.009099616858237502,0.0003309362139847254,0.18010916381046688,6.41275502233773e-06
tip_RF2,nu,28,2e-3/1e-3,-0.6592273712158204,-0.6689135042099688,0.014693159624552738,0.007233273056057865,0.0002621589957736686,0.22736066942692088,3.851943971914961e-06
tip_RF2,nu,29,5e-3/2e-3,-0.6069739659627279,-0.6175102604273834,0.017358725506363044,0.01996726677577729,0.00024068199984254686,0.12382447547881381,4.177932769589283e-06
tip_RF2,nu,30,5e-3/2e-3,-0.6745258967081706,-0.6805249640746771,0.008893753962276587,0.010309278350515408,0.0002667213406395361,0.11173580005347991,2.3721539801365975e-06
tip_RF2,nu,31,5e-3/2e-3,-0.7152557373046876,-0.7115717310462517,0.005150614061927577,0.00044444444444465133,0.00028208904901720427,0.10564863291051653,1.4529318225837898e-06
tip_RF2,nu,32,5e-3/2e-3,-0.6473064422607423,-0.6395641188571695,0.011960831683572435,0.012154696132596855,0.00025465944779428984,0.11702814345128554,3.0459387916990022e-06
tip_RF2,nu,33,5e-3/2e-3,-0.5193551381429037,-0.5132504056629026,0.011754447066472157,0.0007651109410866,0.0002038258287078339,0.14621465089399577,2.3958599143260546e-06
tip_RF2,nu,34,5e-3/2e-3,-0.6679693857828777,-0.6591988232516295,0.013130186379677961,0.014158239143367153,0.00026152493302229783,0.11395595075118264,3.433871113515566e-06
tip_RF2,nu,35,5e-3/2e-3,-0.7001558939615886,-0.6967011161933505,0.004934297915697668,0.015891032917139718,0.00027349456996989094,0.10896860727792972,1.3495036865570628e-06
tip_RF2,nu,36,5e-3/2e-3,-0.6771087646484376,-0.6828918902435728,0.008540910850766829,0.01830985915492941,0.00026389055782115306,0.11293440217703159,2.2538657287095975e-06
tip_RF2,nu,37,2e-3/1e-3,-0.659624735514323,-0.6416186233807211,0.027297508968583767,0.0012048192771084898,0.00025650449903174037,0.23237270691308629,7.001933862801018e-06
tip_RF2,nu,38,2e-3/1e-3,-0.5714098612467449,-0.5735597617600701,0.0037624490915056734,0.00278164116828942,0.00022171382320894235,0.2688359431663375,8.341869727067346e-07
tip_RF2,nu,39,5e-3/2e-3,-0.5241235097249349,-0.5204892105321828,0.00693405108780461,0.008036391205458822,0.00020292468383681944,0.1468639587072643,1.4070901247011044e-06
tip_RF2,nu,40,5e-3/2e-3,-0.5030632019042969,-0.49835536245593914,0.00935834589080788,0.013902053712480326,0.00019435395974654388,0.15334044352150267,1.8188315805563088e-06
tip_region_U,nu,1,5e-3/2e-3,0.00015910093983014426,0.00015912962457302973,0.00884320108977595,0.011707317073170742,0.0027274446711904464,0.010926829314813383,2.4119341688574963e-05
tip_region_U,nu,2,5e-3/2e-3,0.0003182018796602885,0.000318259249146117,0.00884320108978647,0.011707317073170742,0.0027274446711904464,0.010926829314813383,2.4119341688603658e-05
tip_region_U,nu,3,5e-3/2e-3,0.0004773028194904328,0.0004773888855752773,0.005552937105401836,0.006504065040650425,0.002727444767957337,0.010926828927140895,1.5145329254924396e-05
tip_region_U,nu,4,5e-3/2e-3,0.000636403759320577,0.0006365184982922134,0.008843201089781103,0.011707317073170742,0.0027274446711904464,0.010926829314813383,2.411934168858902e-05
tip_region_U,nu,5,5e-3/2e-3,0.0007962808012962342,0.0007955834079479786,0.007588851727954059,0.007797270955165697,0.0027301056509376536,0.010916179151330543,2.0718366986615353e-05
tip_region_U,nu,6,5e-3/2e-3,0.0009546056389808656,0.0009547777711505784,0.005552937105400022,0.006504065040650425,0.002727444767957337,0.010926828927140895,1.514532925491945e-05
tip_region_U,nu,7,5e-3/2e-3,0.0011144826809565227,0.0011137190720472688,0.0051317550241255444,0.005571030640668523,0.0027293452879974737,0.01091922026822826,1.4006331394254418e-05
tip_region_U,nu,8,5e-3/2e-3,0.0013442089160283408,0.001343281278410656,0.007992317040439793,0.009237875288683603,0.0028804476649401545,0.010346420367375257,2.3021450956596208e-05
tip_region_U,nu,9,5e-3/2e-3,0.0014839073022206626,0.001483349298199991,0.006999990163211261,0.008368200836820083,0.0028264901208611905,0.010543932974587923,1.978540304244214e-05
tip_region_U,nu,10,5e-3/2e-3,0.0015584131081899009,0.0015569611814002554,0.006846543344976233,0.007968127490039863,0.0026715653738220314,0.011155378296080813,1.829098813081017e-05
tip_region_U,nu,11,5e-3/2e-3,0.0016515453656514487,0.001651625765636198,0.007073254108204716,0.009022556390977442,0.0025738369972386796,0.011578947081601709,1.820540311456778e-05
tip_region_U,nu,12,5e-3/2e-3,0.0017136335372924807,0.0017118072488766342,0.007049061130603093,0.008695652173913042,0.0024480479868495123,0.01217391266339067,1.725643990995205e-05
tip_region_U,nu,13,5e-3/2e-3,0.0017819305260976157,0.0017822283873198876,0.006100513782988427,0.006968641114982575,0.0023497984282321127,0.012682927194788066,1.4334977698674545e-05
tip_region_U,nu,14,5e-3/2e-3,0.0018005569775899253,0.0018014796109700236,0.0053628640298232465,0.006896551724137931,0.0022047636031177365,0.013517241642392914,1.1823847421423605e-05
tip_region_U,nu,15,5e-3/2e-3,0.0018378098805745444,0.0018361900813301578,0.010888963203252017,0.013513513513513513,0.0021003542446115697,0.01418918854481465,2.287068008336957e-05
tip_region_U,nu,16,5e-3/2e-3,0.0018812716007232668,0.0018814496124767586,0.012081656220084024,0.01584158415841584,0.002015648135050501,0.014785478610803586,2.4352367828333645e-05
tip_region_U,nu,17,5e-3/2e-3,0.0019123156865437827,0.001908678971293721,0.011402498759600248,0.012987012987012986,0.001928385473537342,0.015454546197668298,2.1988412970040682e-05
tip_region_U,nu,18,5e-3/2e-3,0.0019371509552001955,0.0019358469488720113,0.011411845813668003,0.012820512820512829,0.0018449056855830367,0.016153846031580214,2.1053779224633074e-05
tip_region_U,nu,19,5e-3/2e-3,0.0019495685895284018,0.001949400083339811,0.010389119567138396,0.012738853503184721,0.0017590091969515765,0.016942675705927952,1.827455686682602e-05
tip_region_U,nu,20,5e-3/2e-3,0.001980612675348918,0.0019834362096876417,0.01086531352974703,0.015047021943573668,0.0016976680363530439,0.017554858635211813,1.84456954844058e-05
tip_region_U,nu,21,5e-3/2e-3,0.001986821492513021,0.0019832675238754846,0.012210615197168666,0.012499999999999997,0.001621895064362473,0.018375000357627867,1.9804336521117266e-05
tip_region_U,nu,22,5e-3/2e-3,0.0019992391268412275,0.0019968804790570613,0.011523367234550285,0.014906832298136646,0.0015578487088549902,0.019130434308733256,1.795166276800606e-05
tip_region_U,nu,23,5e-3/2e-3,0.002017865578333537,0.002019384323574951,0.011082397375460608,0.014769230769230769,0.0015039991754567477,0.019815384791447566,1.6667916514776776e-05
tip_region_U,nu,24,5e-3/2e-3,0.001993030309677124,0.0019898566184997153,0.011180527130396328,0.012461059190031161,0.0014235931227874878,0.02093457878564377,1.5916521531971138e-05
tip_region_U,nu,25,5e-3/2e-3,0.00202407439549764,0.002022112874999632,0.01106539234771994,0.012269938650306747,0.0013879367283412389,0.02147239263803681,1.5358064452906592e-05
tip_region_U,nu,26,5e-3/2e-3,0.002055118481318156,0.002052213538718158,0.011538522057763663,0.014501510574018127,0.0013550231354439535,0.021993958337789575,1.5634964337100136e-05
tip_region_U,nu,27,5e-3/2e-3,0.0020364920298258466,0.0020361905732590043,0.010946610892928232,0.014634146341463409,0.0012930108223744362,0.02304878031335226,1.4154086352878094e-05
tip_region_U,nu,28,5e-3/2e-3,0.002055118481318156,0.0020500933381203033,0.00990255155892497,0.012084592145015113,0.0012582357803999496,0.02368580106522021,1.2459744688694697e-05
tip_region_U,nu,29,5e-3/2e-3,0.002055118481318156,0.0020529581081013605,0.011187266668901102,0.014501510574018127,0.0012148483804625017,0.024531721708637707,1.359083279451663e-05
tip_region_U,nu,30,5e-3/2e-3,0.0020427008469899497,0.00204283569778764,0.016191360423654853,0.014589665653495442,0.001167257679860146,0.02553191373413457,1.8899489801894755e-05
tip_region_U,nu,31,5e-3/2e-3,0.0020489096641540527,0.0020486090450071016,0.021510520150332665,0.029090909090909094,0.0011330375624612706,0.0263030312278054,2.437222731840697e-05
tip_region_U,nu,32,5e-3/2e-3,0.0020613272984822593,0.002059371484105468,0.022596649568572772,0.024096385542168672,0.0011042824766283271,0.02698795192212944,2.495308414908596e-05
tip_region_U,nu,33,5e-3/2e-3,0.002073744932810466,0.002075351248765914,0.019772493993405863,0.02874251497005988,0.001077270121651277,0.027664669973407677,2.1300317009625476e-05
tip_region_U,nu,34,5e-3/2e-3,0.002055118481318156,0.002057601528294701,0.019310024229523038,0.024169184290030205,0.0010361941424364615,0.028761330688107767,2.0008933996937915e-05
tip_region_U,nu,35,5e-3/2e-3,0.0020613272984822593,0.0020600050381858327,0.020901567302770842,0.024096385542168672,0.0010096296775656394,0.029518072863659227,2.1102842656513034e-05
tip_region_U,nu,36,5e-3/2e-3,0.0020675361156463623,0.0020664363830892292,0.02225688020738727,0.024024024024024024,0.0009845410149024857,0.030270270041159324,2.191281142794411e-05
tip_region_U,nu,37,5e-3/2e-3,0.002073744932810466,0.0020742154016529326,0.02056794200653314,0.02395209580838323,0.0009608084949186925,0.031017963043943848,1.9761853402872057e-05
tip_region_U,nu,38,5e-3/2e-3,0.002086162567138672,0.0020805648938573,0.02065359420571253,0.028571428571428574,0.0009411259397702702,0.03166666768846058,1.943763325648501e-05
tip_region_U,nu,39,5e-3/2e-3,0.002086162567138672,0.0020869020811069123,0.020280984995628644,0.02380952380952381,0.0009169945285993126,0.03250000022706532,1.8597552275596218e-05
tip_region_U,nu,40,5e-3/2e-3,0.0020985802014668784,0.002099568928748062,0.02256667480570567,0.023668639053254437,0.0008993915302309228,0.03313609411025189,2.0296276185727236e-05
e1_ip1_S11,nu,1,5e-3/2e-3,-3.398259480794271,-3.400238751036092,0.0005824364657869685,0.0005612722170252573,0.028160427081722034,0.0010583050569939324,1.640165962452982e-05
e1_ip1_S11,nu,2,5e-3/2e-3,-6.796518961588542,-6.800477502072226,0.0005824364657932413,0.0005612722170252573,0.028160427081722034,0.0010583050569939324,1.640165962470646e-05
e1_ip1_S11,nu,3,5e-3/2e-3,-10.197957356770834,-10.200716506445332,0.00027055905197190814,0.0002493765586034332,0.028169208006911223,0.0010579751614026001,7.6214342131493835e-06
e1_ip1_S11,nu,4,5e-3/2e-3,-13.593037923177084,-13.60095500414397,0.000582436465757696,0.0005612722170252573,0.028160427081722034,0.0010583050569939324,1.640165962370549e-05
e1_ip1_S11,nu,5,5e-3/2e-3,-17.000834147135418,-17.001193501843147,2.1137475056772966e-05,0.00014958863126388462,0.02817623274706257,0.0010577113929754241,5.955744168848647e-07
e1_ip1_S11,nu,6,5e-3/2e-3,-20.395914713541668,-20.401433012890664,0.00027055905197190814,0.0002493765586034332,0.028169208006911223,0.0010579751614026001,7.6214342131493835e-06
e1_ip1_S11,nu,7,2e-3/1e-3,-22.786458333333336,-22.787298229842406,3.6859458226639874e-05,0.0,0.02693881929560279,0.002212593065840857,9.929502845012713e-07
e1_ip1_S11,nu,8,5e-3/2e-3,-30.237833658854168,-30.24464835848437,0.00022536996886368349,0.00016820857863747134,0.03301189905433265,0.0009027751580920914,7.4398906620060105e-06
e1_ip1_S11,nu,9,5e-3/2e-3,-24.439493815104168,-24.446160808599302,0.00027279589117405804,0.00020811654526530014,0.026790362873653082,0.0011124269771278215,7.308300914994591e-06
e1_ip1_S11,nu,10,5e-3/2e-3,-22.964477539062504,-22.95665519161321,0.00034062814779867384,0.0006644518272426796,0.025285969473590363,0.0011786110245376197,8.613112947082893e-06
e1_ip1_S11,nu,11,5e-3/2e-3,-25.914510091145836,-25.90640358964663,0.0003128170847411105,0.0005888125613347789,0.02849849033512435,0.0010457509165306203,8.914814666156313e-06
e1_ip1_S11,nu,12,5e-3/2e-3,-23.142496744791668,-23.161374157482328,0.0008157033745681989,0.0008791208791208279,0.025360376524116827,0.001175152993464208,2.0686544711042227e-05
e1_ip1_S11,nu,13,5e-3/2e-3,-22.506713867187504,-22.51149876857687,0.00021259884573124598,0.00022598870056476125,0.024553563501674418,0.0012137677036436264,5.220059259044831e-06
e1_ip1_S11,nu,14,5e-3/2e-3,-20.090738932291668,-20.08945784840637,6.37648963344083e-05,0.0,0.021814047340790316,0.0013661986664880682,1.3909704673193693e-06
e1_ip1_S11,nu,15,5e-3/2e-3,-18.437703450520836,-18.43952364106508,9.872110966143422e-05,0.00027586206896545296,0.019921603954556544,0.0014959800654444201,1.966682848629438e-06
e1_ip1_S11,nu,16,5e-3/2e-3,-16.733805338541668,-16.738362123426555,0.00027231014062244284,0.0,0.017990969736235977,0.0016565156200374152,4.8991234988085325e-06
e1_ip1_S11,nu,17,5e-3/2e-3,-15.080769856770834,-15.093467878198226,0.0008420008758167402,0.0010118043844855483,0.016134054238065073,0.0018471688484462075,1.3584887798925578e-05
e1_ip1_S11,nu,18,2e-3/1e-3,-13.427734375000002,-13.418870829118532,0.000660092435099994,0.0,0.01429600462410768,0.004169321872971274,9.436684504528013e-06
e1_ip1_S11,nu,19,5e-3/2e-3,-12.029012044270834,-12.034094249396503,0.00042249563862476104,0.0004228329809724174,0.012743760110813056,0.0023385815590178994,5.384183066498718e-06
e1_ip1_S11,nu,20,2e-3/1e-3,-11.138916015625002,-11.133963379870465,0.00044462457097164184,0.0,0.011744650070564433,0.00507504646092245,5.221959998836774e-06
e1_ip1_S11,nu,21,2e-3/1e-3,-9.714762369791668,-9.703651784551198,0.0011436805984074813,0.0,0.010194317569965044,0.005846849910875889,1.1659043218773522e-05
e1_ip1_S11,nu,22,5e-3/2e-3,-8.900960286458334,-8.921655248275442,0.0023250257445360267,0.0022857142857141523,0.009296268244192036,0.003205837181636265,2.161406299585921e-05
e1_ip1_S11,nu,23,2e-3/1e-3,-8.443196614583334,-8.456311564274756,0.0015533156800790022,0.0,0.008778205007257355,0.006790072084909463,1.363532348072086e-05
e1_ip1_S11,nu,24,2e-3/1e-3,-7.324218750000001,-7.310800433690474,0.001832047453460715,0.0,0.007580479423209744,0.007862912284003364,1.3887798023302761e-05
e1_ip1_S11,nu,25,2e-3/1e-3,-7.120768229166667,-7.113399973329251,0.0010347557454875953,0.0,0.0073371870335972944,0.008123637097222466,7.5921964387318855e-06
e1_ip1_S11,nu,26,2e-3/1e-3,-7.019042968750001,-7.010215613351079,0.0012576294857038072,0.0,0.007201161202898666,0.008277087971784065,9.05639266007166e-06
e1_ip1_S11,nu,27,5e-3/2e-3,-6.434122721354167,-6.445900372195865,0.0018304983214898081,0.0023715415019762843,0.006572508169913416,0.0045343910752549,1.203096517300456e-05
e1_ip1_S11,nu,28,2e-3/1e-3,-6.306966145833334,-6.31808299472209,0.001762630182516577,0.0,0.0064152057760029505,0.009291150877552647,1.1307635327837479e-05
e1_ip1_S11,nu,29,5e-3/2e-3,-6.154378255208334,-6.133257007417569,0.003431906021195598,0.003305785123967038,0.006234104964398109,0.004780529451764319,2.139486236408324e-05
e1_ip1_S11,nu,30,2e-3/1e-3,-5.798339843750001,-5.814347525113249,0.002760735278478425,0.0,0.005849589204901258,0.010189543690597802,1.6149167282577463e-05
e1_ip1_S11,nu,31,2e-3/1e-3,-5.696614583333334,-5.697121155099694,8.892505521476517e-05,0.0,0.005723858575720006,0.01041336783340999,5.089944398874086e-07
e1_ip1_S11,nu,32,5e-3/2e-3,-5.620320638020834,-5.629813813545979,0.001689080772531952,0.002714932126696674,0.005624605577715201,0.005298562179323774,9.500413134394718e-06
e1_ip1_S11,nu,33,5e-3/2e-3,-5.594889322916667,-5.594536514207789,6.305910421371332e-05,0.0,0.005577131731851506,0.00534366477619518,3.516889310924316e-07
e1_ip1_S11,nu,34,5e-3/2e-3,-5.137125651041667,-5.150432279049369,0.00259028665281015,0.001980198019801865,0.005100984338462937,0.005842464985233722,1.3213011648114158e-05
e1_ip1_S11,nu,35,2e-3/1e-3,-5.086263020833334,-5.085532296349697,0.000143666279278812,0.0,0.005031009127860481,0.011847453117370605,7.227863624174562e-07
e1_ip1_S11,nu,36,5e-3/2e-3,-5.111694335937501,-5.094853968647385,0.0032944785394777064,0.0029850746268658447,0.005036866858318199,0.005916837436049731,1.6593849770935803e-05
e1_ip1_S11,nu,37,2e-3/1e-3,-5.086263020833334,-5.080455712839239,0.001141763210103032,0.0,0.0049930860737137294,0.011937435865402222,5.700921983844132e-06
e1_ip1_S11,nu,38,5e-3/2e-3,-5.035400390625,-5.054835243279285,0.003859643950155287,0.004040404040403981,0.004924991386239813,0.006051243555666221,1.9008713208467394e-05
e1_ip1_S11,nu,39,2e-3/1e-3,-5.035400390625,-5.033824341033778,0.0003129938970009486,0.0,0.004907076817660559,0.012146670408923217,1.5358850960425915e-06
e1_ip1_S11,nu,40,5e-3/2e-3,-5.035400390625,-5.0325769386786305,0.0005607204447189967,0.0,0.004889571738709978,0.0060950782563951285,2.741682839814897e-06
root_mises,nu,1,5e-3/2e-3,-26.93113295931878,-26.93053261341425,6.46108263479283e-05,7.418122844181839e-05,0.22154826568806626,0.0001345184187975371,1.4314416522056331e-05
root_mises,nu,2,5e-3/2e-3,-53.86226591863756,-53.86106522682854,6.461082635137468e-05,7.418122844181839e-05,0.22154826568806626,0.0001345184187975371,1.4314416522819869e-05
root_mises,nu,3,5e-3/2e-3,-80.79176668658761,-80.79159984672393,5.842186661714178e-05,6.623802964548347e-05,0.2215437815122623,0.0001345211415290651,1.294300125336659e-05
root_mises,nu,4,5e-3/2e-3,-107.72453183727512,-107.7221304536571,6.461082635043475e-05,7.418122844181839e-05,0.22154826568806626,0.0001345184187975371,1.431441652261163e-05
root_mises,nu,5,5e-3/2e-3,-134.65730060489753,-134.65266106059022,7.989846898099885e-05,9.656802729383713e-05,0.22155095257192345,0.0001345167874104283,1.7701581911778572e-05
root_mises,nu,6,5e-3/2e-3,-161.58353337317521,-161.58319969344777,5.84218666147672e-05,6.623802964548347e-05,0.2215437815122623,0.0001345211415290651,1.2943001252840516e-05
root_mises,nu,7,5e-3/2e-3,-188.61290034237757,-188.61321089099928,0.00010039582691881443,0.00013299912316668523,0.22628903697103273,0.00013170024843718042,2.2718474989369002e-05
root_mises,nu,8,5e-3/2e-3,-220.7398230469456,-220.74496790046874,4.9813946358195075e-05,8.963495646778586e-05,0.26434575628828966,0.00011273993124063457,1.3168105323761368e-05
root_mises,nu,9,5e-3/2e-3,-241.35189429555246,-241.35263514790068,7.79550728502389e-05,5.963688531278166e-05,0.2882514357655521,0.00010339002235511807,2.2470661674289575e-05
root_mises,nu,10,5e-3/2e-3,-265.8977409077087,-265.88654326001335,6.283568236327616e-05,5.7155724885141344e-05,0.31672159787760346,9.409627441704298e-05,1.9901417721826372e-05
root_mises,nu,11,5e-3/2e-3,-293.10798915884584,-293.1125286136464,5.7138335117313843e-05,6.921820618136427e-05,0.34813756487848113,8.560501765472491e-05,1.9892000848952245e-05
root_mises,nu,12,5e-3/2e-3,-308.33663618118123,-308.34648915794975,6.881062586452369e-05,6.903760799408983e-05,0.3650792322491804,8.163247798043496e-05,2.51213304612059e-05
root_mises,nu,13,5e-3/2e-3,-308.1988324998264,-308.19138936876027,6.325780946816094e-05,6.709451170520516e-05,0.36368945567599004,8.194442242572499e-05,2.300619829273094e-05
root_mises,nu,14,5e-3/2e-3,-332.525495990268,-332.5216530030935,6.127951341375058e-05,7.38140467501248e-05,0.3909944237463093,7.622186040952873e-05,2.395994803466364e-05
root_mises,nu,15,5e-3/2e-3,-355.2124860351095,-355.2176200398509,6.118362296996808e-05,7.41632269596449e-05,0.41610776863835064,7.16216437996793e-05,2.545898083124355e-05
root_mises,nu,16,5e-3/2e-3,-363.1774349020608,-363.1727000126678,5.4088565972952045e-05,6.426180520516742e-05,0.4237781864875444,7.032528652479676e-05,2.292155439772952e-05
root_mises,nu,17,5e-3/2e-3,-370.11169942109257,-370.10079334095565,5.9411809642597714e-05,6.641291517187906e-05,0.43015351222805664,6.928299209584244e-05,2.5556198585588126e-05
root_mises,nu,18,5e-3/2e-3,-380.88953548677773,-380.90184352655285,5.603875801082634e-05,6.517880440003416e-05,0.4408901039211361,6.759580703364162e-05,2.4706933843004624e-05
root_mises,nu,19,5e-3/2e-3,-393.0560411528935,-393.0630638339187,4.9818999941371204e-05,5.279780633080003e-05,0.45308559071025994,6.577636322747982e-05,2.2572271017030578e-05
root_mises,nu,20,5e-3/2e-3,-392.5884360767166,-392.5792519055894,5.3529735587234674e-05,6.438785996066064e-05,0.45066953079202904,6.612899331206002e-05,2.412422082052043e-05
root_mises,nu,21,5e-3/2e-3,-396.19010051050435,-396.2058444216492,5.151754264971666e-05,5.4586587313896723e-05,0.45288664513438587,6.580525769059058e-05,2.333160705619782e-05
root_mises,nu,22,5e-3/2e-3,-401.51551990012047,-401.52295619196894,4.643551977771217e-05,4.934966926595727e-05,0.45703614324129443,6.520780211459344e-05,2.122271086861042e-05
root_mises,nu,23,5e-3/2e-3,-401.3800033265606,-401.3824905327223,5.126670551064899e-05,4.999976988152569e-05,0.4549656461482558,6.55045554318268e-05,2.3324589798544767e-05
root_mises,nu,24,5e-3/2e-3,-427.8653576121864,-427.8638528499685,5.036164596711345e-05,7.14020979837083e-05,0.4829507454194584,6.170882366443192e-05,2.4322194460368305e-05
root_mises,nu,25,5e-3/2e-3,-427.7148815369714,-427.70887727402675,5.3099285683043093e-05,5.850706653368733e-05,0.4807478564727114,6.199158662163889e-05,2.55273677723551e-05
root_mises,nu,26,5e-3/2e-3,-426.7967579898861,-426.7921115794903,4.996301732020099e-05,4.718383274311315e-05,0.47772420814319344,6.238394847841235e-05,2.3868542885737676e-05
root_mises,nu,27,5e-3/2e-3,-430.36714190665276,-430.36624018756316,5.5887291335714805e-05,5.733779554841049e-05,0.4797144653984592,6.212512762762112e-05,2.6809942085680368e-05
root_mises,nu,28,5e-3/2e-3,-431.21564263920226,-431.1947643161488,4.841736012882634e-05,6.529657191882125e-05,0.47866285619428345,6.226161483396764e-05,2.3175591888651234e-05
root_mises,nu,29,5e-3/2e-3,-436.8815330972827,-436.8616909316157,4.5909925591769574e-05,6.117648083465184e-05,0.48296536478368024,6.170695573800359e-05,2.2172903960620608e-05
root_mises,nu,30,5e-3/2e-3,-444.21589507673315,-444.2167514016402,4.44837711002653e-05,5.549435118720988e-05,0.48908130801053157,6.0935312594390895e-05,2.175618095495883e-05
root_mises,nu,31,5e-3/2e-3,-444.4340533324957,-444.43464795992304,4.950389641188521e-05,5.400946410851211e-05,0.48734655761528084,6.115221688140402e-05,2.4125553504875706e-05
root_mises,nu,32,5e-3/2e-3,-444.2102390962788,-444.20920940531767,5.095415752779896e-05,5.909731528456787e-05,0.4851445745992201,6.142977567525131e-05,2.4720133077885673e-05
root_mises,nu,33,2e-3/1e-3,-444.04111138395785,-444.0298125455974,9.301018073923192e-05,0.00011855287602543583,0.4830296699035954,0.00012339748154039214,4.492667690014495e-05
root_mises,nu,34,5e-3/2e-3,-439.9366530290176,-439.94345869413183,4.493769674135051e-05,7.733559049706095e-05,0.4766830424272255,6.252020679389951e-05,2.1421038002338977e-05
root_mises,nu,35,5e-3/2e-3,-439.78435326283244,-439.77366390380007,5.0713947160787566e-05,4.7105834992567335e-05,0.4746480453049422,6.278825475526508e-05,2.407127588956594e-05
root_mises,nu,36,5e-3/2e-3,-440.1244054088475,-440.122050684778,4.506717637160604e-05,5.333529315058314e-05,0.47316471199927934,6.298509088256079e-05,2.13241975284917e-05
root_mises,nu,37,5e-3/2e-3,-440.7272141753538,-440.7066471965484,4.666600598080403e-05,5.452555012284013e-05,0.47198662635396815,6.314230260699156e-05,2.2025730728293795e-05
root_mises,nu,38,5e-3/2e-3,-441.1629255053148,-441.17744627990004,5.01241947845203e-05,7.037499810215622e-05,0.47065586536502474,6.332083498966202e-05,2.3591246272033462e-05
root_mises,nu,39,5e-3/2e-3,-441.63588955472716,-441.6177505328007,4.734555034809235e-05,5.844071928888611e-05,0.4693841840969281,6.349238725423505e-05,2.222325252075936e-05
root_mises,nu,40,5e-3/2e-3,-441.97193534628815,-441.97187235136863,5.0711815715824e-05,5.9225466362075886e-05,0.4679980719812522,6.368043838627006e-05,2.3733031981674197e-05
tip_RF2,SIGY0,1,5e-3/2e-3,0.0,0.0,0.0,0.0,4.145948199593217e-300,7.188300710225803e+294,0.0
tip_RF2,SIGY0,2,5e-3/2e-3,0.0,0.0,0.0,0.0,2.0729740997966086e-300,1.4376601420451606e+295,0.0
tip_RF2,SIGY0,3,5e-3/2e-3,0.0,0.0,0.0,0.0,1.3819827452645137e-300,2.1564901942383585e+295,0.0
tip_RF2,SIGY0,4,5e-3/2e-3,0.0,0.0,0.0,0.0,1.0364870498983043e-300,2.875320284090321e+295,0.0
tip_RF2,SIGY0,5,5e-3/2e-3,0.0,0.0,0.0,0.0,8.291896437709044e-301,3.5941503384151473e+295,0.0
tip_RF2,SIGY0,6,5e-3/2e-3,0.0,0.0,0.0,0.0,6.909913726322569e-301,4.312980388476717e+295,0.0
tip_RF2,SIGY0,7,5e-3/2e-3,-0.00506901741027832,-0.005068965408303752,1.0258787918743473e-05,0.00012228963830480903,0.0030024591848062426,0.009925970863653403,3.080159201161066e-08
tip_RF2,SIGY0,8,2e-3/1e-3,-0.1186666488647461,-0.11868014372738875,0.00011372076966659534,0.0019066792037354036,0.06169657580781374,0.0009660932392919256,7.016182086658025e-06
tip_RF2,SIGY0,9,2e-3/1e-3,-0.3393282890319824,-0.33934086955738624,3.707479102230136e-05,0.00937153520895193,0.15861719562414944,0.00037577669016811084,5.880699380308834e-06
tip_RF2,SIGY0,10,5e-3/2e-3,-0.6908595561981201,-0.6924842627757946,0.002351717600340346,0.00033123107318792266,0.29765504667534576,0.00010012369257827803,0.0007000006120965378
tip_RF2,SIGY0,11,2e-3/1e-3,-1.0826172828674316,-1.0823109054873807,0.0002829969416703099,0.00320646507926091,0.43905044631504203,0.00013575807808795877,0.00012424993354614148
tip_RF2,SIGY0,12,2e-3/1e-3,-1.402635097503662,-1.4026650515973542,2.1355585458697765e-05,2.158733914457704e-05,0.5442691189596077,0.00010951318511204033,1.1623185682472043e-05
tip_RF2,SIGY0,13,2e-3/1e-3,-1.729475498199463,-1.7352449282039029,0.003335942030081638,0.002626708277122548,0.6494943124810151,9.177084945933669e-05,0.0021666753753043955
tip_RF2,SIGY0,14,5e-3/2e-3,-1.8831768035888672,-1.8763441976887953,0.0036282338902277216,0.0005493620654555413,0.690151916495529,4.318226418761003e-05,0.002504032572834691
tip_RF2,SIGY0,15,5e-3/2e-3,-2.0842270851135254,-2.0824489766853325,0.0008531260537265662,0.0005674750585744288,0.7497608211827557,3.974910604248676e-05,0.0006396404906144341
tip_RF2,SIGY0,16,2e-3/1e-3,-2.251433849334717,-2.2514191838563513,6.51383933390568e-06,8.789395287486295e-06,0.798337427462467,7.466096756210628e-05,5.200241736734091e-06
tip_RF2,SIGY0,17,5e-3/2e-3,-2.3292019367218018,-2.3263718141369227,0.0012150610645903187,0.0002375790236863523,0.8162978163489771,3.65091291325401e-05,0.0009918516937557405
tip_RF2,SIGY0,18,2e-3/1e-3,-2.4471678733825684,-2.447141846659741,1.0635446431866024e-05,6.0404323156893605e-06,0.8496828007422517,7.014928950347376e-05,9.03675591137211e-06
tip_RF2,SIGY0,19,2e-3/1e-3,-2.4896907806396484,-2.4927417555690647,0.00122544331735544,2.7771074414987955e-06,0.8576775115643651,6.949540354238092e-05,0.0010510351749925943
tip_RF2,SIGY0,20,5e-3/2e-3,-2.583479404449463,-2.5801582117344317,0.0012855502967475433,0.0004047288005110077,0.8841610150591424,3.370689487559209e-05,0.0011366334552818896
tip_RF2,SIGY0,21,2e-3/1e-3,-2.614795684814453,-2.6147972249927753,5.890243475454252e-07,2.826597884902393e-06,0.8900435352122198,6.696823516748385e-05,5.242573126154015e-07
tip_RF2,SIGY0,22,5e-3/2e-3,-2.641052484512329,-2.6430193654985663,0.0007447337748005383,4.688835633204255e-05,0.8945095204625523,3.331694264392455e-05,0.000666171451769096
tip_RF2,SIGY0,23,2e-3/1e-3,-2.6697282791137695,-2.669819223764741,3.4065133775171746e-05,0.0002615726939897757,0.900115858462787,6.621885862247013e-05,3.06625671316884e-05
tip_RF2,SIGY0,24,2e-3/1e-3,-2.7125730514526367,-2.7125219086869277,1.8853968073474655e-05,9.668327157909096e-05,0.9108066402405884,6.544160104020117e-05,1.7172319316204772e-05
tip_RF2,SIGY0,25,2e-3/1e-3,-2.7309794425964355,-2.7309443473692547,1.2850784093580898e-05,1.2658716294421836e-05,0.9137447839963371,6.523117375806498e-05,1.1742336935772643e-05
tip_RF2,SIGY0,26,5e-3/2e-3,-2.7406792640686035,-2.7406363761441606,1.5648647765988472e-05,5.567520892557112e-06,0.9138899557604051,3.261040588075858e-05,1.4301142014569367e-05
tip_RF2,SIGY0,27,5e-3/2e-3,-2.7608630657196045,-2.7608306400981104,1.1744740945936572e-05,2.2279987071342384e-06,0.9176743135501694,3.247592522493114e-05,1.077784708538691e-05
tip_RF2,SIGY0,28,2e-3/1e-3,-2.7697572708129883,-2.7697413702842173,5.74076614530103e-06,3.2710108215367486e-06,0.9178886480825335,6.493668365972772e-05,5.269384076068339e-06
tip_RF2,SIGY0,29,2e-3/1e-3,-2.775455951690674,-2.775461837877306,2.1207998738894133e-06,2.2334647584172846e-06,0.917121005714917,6.499103651968742e-05,1.945030113261528e-06
tip_RF2,SIGY0,30,2e-3/1e-3,-2.788604259490967,-2.788610844140199,2.3612705925116263e-06,7.498127178154647e-05,0.9188926501739431,6.486573242707697e-05,2.169754192530805e-06
tip_RF2,SIGY0,31,2e-3/1e-3,-2.802903175354004,-2.802900322447513,1.0178398298350802e-06,7.655516718457655e-07,0.9211953268192857,6.470359004229239e-05,9.376292946946129e-07
tip_RF2,SIGY0,32,2e-3/1e-3,-2.81109619140625,-2.8110750605021972,7.516962285871366e-06,6.10656360596652e-06,0.921603943489187,6.467490205144718e-05,6.927662085718543e-06
tip_RF2,SIGY0,33,2e-3/1e-3,-2.81491756439209,-2.8149418130380917,8.614336102964647e-06,4.234912278027073e-06,0.920617484980293,6.47442023944033e-05,7.930508437886252e-06
tip_RF2,SIGY0,34,5e-3/2e-3,-2.818312168121338,-2.8171604391044425,0.0004086591364586671,0.00014371207233863608,0.9195267985473211,3.241049900315832e-05,0.00037577302744495097
tip_RF2,SIGY0,35,5e-3/2e-3,-2.826138496398926,-2.8261563675969947,6.323539377749639e-06,2.294645276460461e-06,0.919954088575192,3.239544533559561e-05,5.817365904827006e-06
tip_RF2,SIGY0,36,2e-3/1e-3,-2.8305234909057617,-2.8305190912368055,1.5543658162185567e-06,3.386096921886282e-05,0.919286607434015,6.483793443022496e-05,1.4289076779029606e-06
tip_RF2,SIGY0,37,5e-3/2e-3,-2.834036350250244,-2.8341981948098973,5.71074395848481e-05,2.9107893539141283e-05,0.9183795916070727,3.245098503936071e-05,5.2446307043658374e-05
tip_RF2,SIGY0,38,2e-3/1e-3,-2.8358449935913086,-2.835855268601693,3.6232623459776287e-06,2.017756933601336e-06,0.9169513254246004,6.50030630009617e-05,3.3223552105052337e-06
tip_RF2,SIGY0,39,2e-3/1e-3,-2.83852481842041,-2.838517668551967,2.5188676867225975e-06,4.804447238265977e-05,0.9158254060562001,6.508297802314184e-05,2.3068430219945643e-06
tip_RF2,SIGY0,40,5e-3/2e-3,-2.8416032791137695,-2.841623325303914,7.054535125162488e-06,5.369781621362375e-07,0.9148566343717422,3.257594826118456e-05,6.453888261663391e-06
tip_region_U,SIGY0,1,5e-3/2e-3,0.0,0.0,0.0,0.0,1.428571422489322e-296,2.086162576020456e+291,0.0
tip_region_U,SIGY0,2,5e-3/2e-3,0.0,0.0,0.0,0.0,7.14285711244661e-297,4.172325152040912e+291,0.0
tip_region_U,SIGY0,3,5e-3/2e-3,0.0,0.0,0.0,0.0,4.761904910578484e-297,6.258487506016763e+291,0.0
tip_region_U,SIGY0,4,5e-3/2e-3,0.0,0.0,0.0,0.0,3.571428556223305e-297,8.344650304081824e+291,0.0
tip_region_U,SIGY0,5,5e-3/2e-3,0.0,0.0,0.0,0.0,2.857142905799711e-297,1.0430812658057675e+292,0.0
tip_region_U,SIGY0,6,5e-3/2e-3,0.0,0.0,0.0,0.0,2.380952455289242e-297,1.2516975012033526e+292,0.0
tip_region_U,SIGY0,7,5e-3/2e-3,-1.1175870895385742e-07,-1.103309595960659e-07,0.06018884424480098,0.06666666666666667,0.00022807899342597274,0.13066666920979816,1.3727811010826861e-05
tip_region_U,SIGY0,8,5e-3/2e-3,-2.4065375328063965e-06,-2.3998981406728797e-06,0.006247293648737165,0.00990712074303402,0.004297388433143971,0.00693498454964936,2.6847047464536888e-05
tip_region_U,SIGY0,9,2e-3/1e-3,-6.295740604400635e-06,-6.298264285788943e-06,0.004405160482975756,0.009467455621301775,0.009993239130241447,0.005964496996275772,4.4021822113466636e-05
tip_region_U,SIGY0,10,5e-3/2e-3,-1.1861324310302734e-05,-1.1890199936299211e-05,0.0028066200834267756,0.0015075376884422147,0.016944749303285555,0.0017587939398971634,4.75574737032331e-05
tip_region_U,SIGY0,11,2e-3/1e-3,-1.7248094081878662e-05,-1.7251347021912282e-05,0.0015294226108535029,0.004319654427645789,0.0224001227391261,0.0026609070615171097,3.4259254203113154e-05
tip_region_U,SIGY0,12,2e-3/1e-3,-2.180039882659912e-05,-2.1802021769456262e-05,0.0011538768257711091,0.001367053998632946,0.02595285655623794,0.0022966506459985133,2.994639974280475e-05
tip_region_U,SIGY0,13,2e-3/1e-3,-2.656877040863037e-05,-2.6667180867063084e-05,0.0038309104152621644,0.00266404935501963,0.029196450157058233,0.0020415031435244953,0.00011184898499535704
tip_region_U,SIGY0,14,2e-3/1e-3,-2.8409063816070557e-05,-2.82926594941707e-05,0.004216572157967999,0.001049042748492001,0.02898884006444114,0.002056123827062127,0.00012223353590750974
tip_region_U,SIGY0,15,5e-3/2e-3,-3.135949373245239e-05,-3.133873482977e-05,0.0009749573505011442,0.0008553100498930646,0.029866185863412487,0.0009978616795593101,2.9118257438967365e-05
tip_region_U,SIGY0,16,5e-3/2e-3,-3.423914313316345e-05,-3.423621858591393e-05,0.0007560414747550762,0.0006963333696007062,0.030570663381599257,0.0009748667215914451,2.311268942726531e-05
tip_region_U,SIGY0,17,5e-3/2e-3,-3.48016619682312e-05,-3.4724775498944664e-05,0.002455741357633226,0.002226503960607929,0.02924509268471729,0.0010190537848173487,7.181838361367717e-05
tip_region_U,SIGY0,18,5e-3/2e-3,-3.729015588760376e-05,-3.728373168120904e-05,0.0007061479013439954,0.0009590409590409954,0.02959536203956121,0.0010069929993712342,2.0898702793751897e-05
tip_region_U,SIGY0,19,5e-3/2e-3,-3.791600465774536e-05,-3.802037191816746e-05,0.0027944705247319886,0.0007860090391039497,0.028508273258874436,0.0010453920557401016,7.966552933292977e-05
tip_region_U,SIGY0,20,5e-3/2e-3,-3.9421021938323975e-05,-3.934232486367455e-05,0.002130368736995976,0.0013608013608013263,0.02815787329261428,0.0010584010403765958,5.99866529628794e-05
tip_region_U,SIGY0,21,5e-3/2e-3,-4.003196954727173e-05,-4.002724488015698e-05,0.0007140343727058354,0.0008933556672250479,0.027232631815061144,0.001094360713649901,1.9445035175196158e-05
tip_region_U,SIGY0,22,5e-3/2e-3,-4.047900438308716e-05,-4.050338833483476e-05,0.000868039005114722,0.0008834897846493567,0.026285068432326586,0.0011338118622146345,2.281646465136916e-05
tip_region_U,SIGY0,23,5e-3/2e-3,-4.103034734725952e-05,-4.0992024982419857e-05,0.0011357436284454396,0.0013074269112038892,0.025484687566893257,0.0011694207476340038,2.8944071527021728e-05
tip_region_U,SIGY0,24,2e-3/1e-3,-4.1857361793518066e-05,-4.1851937981620905e-05,0.0012531581894009243,0.001423994304022784,0.024915097083551736,0.002392310356066803,3.1222557949971944e-05
tip_region_U,SIGY0,25,5e-3/2e-3,-4.184991121292114e-05,-4.18567426256727e-05,0.0006412702282944359,0.0007121239095602635,0.02391423497881208,0.001246216841730461,1.5335486924349607e-05
tip_region_U,SIGY0,26,5e-3/2e-3,-4.1931867599487305e-05,-4.1932988949693524e-05,0.0006966020888121427,0.0008528784648187553,0.023039487028031932,0.0012935323755878375,1.604935478888731e-05
tip_region_U,SIGY0,27,5e-3/2e-3,-4.270672798156738e-05,-4.270558978022719e-05,0.0006952813962110647,0.0006978367062107466,0.022596152542226425,0.0013189113647556771,1.5710684488557387e-05
tip_region_U,SIGY0,28,5e-3/2e-3,-4.256516695022583e-05,-4.256291117120947e-05,0.0006378017975798889,0.0007001575354454753,0.021716921490709706,0.0013723087961820218,1.385109156467597e-05
tip_region_U,SIGY0,29,5e-3/2e-3,-4.252046346664429e-05,-4.252382163260606e-05,0.0006502041987983235,0.0007008936393902226,0.020946041411780955,0.0014228140679094239,1.3619204074143541e-05
tip_region_U,SIGY0,30,5e-3/2e-3,-4.268437623977661e-05,-4.266554037732297e-05,0.0011360567368972334,0.0013964042590329901,0.020325894370573788,0.0014662244053988958,2.3091369233151903e-05
tip_region_U,SIGY0,31,5e-3/2e-3,-4.2907893657684326e-05,-4.2909611612624646e-05,0.0012944486402428632,0.001666956068761922,0.01977322218852866,0.0015072061651633583,2.559542057516094e-05
tip_region_U,SIGY0,32,5e-3/2e-3,-4.2922794818878174e-05,-4.2916314917523984e-05,0.0013779123449604704,0.0016663773650407955,0.019161961891131903,0.0015552855473263275,2.640350384345273e-05
tip_region_U,SIGY0,33,5e-3/2e-3,-4.2766332626342773e-05,-4.275112775813019e-05,0.0012735686361294229,0.001672473867595803,0.01851356436610278,0.0016097560576860913,2.35782949196318e-05
tip_region_U,SIGY0,34,5e-3/2e-3,-4.273653030395508e-05,-4.262934740030797e-05,0.0025163340558805878,0.001394700139470014,0.0179565244743672,0.0016596932457746986,4.518461406010345e-05
tip_region_U,SIGY0,35,5e-3/2e-3,-4.287064075469971e-05,-4.286565029120362e-05,0.0013296567264147955,0.0011122697254084273,0.017498220375640628,0.001703163050179851,2.326662642275899e-05
tip_region_U,SIGY0,36,5e-3/2e-3,-4.287064075469971e-05,-4.2868946514954044e-05,0.0012123754416222335,0.0013903371567605145,0.017012159158405114,0.0017518248042589597,2.0625123972619124e-05
tip_region_U,SIGY0,37,5e-3/2e-3,-4.2766332626342773e-05,-4.272692300777052e-05,0.001593285880435059,0.0013937282229965157,0.01651209808632723,0.0018048779889681614,2.630849273730393e-05
tip_region_U,SIGY0,38,5e-3/2e-3,-4.2632222175598145e-05,-4.261755977088148e-05,0.001343880731672932,0.0013981125480601187,0.016027150676682995,0.0018594897489204393,2.1538578978013074e-05
tip_region_U,SIGY0,39,5e-3/2e-3,-4.2498111724853516e-05,-4.251903738104942e-05,0.0013999411926936315,0.0016830294530154118,0.015567073783126426,0.0019144460161805656,2.179298783869977e-05
tip_region_U,SIGY0,40,5e-3/2e-3,-4.208087921142578e-05,-4.2085325950881826e-05,0.0011324919291074958,0.00141643059490085,0.015028885688592463,0.0019830027990908527,1.7020091745810113e-05
e1_ip1_S11,SIGY0,1,5e-3/2e-3,0.0,0.0,0.0,0.0,6.905600558382545e-300,4.3156742322025817e+294,0.0
e1_ip1_S11,SIGY0,2,5e-3/2e-3,0.0,0.0,0.0,0.0,3.452800279191272e-300,8.631348464405163e+294,0.0
e1_ip1_S11,SIGY0,3,5e-3/2e-3,0.0,0.0,0.0,0.0,2.301866852794182e-300,1.2947022696607746e+295,0.0
e1_ip1_S11,SIGY0,4,5e-3/2e-3,0.0,0.0,0.0,0.0,1.726400139595636e-300,1.7262696928810327e+295,0.0
e1_ip1_S11,SIGY0,5,5e-3/2e-3,0.0,0.0,0.0,0.0,1.3811201116765092e-300,2.157837116101291e+295,0.0
e1_ip1_S11,SIGY0,6,5e-3/2e-3,0.0,0.0,0.0,0.0,1.150933426397091e-300,2.589404539321549e+295,0.0
e1_ip1_S11,SIGY0,7,5e-3/2e-3,0.0645904541015625,0.06459729882632662,0.00010597115099009814,4.724781478852306e-05,0.06363394089190101,0.00046834003945036813,6.7433619583506225e-06
e1_ip1_S11,SIGY0,8,2e-3/1e-3,-1.04583740234375,-1.0458059036388665,3.0118166373581726e-05,0.0004377006127808579,0.9514867793035995,6.264369203218538e-05,2.8657037121329245e-05
e1_ip1_S11,SIGY0,9,2e-3/1e-3,-1.15447998046875,-1.1544658717596077,1.2220834818274272e-05,0.0,1.0546091857547306,5.651823024159854e-05,1.2888204656943291e-05
e1_ip1_S11,SIGY0,10,5e-3/2e-3,-1.09527587890625,-1.0947472488014793,0.0004826456192010365,0.00018946781833387882,1.0049982773058228,2.9654102957856526e-05,0.0004850580158462438
e1_ip1_S11,SIGY0,11,5e-3/2e-3,-1.06573486328125,-1.0653744908013092,0.00033814459145239,0.00032071473569661213,0.9766675951748895,3.0514294254186534e-05,0.0003302548649552013
e1_ip1_S11,SIGY0,12,2e-3/1e-3,-1.03662109375,-1.0366733663810592,5.042597664121163e-05,2.9439472444653793e-05,0.94663875799033,6.296450918820237e-05,4.773518389808597e-05
e1_ip1_S11,SIGY0,13,5e-3/2e-3,-1.031524658203125,-1.032311699223731,0.0007629880821044922,0.00011242270938738233,0.9377796609266631,3.177966384795152e-05,0.0007155147049270357
e1_ip1_S11,SIGY0,14,2e-3/1e-3,-1.0322265625,-1.0328153582606907,0.0005704133008015941,0.0001478240302743614,0.9339725788036601,6.38184097992889e-05,0.0005327503815335727
e1_ip1_S11,SIGY0,15,5e-3/2e-3,-1.029449462890625,-1.0289808335069472,0.00045522330194031535,7.707586043336035e-05,0.9269178844124907,3.215206318581818e-05,0.00042195461996978557
e1_ip1_S11,SIGY0,16,5e-3/2e-3,-1.02667236328125,-1.026609571564504,6.11604237064142e-05,4.755959812135262e-05,0.919836176088831,3.2399598061489186e-05,5.6257570270080724e-05
e1_ip1_S11,SIGY0,17,2e-3/1e-3,-1.03387451171875,-1.034003431564236,0.00012469583496316943,0.00032469449200070845,0.921736069944635,6.466563121368446e-05,0.0001149366488574166
e1_ip1_S11,SIGY0,18,2e-3/1e-3,-1.0267333984375,-1.0266622285361773,6.931682696893689e-05,2.9722981809535132e-05,0.9109370825255279,6.54322300834869e-05,6.31432681290102e-05
e1_ip1_S11,SIGY0,19,2e-3/1e-3,-1.02850341796875,-1.0283177996953556,0.00018047414345102452,5.9343659130021956e-05,0.908013114703217,6.564293379713171e-05,0.00016387288911835996
e1_ip1_S11,SIGY0,20,2e-3/1e-3,-1.02972412109375,-1.0297596145202048,3.4468869600833605e-05,2.9636654614427123e-05,0.9047670837465412,6.587844081216387e-05,3.118629862878602e-05
e1_ip1_S11,SIGY0,21,2e-3/1e-3,-1.03057861328125,-1.0305614065626667,1.6696172772799442e-05,0.0,0.901209697219161,6.613848581446816e-05,1.5046752809293382e-05
e1_ip1_S11,SIGY0,22,5e-3/2e-3,-1.033233642578125,-1.033815884303984,0.000563514099682389,5.316478128608295e-05,0.8992678684103136,3.314065078337398e-05,0.0005067501232405389
e1_ip1_S11,SIGY0,23,5e-3/2e-3,-1.03466796875,-1.0351616250277906,0.0004771156474352128,0.0004011326097215239,0.8964345258013654,3.3245397772975776e-05,0.0004277029391609965
e1_ip1_S11,SIGY0,24,2e-3/1e-3,-1.0333251953125,-1.0332879172165474,3.6075860843864795e-05,5.906674542232723e-05,0.8912327544093122,6.687887589465354e-05,3.2151988827564675e-05
e1_ip1_S11,SIGY0,25,2e-3/1e-3,-1.03814697265625,-1.0380738142328454,7.047019866312407e-05,0.0,0.8914158161032597,6.686514160803956e-05,6.281824965224759e-05
e1_ip1_S11,SIGY0,26,5e-3/2e-3,-1.038787841796875,-1.0387747093502726,1.2642087319463363e-05,5.875613267049256e-06,0.8881171238603901,3.3556747851176624e-05,1.1227654229753711e-05
e1_ip1_S11,SIGY0,27,5e-3/2e-3,-1.037078857421875,-1.0370676796926341,1.0778089979242762e-05,5.885295588885314e-06,0.8828203365144965,3.375808321924167e-05,9.515117022458617e-06
e1_ip1_S11,SIGY0,28,2e-3/1e-3,-1.04150390625,-1.0415093955190586,5.270521815322182e-06,2.9301453352086265e-05,0.8828150916267286,6.751656755839946e-05,4.652896199314324e-06
e1_ip1_S11,SIGY0,29,2e-3/1e-3,-1.0443115234375,-1.0443396743351059,2.695641767240142e-05,2.9222676797194625e-05,0.8815333548830714,6.76147356707753e-05,2.3762981306381335e-05
e1_ip1_S11,SIGY0,30,5e-3/2e-3,-1.046295166015625,-1.0464787488849148,0.00017545992302426942,0.00018083710077284787,0.8796191486405247,3.38809386241257e-05,0.00015433790811113986
e1_ip1_S11,SIGY0,31,2e-3/1e-3,-1.04571533203125,-1.0456758526778402,3.775344226145002e-05,5.836689429755443e-05,0.8755970444447396,6.807314523678975e-05,3.305680246174077e-05
e1_ip1_S11,SIGY0,32,5e-3/2e-3,-1.047119140625,-1.0471414690607586,2.1323682179306695e-05,0.0,0.8732645546722352,3.4127484309587145e-05,1.8621215822284537e-05
e1_ip1_S11,SIGY0,33,2e-3/1e-3,-1.04931640625,-1.049368878908995,5.000651727396482e-05,0.0,0.8716549884908281,6.838100574470332e-05,4.3588430238904206e-05
e1_ip1_S11,SIGY0,34,5e-3/2e-3,-1.04986572265625,-1.050171985141282,0.0002917158627269032,2.3254461949971234e-05,0.8687329861970394,3.43055033723973e-05,0.0002534231925477883
e1_ip1_S11,SIGY0,35,5e-3/2e-3,-1.050140380859375,-1.0501905450517224,4.776903475164715e-05,5.812094969547227e-06,0.865610275494035,3.442926133320917e-05,4.134936733145742e-05
e1_ip1_S11,SIGY0,36,2e-3/1e-3,-1.05255126953125,-1.0526152261658384,6.0763438741412424e-05,2.899391127863149e-05,0.8642862584248489,6.896400838770635e-05,5.2517005118842855e-05
e1_ip1_S11,SIGY0,37,5e-3/2e-3,-1.054779052734375,-1.054936221412473,0.00014900625651453496,6.365188207033792e-05,0.8628801698288381,3.453819363308226e-05,0.00012857454392682131
e1_ip1_S11,SIGY0,38,5e-3/2e-3,-1.056427001953125,-1.0564421257704728,1.4316007939824872e-05,1.7332524482148795e-05,0.8610526606942606,3.4611497935173804e-05,1.2326836727106366e-05
e1_ip1_S11,SIGY0,39,2e-3/1e-3,-1.05816650390625,-1.0581474226898726,1.8032338301159157e-05,8.652015919709292e-05,0.8593332402806174,6.936150259464719e-05,1.549578770217138e-05
e1_ip1_S11,SIGY0,40,5e-3/2e-3,-1.060943603515625,-1.06098787479453,4.172821133785961e-05,1.725873723568373e-05,0.8585149570517799,3.471380683924163e-05,3.582429356457014e-05
root_mises,SIGY0,1,5e-3/2e-3,0.0,0.0,0.0,0.0,6.855395018803742e-300,4.3472801065365575e+294,0.0
root_mises,SIGY0,2,5e-3/2e-3,0.0,0.0,0.0,0.0,3.427697509401871e-300,8.694560213073115e+294,0.0
root_mises,SIGY0,3,5e-3/2e-3,0.0,0.0,0.0,0.0,2.285131585784896e-300,1.304184081699559e+295,0.0
root_mises,SIGY0,4,5e-3/2e-3,0.0,0.0,0.0,0.0,1.7138487547009355e-300,1.738912042614623e+295,0.0
root_mises,SIGY0,5,5e-3/2e-3,0.0,0.0,0.0,0.0,1.3710789758934265e-300,2.1736400974477367e+295,0.0
root_mises,SIGY0,6,5e-3/2e-3,0.0,0.0,0.0,0.0,1.142565792892448e-300,2.608368163399118e+295,0.0
root_mises,SIGY0,7,5e-3/2e-3,0.9902494878921004,0.9902700386409101,2.0753102183808692e-05,1.7941757184852053e-05,0.9900462913255941,3.0101948412727597e-05,2.0546531850580886e-05
root_mises,SIGY0,8,2e-3/1e-3,0.9865869526348092,0.9865557401036671,4.052756510505413e-05,0.0008269509295417284,0.9845681314563642,6.0538872700687535e-05,3.9902149047959296e-05
root_mises,SIGY0,9,2e-3/1e-3,0.9875899541137301,0.987581329393309,3.144613029283423e-05,0.01516587253487295,0.98291550273448,6.0640659964737504e-05,3.090888896583512e-05
root_mises,SIGY0,10,5e-3/2e-3,0.9885074444939619,0.9885886428111305,0.007531894071972382,0.0016544063704377909,0.9812094688019638,3.0373048095513515e-05,0.007390365781432681
root_mises,SIGY0,11,5e-3/2e-3,0.9908632074755417,0.99070568711852,0.25963759738410663,0.17065986258115448,0.9807440628741323,3.038746143449263e-05,0.25463803213336694
root_mises,SIGY0,12,2e-3/1e-3,0.9914996055356369,0.991492837950394,0.0001097305951579305,0.0013319623264220414,0.9783028036268757,6.092658076253844e-05,0.00010734974888664908
root_mises,SIGY0,13,2e-3/1e-3,0.9918098143936618,0.991942359288565,0.014608180361697701,0.008282546911203259,0.9753194298984967,6.111294715167706e-05,0.014247642142225419
root_mises,SIGY0,14,5e-3/2e-3,0.9926058256139356,0.9927170725607417,0.25622767719039935,0.11696489965290117,0.9726155023526101,3.0641422345837584e-05,0.2492110109671827
root_mises,SIGY0,15,2e-3/1e-3,0.9931487425722025,0.9931258873744763,0.0006385175736710413,0.0025909440964234976,0.9695063364525055,6.147937618797664e-05,0.0006190468336103541
root_mises,SIGY0,16,2e-3/1e-3,0.993175769794675,0.993181949940354,0.0006801100069274157,0.0007819171218174985,0.9657497643001507,6.171851858393596e-05,0.0006568160788883256
root_mises,SIGY0,17,5e-3/2e-3,0.9935255335511783,0.9935125308001128,0.014980704047044291,0.005966823954694775,0.9622511672686889,3.097145880559231e-05,0.014415199955775141
root_mises,SIGY0,18,2e-3/1e-3,0.9936582848257558,0.9936440983683344,0.0003714551204483703,0.00042586096182585254,0.9584889748043792,6.218605152715033e-05,0.0003560356375843957
root_mises,SIGY0,19,2e-3/1e-3,0.9936811466598101,0.9937458175628383,0.009868565709012622,0.0004276147585904998,0.95453438817409,6.244368512422814e-05,0.009419885331208168
root_mises,SIGY0,20,2e-3/1e-3,0.9944917000756845,0.9944717713500356,0.006123742075666192,0.004609668424116229,0.9513506313986596,6.265265697859565e-05,0.00582582589020757
root_mises,SIGY0,21,2e-3/1e-3,0.9949356427719067,0.9949476466998031,0.0001876786953755223,0.0003476367504807208,0.947762754964911,6.28898365789837e-05,0.0001778748773773253
root_mises,SIGY0,22,2e-3/1e-3,0.994279930282346,0.994313092129733,0.0068285671205597165,0.0008185572710857753,0.9431388537432435,6.319816487129599e-05,0.0064402869667934915
root_mises,SIGY0,23,2e-3/1e-3,0.9946609035595202,0.9946775289680051,0.0007191300851655524,0.0064187202668137475,0.9395430285013139,6.34400373024611e-05,0.0006756536581028509
root_mises,SIGY0,24,2e-3/1e-3,0.994820894231168,0.9948303640979543,0.0001752231205926366,0.001423514837032748,0.9357489918266731,6.369725780739187e-05,0.00016396485843928329
root_mises,SIGY0,25,2e-3/1e-3,0.9952419639128607,0.995281892160871,0.00014523128534498305,0.00025356856934621657,0.9322028557580936,6.393956466365729e-05,0.00013538501894401177
root_mises,SIGY0,26,2e-3/1e-3,0.9950945342586692,0.9951239187257442,0.00018649953967968315,0.0001766235055302404,0.9281950161424138,6.421564837000312e-05,0.00017310794324353626
root_mises,SIGY0,27,2e-3/1e-3,0.9952678017809262,0.9952929995858242,0.00017095110301403065,0.00019190769045617108,0.9244904233480319,6.447297156365672e-05,0.0001580426575972542
root_mises,SIGY0,28,2e-3/1e-3,0.9951938232595694,0.995151770606314,0.00017237531066449015,0.00015426647543303394,0.9205802364388914,6.474682207599967e-05,0.00015868530424774371
root_mises,SIGY0,29,2e-3/1e-3,0.9955394992211382,0.9955487236486326,0.00017953326249931295,0.0001404454545843599,0.9171271480798179,6.49906012488938e-05,0.0001646548290214602
root_mises,SIGY0,30,2e-3/1e-3,0.9956789679654889,0.9956890742433909,0.00019420625968121166,0.000817806236086605,0.9135347200318354,6.524617342766511e-05,0.00017741416106630564
root_mises,SIGY0,31,2e-3/1e-3,0.9963290658554911,0.9963109437009829,0.00014873934243613124,0.0001357201220129034,0.9104416745594209,6.546783439393235e-05,0.00013541849600041844
root_mises,SIGY0,32,2e-3/1e-3,0.9965891169605356,0.9965727298033612,0.00013215470637714598,0.0001450849348379617,0.9070213468095363,6.571471000660683e-05,0.00011986713976541777
root_mises,SIGY0,33,2e-3/1e-3,0.9966695946803839,0.9966721309217577,0.0001438899657658566,0.00010699848850272371,0.9034842588879423,6.597197924483519e-05,0.00013000231908137633
root_mises,SIGY0,34,5e-3/2e-3,0.9967853752058318,0.9966799051583758,0.00969828616657632,0.0032650838837278103,0.9000361795056342,3.3112360443182324e-05,0.008728808429117696
root_mises,SIGY0,35,2e-3/1e-3,0.9973495241758883,0.9973547787002977,0.00013007785894923125,0.0002350640016995652,0.8970116047098639,6.644801969386962e-05,0.00011668134899327325
root_mises,SIGY0,36,2e-3/1e-3,0.9974990512322961,0.997475391097474,0.0001226042417496166,0.00038927125416987173,0.8936514038143435,6.669786957305952e-05,0.00010956545275313801
root_mises,SIGY0,37,2e-3/1e-3,0.9975249246003841,0.9975067986347407,0.0001301008075371576,0.00019426694169802063,0.8902302239021812,6.695419137099529e-05,0.00011581967102365839
root_mises,SIGY0,38,2e-3/1e-3,0.9976104524980087,0.9976012331369399,0.00011972178373203587,0.00024144360881003958,0.8869195174697193,6.720411897737453e-05,0.00010618358665823134
root_mises,SIGY0,39,5e-3/2e-3,0.9975275509878543,0.9975355748059002,0.0006953276711638587,0.0003867949810833475,0.8835024256949173,3.3732021012001575e-05,0.000614323684126067
root_mises,SIGY0,40,2e-3/1e-3,0.9976488042992742,0.9976526717501185,0.0001489188288080918,0.0002201014202338779,0.8803306265752,6.770711250530263e-05,0.0001310978058734724
tip_RF2,H,1,5e-3/2e-3,0.0,0.0,0.0,0.0,3.3167585596745737e-299,8.985375887782254e+293,0.0
tip_RF2,H,2,5e-3/2e-3,0.0,0.0,0.0,0.0,1.6583792798372868e-299,1.7970751775564507e+294,0.0
tip_RF2,H,3,5e-3/2e-3,0.0,0.0,0.0,0.0,1.105586196211611e-299,2.695612742797948e+294,0.0
tip_RF2,H,4,5e-3/2e-3,0.0,0.0,0.0,0.0,8.291896399186434e-300,3.5941503551129015e+294,0.0
tip_RF2,H,5,5e-3/2e-3,0.0,0.0,0.0,0.0,6.633517150167235e-300,4.492687923018934e+294,0.0
tip_RF2,H,6,5e-3/2e-3,0.0,0.0,0.0,0.0,5.527930981058055e-300,5.391225485595896e+294,0.0
tip_RF2,H,7,2e-3/1e-3,-4.76837158203125e-07,-1.300257246973078e-07,0.7273162913995915,0.5,2.2595055245237703e-06,26.379508316516876,1.6433751784935176e-06
tip_RF2,H,8,2e-3/1e-3,-1.4483928680419922e-05,-1.458031040934138e-05,0.006654391294521579,0.051440329218107,6.024329918307632e-05,0.9893987478052148,4.00882485637122e-07
tip_RF2,H,9,5e-3/2e-3,-8.445978164672852e-05,-8.553685244256015e-05,0.012752469575835678,0.014114326040931546,0.0003158421891920578,0.09435826943807393,4.027767908437054e-06
tip_RF2,H,10,5e-3/2e-3,-0.00025346875190734863,-0.00025367848580141734,0.0008274546368752179,0.0010582010582010583,0.000873650831088309,0.03411239516657987,7.22906431193909e-07
tip_RF2,H,11,5e-3/2e-3,-0.0005144774913787842,-0.0005146493482886094,0.0003340416494502533,0.00028963679545849504,0.0016691517919287307,0.01785477062769604,5.575662177587193e-07
tip_RF2,H,12,5e-3/2e-3,-0.0008942186832427979,-0.0008934206165765543,0.0008924737105128174,0.0005265789035160564,0.0027758929788765387,0.010736120813907216,2.4774115068444226e-06
tip_RF2,H,13,5e-3/2e-3,-0.001407027244567871,-0.0014071121100904182,6.0315479230940604e-05,0.0002541726679657714,0.004227206196579584,0.007050122705584996,2.549659675546993e-07
tip_RF2,H,14,5e-3/2e-3,-0.001910775899887085,-0.0019107624773859572,7.0246338822392575e-06,0.00010294002963422826,0.005602132085685751,0.0053198178714572815,3.9352926861887805e-08
tip_RF2,H,15,5e-3/2e-3,-0.0025458335876464844,-0.0025449838020827867,0.00033379462342755285,0.0004026971342947436,0.007326519436972007,0.004067732658607724,2.4455527964987176e-06
tip_RF2,H,16,5e-3/2e-3,-0.0032629966735839844,-0.003264596378082002,0.0004902562454226193,0.0005881923133128213,0.009256225301853311,0.0032197058105022784,4.537922263272456e-06
tip_RF2,H,17,5e-3/2e-3,-0.0038535892963409424,-0.0038540147557202843,0.00011040599986768642,4.485518734776622e-05,0.010804306756283176,0.0027583743279376957,1.1928602903046439e-06
tip_RF2,H,18,5e-3/2e-3,-0.004666000604629517,-0.00466623030226634,4.922794836233764e-05,6.387123558905247e-06,0.012960681627539017,0.002299440974182328,6.380277659011888e-07
tip_RF2,H,19,5e-3/2e-3,-0.005377233028411865,-0.005378737238536181,0.00027973683051635176,0.0001684863936152202,0.014819292030233928,0.0020110489979476348,4.14550178303387e-06
tip_RF2,H,20,5e-3/2e-3,-0.006110817193984985,-0.006110384927945094,7.073784506544522e-05,3.9991221439253046e-05,0.016730758755093656,0.0017812893499897027,1.1834978206451563e-06
tip_RF2,H,21,5e-3/2e-3,-0.0068627893924713135,-0.006861425187098148,0.0001987829285075137,0.00029442801495585037,0.0186880569453763,0.0015947255765971348,3.714866687717082e-06
tip_RF2,H,22,2e-3/1e-3,-0.007600069046020508,-0.007598222155601224,0.00024300968953053912,0.000164695548514603,0.020592802779058457,0.002894440616699572,5.004250609902619e-06
tip_RF2,H,23,5e-3/2e-3,-0.008336633443832397,-0.008336108369162806,6.298401784471344e-05,6.79223968741398e-05,0.022485991635001146,0.0013253728308475284,1.4162580983949894e-06
tip_RF2,H,24,5e-3/2e-3,-0.009101629257202148,-0.009101497359012252,1.4491711996705225e-05,7.858546169034981e-06,0.02444859314672721,0.001218979031179337,3.543019706069919e-07
tip_RF2,H,25,2e-3/1e-3,-0.00977945327758789,-0.009781850592355736,0.0002451379131120751,0.00010056560534399532,0.026176467778127627,0.0022770316178867614,6.416844683775683e-06
tip_RF2,H,26,2e-3/1e-3,-0.010493755340576172,-0.010494867656529948,0.00010599789281110221,6.248011996183033e-05,0.027993461999556667,0.0021292344896938647,2.9672479844406703e-06
tip_RF2,H,27,2e-3/1e-3,-0.01129370927810669,-0.011294150726481666,3.908798819818498e-05,6.333222501939549e-05,0.030031034969915615,0.0019847682517469397,1.173852740483342e-06
tip_RF2,H,28,5e-3/2e-3,-0.011958301067352295,-0.011958875321994007,4.8021423651870834e-05,8.672810738332417e-05,0.03170353999100893,0.0009400313780778803,1.522449125172269e-06
tip_RF2,H,29,5e-3/2e-3,-0.012645810842514038,-0.01264558272441051,1.803902544243884e-05,6.127407658733363e-06,0.033429429858981674,0.0008914995712883256,6.03034335752395e-07
tip_RF2,H,30,5e-3/2e-3,-0.013338804244995117,-0.013338812386024336,6.103267631253916e-07,2.5023683128701363e-05,0.03516290743978822,0.0008475500053210278,2.1460863479803694e-08
tip_RF2,H,31,5e-3/2e-3,-0.014069199562072754,-0.014070738452326115,0.00010938008566668424,0.00010845527490872735,0.036991590726732734,0.000805651279174595,4.046143362636948e-06
tip_RF2,H,32,5e-3/2e-3,-0.014772295951843262,-0.014772516074238852,1.4901027999181975e-05,3.227915008950841e-06,0.038744191665095885,0.0007692074890942638,5.773282848072666e-07
tip_RF2,H,33,5e-3/2e-3,-0.015440762042999268,-0.015438249731724104,0.00016270643043180298,4.863869555653021e-05,0.040399152566373754,0.0007376967212055157,6.5732019065444854e-06
tip_RF2,H,34,2e-3/1e-3,-0.016115427017211914,-0.01611581193407086,2.3884992841604788e-05,1.8493039220037578e-05,0.04206366400422648,0.001417010291100691,1.0046903136326184e-06
tip_RF2,H,35,5e-3/2e-3,-0.0168268084526062,-0.01682764062632831,4.945523237236033e-05,2.4795701133871992e-05,0.04381920066089103,0.000680120174220661,2.167088751055451e-06
tip_RF2,H,36,5e-3/2e-3,-0.017500579357147217,-0.01749989045977737,3.936426079322413e-05,4.972565741738803e-05,0.045470170523724505,0.0006554257889168385,1.7898996508082643e-06
tip_RF2,H,37,2e-3/1e-3,-0.018154144287109375,-0.01815542278682937,7.04246754776957e-05,8.864782517335575e-05,0.047063321865717676,0.0012664776393272066,3.3144191692955073e-06
tip_RF2,H,38,5e-3/2e-3,-0.018821537494659424,-0.018821100691116747,2.3207644051410578e-05,2.2167823088104428e-05,0.048686536228204,0.0006121265692019162,1.129899802880264e-06
tip_RF2,H,39,2e-3/1e-3,-0.01948416233062744,-0.019484759142993285,3.0630640194633176e-05,4.282786258374377e-05,0.05029116747491881,0.0011851911134319287,1.5404506558922765e-06
tip_RF2,H,40,2e-3/1e-3,-0.02005767822265625,-0.020056684771143002,4.95297363044735e-05,9.509319132750095e-05,0.05166069486747945,0.0011537716426054485,2.5587405940921244e-06
tip_region_U,H,1,5e-3/2e-3,0.0,0.0,0.0,0.0,1.1428571379914577e-295,2.60770322002557e+290,0.0
tip_region_U,H,2,5e-3/2e-3,0.0,0.0,0.0,0.0,5.714285689957288e-296,5.21540644005114e+290,0.0
tip_region_U,H,3,5e-3/2e-3,0.0,0.0,0.0,0.0,3.809523928462787e-296,7.823109382520954e+290,0.0
tip_region_U,H,4,5e-3/2e-3,0.0,0.0,0.0,0.0,2.857142844978644e-296,1.043081288010228e+291,0.0
tip_region_U,H,5,5e-3/2e-3,0.0,0.0,0.0,0.0,2.2857143246397688e-296,1.3038515822572093e+291,0.0
tip_region_U,H,6,5e-3/2e-3,0.0,0.0,0.0,0.0,1.9047619642313935e-296,1.5646218765041907e+291,0.0
tip_region_U,H,7,5e-3/2e-3,-2.3283064365386963e-10,-2.834079290657104e-12,0.9927904967264535,1.6,3.801316557099546e-06,7.840000152587891,3.7739109529373503e-06
tip_region_U,H,8,5e-3/2e-3,1.862645149230957e-09,1.288461757780142e-10,0.9308262361023457,0.6,2.6609216304297037e-05,1.1200000047683716,2.4768556658161983e-05
tip_region_U,H,9,2e-3/1e-3,3.725290298461914e-09,7.536113535003311e-10,0.9337463288133059,0.5,4.7305273989308626e-05,1.2599999904632568,4.41711259210245e-05
tip_region_U,H,10,5e-3/2e-3,-5.122274160385132e-09,-4.982181410361856e-09,0.2981062178415927,0.29090909090909095,5.85402771156222e-05,0.5090909004211426,1.7451220602336877e-05
tip_region_U,H,11,5e-3/2e-3,-1.0244548320770264e-08,-1.017633887233986e-08,0.14855365356011882,0.18181818181818182,0.00010643686830686267,0.27999999306418677,1.5811585660481667e-05
tip_region_U,H,12,5e-3/2e-3,-1.862645149230957e-08,-1.8205309230031797e-08,0.08656430098221449,0.12000000000000002,0.00017739478165576173,0.16799999475479127,1.5356055271923577e-05
tip_region_U,H,13,5e-3/2e-3,-2.9336661100387573e-08,-2.9198036428111604e-08,0.06092591643973588,0.07619047619047614,0.00025790470553767086,0.11555555888584682,1.5713080539002825e-05
tip_region_U,H,14,5e-3/2e-3,-4.0978193283081055e-08,-4.08192087844965e-08,0.040434768927911466,0.045454545454545456,0.00033451585702476004,0.0890909108248624,1.3526071381518442e-05
tip_region_U,H,15,5e-3/2e-3,-5.634501576423645e-08,-5.611552576532076e-08,0.0538644249096638,0.06611570247933884,0.0004292953776993242,0.06942148445066341,2.3123748636151005e-05
tip_region_U,H,16,5e-3/2e-3,-7.404014468193054e-08,-7.396023260584777e-08,0.04237331667597404,0.060377358490566045,0.0005288581740479036,0.056352201497779704,2.2409474885609215e-05
tip_region_U,H,17,5e-3/2e-3,-9.220093488693237e-08,-9.190572239079132e-08,0.037825773621746515,0.04848484848484849,0.0006198381879227172,0.04808081039274582,2.3445858978478275e-05
tip_region_U,H,18,5e-3/2e-3,-1.126900315284729e-07,-1.1231148023948292e-07,0.03161820917424956,0.03966942148760328,0.000715492269088293,0.04165289224671923,2.2622584226592103e-05
tip_region_U,H,19,5e-3/2e-3,-1.3317912817001343e-07,-1.3266155330528454e-07,0.026088103854717076,0.033566433566433546,0.0008010774368282657,0.03720279840322641,2.0898591367646355e-05
tip_region_U,H,20,5e-3/2e-3,-1.601874828338623e-07,-1.5992028784196102e-07,0.022057663901647713,0.023255813953488372,0.0009153570603533653,0.03255813898042191,2.0190638387274793e-05
tip_region_U,H,21,5e-3/2e-3,-1.825392246246338e-07,-1.8208959771096963e-07,0.018581630005961577,0.02448979591836735,0.0009934107269220145,0.030000000583882233,1.8459190571618206e-05
tip_region_U,H,22,5e-3/2e-3,-2.0489096641540527e-07,-2.0434693126783763e-07,0.017802107679303122,0.01818181818181818,0.0010643686830686268,0.02799999930641868,1.8948005906465752e-05
tip_region_U,H,23,5e-3/2e-3,-2.2910535335540771e-07,-2.2865420467551344e-07,0.014109765160119275,0.01951219512195121,0.0011384116835764918,0.02617886202122138,1.6062721510800314e-05
tip_region_U,H,24,5e-3/2e-3,-2.6170164346694946e-07,-2.6133127350014975e-07,0.013826483997758295,0.014234875444839857,0.0012461983411317262,0.02391459000068203,1.7230541421690744e-05
tip_region_U,H,25,5e-3/2e-3,-2.915039658546448e-07,-2.90873672262704e-07,0.011587428133467142,0.015335463258785934,0.0013325895581926617,0.022364217252396165,1.54412857369662e-05
tip_region_U,H,26,5e-3/2e-3,-3.203749656677246e-07,-3.2002892583775657e-07,0.009705490450738097,0.009302325581395316,0.0014082415667453776,0.02116279130758241,1.3667675078379717e-05
tip_region_U,H,27,5e-3/2e-3,-3.501772880554199e-07,-3.498541475529435e-07,0.01044963766664374,0.010638297872340425,0.0014822319183316706,0.02010638282654133,1.5488786484500232e-05
tip_region_U,H,28,5e-3/2e-3,-3.7904828786849976e-07,-3.7868621101682015e-07,0.008551454196102305,0.009828009828009828,0.0015471358387395152,0.019262899637808084,1.3230261260129284e-05
tip_region_U,H,29,5e-3/2e-3,-4.069879651069641e-07,-4.067004208105398e-07,0.008452417969988035,0.009153318077803204,0.0016038934811544205,0.018581235436061973,1.3556778082056288e-05
tip_region_U,H,30,5e-3/2e-3,-4.386529326438904e-07,-4.3824297470990676e-07,0.015107928367175175,0.010191082802547765,0.0016710588669122453,0.017834394094544105,2.5246237658643116e-05
tip_region_U,H,31,5e-3/2e-3,-4.759058356285095e-07,-4.755804808026896e-07,0.014047298482072375,0.015655577299412915,0.001754491498235483,0.016986301967075894,2.4645865759972185e-05
tip_region_U,H,32,5e-3/2e-3,-5.103647708892822e-07,-5.09763996486503e-07,0.013602166611935447,0.01167883211678833,0.001822731316844347,0.016350365033114912,2.4793095060509307e-05
tip_region_U,H,33,5e-3/2e-3,-5.494803190231323e-07,-5.497688057525743e-07,0.012366239652743664,0.013559322033898305,0.0019029621909408781,0.01566101656121723,2.3532486503285046e-05
tip_region_U,H,34,5e-3/2e-3,-5.83939254283905e-07,-5.832745222579685e-07,0.011840508147109654,0.007655502392344516,0.0019628209284219375,0.015183413808235522,2.3240797194297287e-05
tip_region_U,H,35,5e-3/2e-3,-6.332993507385254e-07,-6.330515413355052e-07,0.009967719697245895,0.011764705882352941,0.002067916207062153,0.014411764986374798,2.061240910938744e-05
tip_region_U,H,36,5e-3/2e-3,-6.69620931148529e-07,-6.690433317808723e-07,0.008802269785792724,0.008901251738525698,0.0021257807498945565,0.014019471382066835,1.8711695666016652e-05
tip_region_U,H,37,5e-3/2e-3,-7.040798664093018e-07,-7.03841518898873e-07,0.009102768910371444,0.010582010582010581,0.002174764138199196,0.013703703249573077,1.9796375384590387e-05
tip_region_U,H,38,5e-3/2e-3,-7.35744833946228e-07,-7.347328952167494e-07,0.009152334060921401,0.008101265822784781,0.0022127663464836713,0.01346835486496551,2.025197680178311e-05
tip_region_U,H,39,5e-3/2e-3,-7.655471563339233e-07,-7.650084506401391e-07,0.008667356434077175,0.009732360097323601,0.0022433616146090326,0.013284671625661734,1.944401472434336e-05
tip_region_U,H,40,5e-3/2e-3,-8.139759302139282e-07,-8.130233176121508e-07,0.007418968625911847,0.009153318077803204,0.0023256455545024456,0.012814645090692377,1.7253891403845004e-05
e1_ip1_S11,H,1,5e-3/2e-3,0.0,0.0,0.0,0.0,5.524480446706036e-299,5.394592790253227e+293,0.0
e1_ip1_S11,H,2,5e-3/2e-3,0.0,0.0,0.0,0.0,2.762240223353018e-299,1.0789185580506454e+294,0.0
e1_ip1_S11,H,3,5e-3/2e-3,0.0,0.0,0.0,0.0,1.8414934822353455e-299,1.6183778370759682e+294,0.0
e1_ip1_S11,H,4,5e-3/2e-3,0.0,0.0,0.0,0.0,1.381120111676509e-299,2.1578371161012909e+294,0.0
e1_ip1_S11,H,5,5e-3/2e-3,0.0,0.0,0.0,0.0,1.1048960893412074e-299,2.6972963951266135e+294,0.0
e1_ip1_S11,H,6,5e-3/2e-3,0.0,0.0,0.0,0.0,9.207467411176728e-300,3.2367556741519364e+294,0.0
e1_ip1_S11,H,7,5e-3/2e-3,1.9073486328125e-06,1.657006887366418e-06,0.1312511730364354,0.19999999999999996,1.5032823267635485e-05,1.9824833869934082,1.973075687926577e-06
e1_ip1_S11,H,8,2e-3/1e-3,-0.00012969970703125,-0.00013045167122754868,0.005797732419838882,0.0,0.0009439903850692262,0.06314115664538215,5.473003659532043e-06
e1_ip1_S11,H,9,5e-3/2e-3,-0.00051116943359375,-0.0005102455378379648,0.0018074158880936927,0.0,0.003735596904338723,0.007977927798655495,6.751777196415422e-06
e1_ip1_S11,H,10,2e-3/1e-3,-0.0009002685546875,-0.0009023227438023267,0.0022817514886319026,0.0,0.006608514723994823,0.009019370806419243,1.5078988309121033e-05
e1_ip1_S11,H,11,5e-3/2e-3,-0.001285552978515625,-0.0012836997496240277,0.001441581111450698,0.0017804154302671297,0.009424917804648582,0.0031620776971652883,1.3586783484156776e-05
e1_ip1_S11,H,12,5e-3/2e-3,-0.001674652099609375,-0.0016742857711345266,0.00021874900161878786,0.00045558086560361876,0.012234291531964052,0.002435966341805078,2.676239058130327e-06
e1_ip1_S11,H,13,5e-3/2e-3,-0.00208282470703125,-0.0020828683119262733,2.0935460807675806e-05,0.0,0.015148300194253367,0.0019673707284333505,3.171366450196992e-07
e1_ip1_S11,H,14,5e-3/2e-3,-0.0025177001953125,-0.0025188387505085826,0.0004522203232149671,0.0,0.018224393980913425,0.001635298403826627,8.241441336445569e-06
e1_ip1_S11,H,15,2e-3/1e-3,-0.002960205078125,-0.0029630151609790767,0.0009492865460039687,0.0,0.021322985749980518,0.002795323575894857,2.024162349309085e-05
e1_ip1_S11,H,16,5e-3/2e-3,-0.00342559814453125,-0.0034254352390040697,4.755535246899378e-05,0.0,0.024553025567081926,0.0012137942961966805,1.1676277850227968e-06
e1_ip1_S11,H,17,5e-3/2e-3,-0.003894805908203125,-0.0038961032457222526,0.0003330942670070363,0.0005876591576885629,0.027778869101289107,0.001072841456541235,9.252982041578303e-06
e1_ip1_S11,H,18,5e-3/2e-3,-0.00437164306640625,-0.004368703997769631,0.0006723029744135676,0.000698080279232072,0.03102882821823371,0.0009604720545064717,2.086077350368616e-05
e1_ip1_S11,H,19,5e-3/2e-3,-0.004863739013671875,-0.004863386191060602,7.254143577216275e-05,0.0001568627450980749,0.03435157323739249,0.0008675679038552677,2.491912443673052e-06
e1_ip1_S11,H,20,5e-3/2e-3,-0.0053253173828125,-0.005326180183154678,0.0001620185765758401,0.0,0.037432720316228185,0.0007961570021074618,6.064796062996822e-06
e1_ip1_S11,H,21,5e-3/2e-3,-0.005825042724609375,-0.0058247504059525165,5.018309232712835e-05,0.0001309757694826755,0.040750583584650835,0.0007313348611508153,2.044990298412894e-06
e1_ip1_S11,H,22,5e-3/2e-3,-0.006317138671875,-0.006315867171608081,0.00020127787800190518,0.0,0.04398462917823432,0.0006775622062637034,8.853132825695687e-06
e1_ip1_S11,H,23,5e-3/2e-3,-0.006809234619140625,-0.006809036714337705,2.9064177398632288e-05,0.00011204481792719635,0.04719607210227222,0.0006314576840868183,1.3717150120990802e-06
e1_ip1_S11,H,24,5e-3/2e-3,-0.007274627685546875,-0.007271764730696319,0.00039355345377243824,0.0003146303093864232,0.05019435506965619,0.0005937385259027186,1.9754161797543283e-05
e1_ip1_S11,H,25,2e-3/1e-3,-0.00775909423828125,-0.007759192983237155,1.2726350895125581e-05,0.0,0.05329942295120319,0.0011182981254780188,6.783071589847217e-07
e1_ip1_S11,H,26,5e-3/2e-3,-0.008228302001953125,-0.00822875380158384,5.4908002964293534e-05,9.272137227622536e-05,0.05627864027047979,0.0005295494390849333,3.0901477467979136e-06
e1_ip1_S11,H,27,5e-3/2e-3,-0.008701324462890625,-0.008701343908529724,2.2347907128252646e-06,8.768084173600092e-05,0.0592564867018676,0.0005029377211922358,1.3242584615598752e-07
e1_ip1_S11,H,28,5e-3/2e-3,-0.009174346923828125,-0.009172789065010036,0.00016980596341333642,0.00024948024948021167,0.06221197536809312,0.00047904478537069787,1.0563964413225808e-05
e1_ip1_S11,H,29,5e-3/2e-3,-0.00965118408203125,-0.009651222875311796,4.019535863838755e-06,0.0,0.0651747337187075,0.0004572680345165871,2.6197217959848577e-07
e1_ip1_S11,H,30,5e-3/2e-3,-0.010089874267578125,-0.010089662770505586,2.0961318935256295e-05,7.561436672960987e-05,0.06786036599545539,0.0004391712592544988,1.4224427746939613e-06
e1_ip1_S11,H,31,5e-3/2e-3,-0.01052093505859375,-0.010521870608633445,8.892270834146877e-05,0.0,0.07047500871355256,0.00042287788155979657,6.266828645197705e-06
e1_ip1_S11,H,32,5e-3/2e-3,-0.010967254638671875,-0.010968632831541002,0.000125664344864123,6.956521739124108e-05,0.07317077391824073,0.0004072981710019319,9.194957367636582e-06
e1_ip1_S11,H,33,5e-3/2e-3,-0.01141357421875,-0.011413673252846621,8.676869727504013e-06,0.0,0.07584899155318048,0.00039291652766141027,6.581318186694993e-07
e1_ip1_S11,H,34,5e-3/2e-3,-0.011875152587890625,-0.01187566286632068,4.2970263015890605e-05,6.424670735618957e-05,0.0786107140873026,0.00037911272952689107,3.3779230601983693e-06
e1_ip1_S11,H,35,5e-3/2e-3,-0.012264251708984375,-0.012265599505837341,0.00010989637891879755,0.00018662519440121588,0.08087347173035724,0.0003685055401981526,8.887701693758e-06
e1_ip1_S11,H,36,5e-3/2e-3,-0.012714385986328125,-0.012715552548875344,9.175138685215721e-05,6.000600060000543e-05,0.08352177730733608,0.000356820979491748,7.663238900305118e-06
e1_ip1_S11,H,37,2e-3/1e-3,-0.0131378173828125,-0.013134647917406797,0.00024124748528237634,0.00029036004645760743,0.08598094218935041,0.0006932308864925796,2.0742686085390163e-05
e1_ip1_S11,H,38,5e-3/2e-3,-0.013576507568359375,-0.01357503624088623,0.00010837304555217357,5.619556055066538e-05,0.08852547648296713,0.0003366524934031783,9.593775495416467e-06
e1_ip1_S11,H,39,2e-3/1e-3,-0.0139923095703125,-0.013995393857310807,0.00022042729849626965,0.0002726281352235551,0.0909048372079744,0.000655681772346455,2.0037907685996974e-05
e1_ip1_S11,H,40,5e-3/2e-3,-0.014354705810546875,-0.014353092342736276,0.00011239992180216511,0.00015944724953492135,0.09292655784225076,0.00032070834301521005,1.0444937834813359e-05
root_mises,H,1,5e-3/2e-3,0.0,0.0,0.0,0.0,5.484316015042994e-299,5.434100133170697e+293,0.0
root_mises,H,2,5e-3/2e-3,0.0,0.0,0.0,0.0,2.742158007521497e-299,1.0868200266341394e+294,0.0
root_mises,H,3,5e-3/2e-3,0.0,0.0,0.0,0.0,1.8281052686279167e-299,1.6302301021244487e+294,0.0
root_mises,H,4,5e-3/2e-3,0.0,0.0,0.0,0.0,1.3710790037607484e-299,2.1736400532682787e+294,0.0
root_mises,H,5,5e-3/2e-3,0.0,0.0,0.0,0.0,1.0968631807147412e-299,2.717050121809671e+294,0.0
root_mises,H,6,5e-3/2e-3,0.0,0.0,0.0,0.0,9.140526343139583e-300,3.2604602042488975e+294,0.0
root_mises,H,7,5e-3/2e-3,2.4544054959108053e-05,2.5401747506380822e-05,0.07203911893134447,0.06776204438174259,0.00019631214867341982,0.15181089193452688,1.414215422595227e-05
root_mises,H,8,5e-3/2e-3,0.0002543339195320016,0.00025283126041388335,0.010599620294511135,0.014717001959651735,0.0020305078736413125,0.01467727496877457,2.152261246561311e-05
root_mises,H,9,5e-3/2e-3,0.0005826243995308289,0.0005827833771664496,0.004457997111258448,0.006186701113001296,0.0046389338181078415,0.006424390507871327,2.0680353560443877e-05
root_mises,H,10,5e-3/2e-3,0.0009099117382547206,0.0009074809582724056,0.0031624277849396413,0.0032109872749463784,0.007225552166127684,0.0041245736938145955,2.2850286931692998e-05
root_mises,H,11,5e-3/2e-3,0.0012522759596471644,0.0012535788882868516,0.002569699615351943,0.003252125845961756,0.00991589719539993,0.003005509415882293,2.548087720888861e-05
root_mises,H,12,5e-3/2e-3,0.0016338276571516985,0.0016308392463003146,0.0018290857290258673,0.001791586047521586,0.012896652050778347,0.0023108572884151485,2.3589082218290858e-05
root_mises,H,13,5e-3/2e-3,0.0020328438231445034,0.002032871668839217,0.001246884806139122,0.001536444002907331,0.015992357001420276,0.0018635353366016389,1.994062695942355e-05
root_mises,H,14,5e-3/2e-3,0.002459930608917915,0.0024607444849580485,0.001007732826878932,0.0010118595595987616,0.019283115881093573,0.0015455138355993316,1.9432228877888453e-05
root_mises,H,15,5e-3/2e-3,0.002902795456790841,0.0029022202859407416,0.0009045559066932835,0.0012267530317058972,0.02266954358917423,0.0013146414823246516,2.050586955562841e-05
root_mises,H,16,5e-3/2e-3,0.003357985628241522,0.0033613546319617047,0.0010032811611440928,0.000943636980702899,0.026122053538764702,0.0011408874246226143,2.620776420584001e-05
root_mises,H,17,5e-3/2e-3,0.0038205533241466583,0.0038237916855719725,0.0009460769100041452,0.001188386835204845,0.029602314357292894,0.0010067564997786446,2.8006066096119008e-05
root_mises,H,18,5e-3/2e-3,0.004294491642291121,0.0042951050166340305,0.0007538803966155019,0.0006634247618481447,0.033139947238480655,0.0008992869594279307,2.4983556567962603e-05
root_mises,H,19,5e-3/2e-3,0.004779498594480458,0.0047794824642444075,0.0007102882245817579,0.000603433770368336,0.036729655439246923,0.000811396731912995,2.6088641751442404e-05
root_mises,H,20,5e-3/2e-3,0.005241700688365825,0.005240605966778211,0.0006332663558672002,0.0008344259512903874,0.04011452491036464,0.0007429309571604847,2.5403179007330643e-05
root_mises,H,21,5e-3/2e-3,0.005731154567556018,0.005729221389324125,0.0004996053738675611,0.00047455075330623674,0.043675386495903294,0.0006823596716308565,2.1820457799095996e-05
root_mises,H,22,5e-3/2e-3,0.00621747620883184,0.006216257614663605,0.0005418663143117174,0.0006222573729850077,0.0471814281365077,0.000631653673167114,2.5566026568292592e-05
root_mises,H,23,5e-3/2e-3,0.0066937346578725965,0.006694210594051693,0.0005549295194579099,0.0005840590197132456,0.05058247859093008,0.0005891827213275221,2.8069710537454844e-05
root_mises,H,24,5e-3/2e-3,0.007155062504999421,0.007153866623533029,0.0004455589533787021,0.000578569767756696,0.05384159150122741,0.0005535186007088204,2.3989603157530506e-05
root_mises,H,25,5e-3/2e-3,0.007622638613170807,0.007622789752455264,0.00037329038133701597,0.00046634427536253756,0.05711853592404911,0.0005217627151249753,2.132180005650034e-05
root_mises,H,26,5e-3/2e-3,0.00808596189214228,0.008084726351624789,0.0003499798540919494,0.0003783054011018238,0.0603387860800206,0.0004939165058470321,2.1117359548370956e-05
root_mises,H,27,5e-3/2e-3,0.008546847798932333,0.008546768780903538,0.00035858425883029526,0.0004222583149690063,0.06351238471323829,0.0004692363941655528,2.277454139894113e-05
root_mises,H,28,5e-3/2e-3,0.00900270845034612,0.009004725719024253,0.0003202904369487642,0.00034917802523663484,0.06662192051526357,0.0004473350836661543,2.1338364032199606e-05
root_mises,H,29,5e-3/2e-3,0.009464580365595054,0.009464543195536856,0.0003261811904369244,0.0003094617578533647,0.06975292174955525,0.0004272555419929107,2.2752091052723566e-05
root_mises,H,30,5e-3/2e-3,0.009902273556491537,0.009902230522376935,0.00029631395713959965,0.00042705525706225876,0.07268262957963123,0.00041003362921870944,2.1536877586052248e-05
root_mises,H,31,5e-3/2e-3,0.010325044685316698,0.010323632181744008,0.00029502700008769884,0.00033490049085341646,0.07547988948915417,0.00039483791761483247,2.2268605362936182e-05
root_mises,H,32,5e-3/2e-3,0.010759647999861954,0.010759391838873878,0.0002519694796339809,0.00030606958551723324,0.07834105553787847,0.00038041767733504274,1.9739554997856034e-05
root_mises,H,33,5e-3/2e-3,0.011182812807248865,0.011182015932023798,0.0002668212391297425,0.0003419967656604967,0.08109805211569526,0.0003674850580280157,2.1638682756518245e-05
root_mises,H,34,5e-3/2e-3,0.011621243379963175,0.011619354267342355,0.00028790281551276017,0.0002562048741772812,0.08394617138637173,0.0003550170531366673,2.4168339093653127e-05
root_mises,H,35,5e-3/2e-3,0.012000672861418593,0.012003063017147512,0.0002512370238548511,0.0002977921780135732,0.08634680268114937,0.00034514679712861616,2.1693513724994047e-05
root_mises,H,36,5e-3/2e-3,0.012426547004309896,0.012424774845942671,0.0002806579858547046,0.000262617069737942,0.08906275077653461,0.000334621624953755,2.499617224762173e-05
root_mises,H,37,2e-3/1e-3,0.0128396044039647,0.012835842001666695,0.0004306939510934123,0.0005996769647169902,0.09166851771998338,0.000650219358378444,3.9481076087696125e-05
root_mises,H,38,5e-3/2e-3,0.01325538974392515,0.013257865229804476,0.0002261731544181438,0.00027401924880796926,0.09427699035123031,0.00031611448643689536,2.1322924296786668e-05
root_mises,H,39,2e-3/1e-3,0.013674291352742785,0.01367310223562353,0.0004038691694515424,0.00048046988970613697,0.09688971150996815,0.0006151803307749389,3.9130767315930385e-05
root_mises,H,40,5e-3/2e-3,0.014020235972772355,0.014022420587880313,0.00024315156125490924,0.0002522403334201234,0.09897224807330389,0.00030111796961126107,2.406525663993202e-05
